/* fujiconfigrom.h -- GENERATED by tools/mkromh.py, do not edit.
 *
 * The console client, a whole .nes file, baked into the cartridge firmware
 * as the resident image the loader copies into the SRAMs at power-on --
 * there is no filesystem to load it from and no network yet. Rebuild with:
 *   ./build.sh fujicfg && ./tools/mkromh.py build/fujicfg.nes \
 *       > firmware/include/fujiconfigrom.h
 */

#ifndef FUJICONFIGROM_H
#define FUJICONFIGROM_H

#define FUJI_CONFIGROM_SIZE 40976

static const unsigned char _configrom[FUJI_CONFIGROM_SIZE] = {
    0x4E, 0x45, 0x53, 0x1A, 0x02, 0x01, 0x03, 0x00, 0x00, 0x00, 0x00, 0x00,
    0x00, 0x00, 0x00, 0x00, 0x78, 0xD8, 0xA2, 0x00, 0x86, 0x70, 0x86, 0x72,
    0x86, 0x71, 0x86, 0x73, 0x9A, 0xA9, 0x20, 0x9D, 0x00, 0x02, 0x9D, 0x00,
    0x03, 0x9D, 0x00, 0x04, 0xE8, 0xD0, 0xF4, 0x20, 0x2B, 0xA7, 0x20, 0x04,
    0xA2, 0xA9, 0x00, 0xA2, 0x08, 0x85, 0x02, 0x86, 0x03, 0x20, 0x5D, 0x80,
    0x20, 0x74, 0xA1, 0x20, 0xF8, 0xA1, 0x4C, 0x00, 0x80, 0x48, 0x98, 0x48,
    0x8A, 0x48, 0xA9, 0x01, 0x85, 0x70, 0xE6, 0x6B, 0xD0, 0x02, 0xE6, 0x6C,
    0x20, 0xBE, 0xA4, 0xA9, 0x20, 0x8D, 0x06, 0x20, 0xA9, 0x00, 0x8D, 0x06,
    0x20, 0x8D, 0x05, 0x20, 0x8D, 0x05, 0x20, 0x68, 0xAA, 0x68, 0xA8, 0x68,
    0x40, 0xA0, 0x02, 0xF0, 0x07, 0xA9, 0xC7, 0xA2, 0x80, 0x4C, 0x0E, 0x60,
    0x60, 0x20, 0x7A, 0x80, 0x20, 0xAA, 0x80, 0xA9, 0x00, 0x85, 0x68, 0x85,
    0x69, 0x85, 0x6A, 0x4C, 0x59, 0xA2, 0xA9, 0xA8, 0x8D, 0x00, 0x20, 0xA9,
    0x1E, 0x8D, 0x01, 0x20, 0xAD, 0x02, 0x20, 0x10, 0xFB, 0xA9, 0x00, 0x8D,
    0x05, 0x20, 0x8D, 0x05, 0x20, 0xA9, 0x00, 0xA0, 0xF0, 0x8D, 0x03, 0x20,
    0xA2, 0x40, 0x8C, 0x04, 0x20, 0x8D, 0x04, 0x20, 0x8D, 0x04, 0x20, 0x8C,
    0x04, 0x20, 0xCA, 0xD0, 0xF1, 0x60, 0xAD, 0x02, 0x20, 0x10, 0xFB, 0xA9,
    0x3F, 0x8D, 0x06, 0x20, 0xA9, 0x00, 0x8D, 0x06, 0x20, 0xA2, 0x00, 0xBD,
    0xD6, 0xAA, 0x8D, 0x07, 0x20, 0xE8, 0xE0, 0x20, 0xD0, 0xF5, 0x60, 0x69,
    0x80, 0x20, 0x5C, 0xA5, 0xA9, 0x17, 0x20, 0x8D, 0x95, 0xA9, 0x01, 0x20,
    0x46, 0xA5, 0xA9, 0x17, 0x20, 0x46, 0xA5, 0xA0, 0x03, 0x20, 0x93, 0xA3,
    0x20, 0x6F, 0x95, 0x4C, 0x1D, 0xA3, 0x20, 0x5C, 0xA5, 0xA9, 0x19, 0x20,
    0x8D, 0x95, 0xA9, 0x01, 0x20, 0x46, 0xA5, 0xA9, 0x19, 0x20, 0x46, 0xA5,
    0xA0, 0x03, 0x20, 0x93, 0xA3, 0x20, 0x6F, 0x95, 0x4C, 0x1D, 0xA3, 0x20,
    0x5C, 0xA5, 0xA9, 0x17, 0x20, 0x8D, 0x95, 0xA9, 0x01, 0x20, 0x46, 0xA5,
    0xA9, 0x17, 0x20, 0x46, 0xA5, 0xA0, 0x03, 0x20, 0x93, 0xA3, 0x20, 0x6F,
    0x95, 0xA9, 0x1C, 0x20, 0x46, 0xA5, 0xA9, 0x17, 0x20, 0x46, 0xA5, 0xAD,
    0x02, 0x54, 0x20, 0xD9, 0x97, 0x4C, 0x1D, 0xA3, 0x20, 0x5C, 0xA5, 0x20,
    0x59, 0x95, 0xA9, 0x01, 0x20, 0x46, 0xA5, 0x20, 0x46, 0xA5, 0xA9, 0x7E,
    0xA2, 0xA7, 0x20, 0x6F, 0x95, 0xA0, 0x01, 0xB1, 0x02, 0x88, 0x11, 0x02,
    0xF0, 0x11, 0xA9, 0x01, 0x20, 0x46, 0xA5, 0xA9, 0x03, 0x20, 0x46, 0xA5,
    0xA8, 0x20, 0x93, 0xA3, 0x20, 0x6F, 0x95, 0x4C, 0x1D, 0xA3, 0x20, 0x46,
    0xA5, 0x20, 0x4F, 0x98, 0x20, 0x46, 0xA5, 0x20, 0x4F, 0x98, 0x38, 0xA0,
    0x00, 0xF1, 0x02, 0xC8, 0xD1, 0x02, 0x90, 0xF3, 0x4C, 0x1D, 0xA3, 0x20,
    0x46, 0xA5, 0xA0, 0x00, 0xB1, 0x02, 0x0A, 0x90, 0x16, 0xAD, 0x4F, 0x60,
    0xF0, 0x3B, 0x18, 0x69, 0x05, 0x20, 0x46, 0xA5, 0xA9, 0x00, 0x20, 0x03,
    0x97, 0xCE, 0x4F, 0x60, 0x4C, 0xB7, 0x81, 0xAD, 0x4F, 0x60, 0x18, 0x69,
    0x01, 0xCD, 0x50, 0x60, 0xB0, 0x1F, 0xAD, 0x4F, 0x60, 0x18, 0x69, 0x05,
    0x20, 0x46, 0xA5, 0xA9, 0x00, 0x20, 0x03, 0x97, 0xEE, 0x4F, 0x60, 0xAD,
    0x4F, 0x60, 0x18, 0x69, 0x05, 0x20, 0x46, 0xA5, 0xA9, 0x01, 0x20, 0x03,
    0x97, 0x4C, 0x0E, 0xA3, 0x20, 0x48, 0x98, 0x20, 0x51, 0x95, 0x20, 0x0E,
    0x9E, 0xAA, 0xD0, 0x14, 0xA9, 0x04, 0x20, 0x46, 0xA5, 0xA9, 0x08, 0x20,
    0x46, 0xA5, 0xA9, 0x94, 0xA2, 0xA7, 0x20, 0x6F, 0x95, 0x4C, 0xE5, 0x81,
    0xA9, 0x00, 0x8D, 0x4D, 0x60, 0xAD, 0x4D, 0x60, 0xF0, 0x13, 0xC9, 0x01,
    0xF0, 0x15, 0xC9, 0x02, 0xF0, 0x17, 0xC9, 0x04, 0xF0, 0x19, 0xC9, 0x05,
    0xF0, 0x1B, 0x4C, 0x23, 0x82, 0x20, 0x29, 0x82, 0x4C, 0xED, 0x81, 0x20,
    0xB6, 0x82, 0x4C, 0xED, 0x81, 0x20, 0x11, 0x83, 0x4C, 0xED, 0x81, 0x20,
    0x4A, 0x8A, 0x4C, 0xED, 0x81, 0x20, 0xC0, 0x8F, 0x4C, 0xED, 0x81, 0x20,
    0x50, 0x87, 0x4C, 0xED, 0x81, 0xA2, 0x50, 0xA9, 0x00, 0x20, 0x5C, 0xA5,
    0x20, 0x46, 0xA5, 0x20, 0xAA, 0x9D, 0xAA, 0xD0, 0x05, 0xA9, 0x03, 0x4C,
    0xB0, 0x82, 0xA9, 0x70, 0x20, 0x46, 0xA5, 0xA9, 0xFA, 0x20, 0x46, 0xA5,
    0xA9, 0x10, 0x20, 0x46, 0xA5, 0xA9, 0x00, 0x20, 0x46, 0xA5, 0x20, 0x46,
    0xA5, 0x20, 0x46, 0xA5, 0x20, 0x46, 0xA5, 0xA9, 0x07, 0x20, 0x9A, 0xA3,
    0x20, 0x5C, 0xA5, 0xA2, 0x00, 0xA9, 0x01, 0x20, 0x58, 0x9E, 0xAA, 0xD0,
    0x05, 0xA9, 0x03, 0x4C, 0xB0, 0x82, 0xA0, 0x00, 0xB1, 0x02, 0xC9, 0x03,
    0xF0, 0x36, 0xA9, 0x70, 0x20, 0x46, 0xA5, 0xA9, 0xFE, 0x20, 0x46, 0xA5,
    0xA9, 0x00, 0x20, 0x46, 0xA5, 0x20, 0x46, 0xA5, 0x20, 0x46, 0xA5, 0x20,
    0x46, 0xA5, 0x20, 0x46, 0xA5, 0x20, 0x58, 0xA5, 0x20, 0x58, 0x9E, 0xAA,
    0xF0, 0x10, 0xA0, 0x02, 0x20, 0x74, 0xA7, 0xA0, 0x00, 0xB1, 0x0A, 0xF0,
    0x05, 0xA9, 0x02, 0x4C, 0xB0, 0x82, 0xA9, 0x01, 0x8D, 0x4D, 0x60, 0x4C,
    0x2B, 0xA3, 0xA9, 0x00, 0x8D, 0x4F, 0x60, 0x20, 0xE6, 0x84, 0x4C, 0x09,
    0x83, 0x20, 0x55, 0x98, 0x20, 0x46, 0xA5, 0xA0, 0x00, 0xB1, 0x02, 0xC9,
    0x01, 0xF0, 0x13, 0xC9, 0x02, 0xF0, 0x17, 0xC9, 0x05, 0xF0, 0x1B, 0xC9,
    0x06, 0xF0, 0x26, 0xC9, 0x08, 0xF0, 0x19, 0x4C, 0x06, 0x83, 0xA9, 0xFF,
    0x20, 0x7B, 0x81, 0x4C, 0x06, 0x83, 0xA9, 0x01, 0x20, 0x7B, 0x81, 0x4C,
    0x06, 0x83, 0x20, 0x44, 0x86, 0x4C, 0x06, 0x83, 0x8C, 0x4F, 0x60, 0x20,
    0xE6, 0x84, 0x4C, 0x06, 0x83, 0xA9, 0x03, 0x8D, 0x4D, 0x60, 0x20, 0x0E,
    0xA3, 0xAD, 0x4D, 0x60, 0xC9, 0x01, 0xF0, 0xB1, 0x60, 0xA2, 0x50, 0xA9,
    0x00, 0x20, 0x5C, 0xA5, 0x20, 0x8F, 0xA2, 0xA9, 0x51, 0xA2, 0xA8, 0x20,
    0x30, 0x81, 0xA9, 0xA4, 0xA2, 0xA7, 0x20, 0xC9, 0x80, 0xA9, 0x70, 0x20,
    0x46, 0xA5, 0xA9, 0xFE, 0x20, 0x46, 0xA5, 0xA9, 0x00, 0x20, 0x46, 0xA5,
    0x20, 0x46, 0xA5, 0x20, 0x46, 0xA5, 0x20, 0x46, 0xA5, 0x20, 0x46, 0xA5,
    0x20, 0x58, 0xA5, 0x20, 0x58, 0x9E, 0xAA, 0xF0, 0x43, 0xA9, 0x00, 0xA0,
    0x01, 0x91, 0x02, 0xC9, 0x20, 0xB0, 0x0E, 0xA0, 0x04, 0x20, 0x74, 0xA7,
    0xA0, 0x01, 0xB1, 0x02, 0xA8, 0xB1, 0x0A, 0xD0, 0x05, 0xA9, 0x00, 0x4C,
    0x90, 0x83, 0xA0, 0x01, 0xB1, 0x02, 0x18, 0x69, 0x02, 0x20, 0x46, 0xA5,
    0xA9, 0x06, 0x20, 0x46, 0xA5, 0xA8, 0x20, 0x74, 0xA7, 0xA0, 0x03, 0xB1,
    0x02, 0xA8, 0xB1, 0x0A, 0x20, 0xCE, 0x95, 0xA0, 0x01, 0x18, 0x98, 0x71,
    0x02, 0x4C, 0x51, 0x83, 0xA0, 0x02, 0x91, 0x02, 0xC9, 0x14, 0x90, 0x03,
    0x4C, 0x74, 0x84, 0x20, 0x4F, 0x98, 0x20, 0x46, 0xA5, 0x4C, 0xC1, 0x83,
    0x20, 0x55, 0x98, 0x20, 0x46, 0xA5, 0xA0, 0x00, 0xB1, 0x02, 0xC9, 0x06,
    0xF0, 0x04, 0xC9, 0x05, 0xD0, 0x08, 0xA9, 0x01, 0x8D, 0x4D, 0x60, 0x4C,
    0x3F, 0xA3, 0x20, 0x0E, 0xA3, 0x20, 0x4F, 0x98, 0x38, 0xA0, 0x00, 0xF1,
    0x02, 0xC9, 0x78, 0x90, 0xD7, 0x98, 0xC8, 0x91, 0x02, 0xA9, 0x70, 0x20,
    0x46, 0xA5, 0xA9, 0xFA, 0x20, 0x46, 0xA5, 0xA9, 0x10, 0x20, 0x46, 0xA5,
    0xA9, 0x00, 0x20, 0x46, 0xA5, 0x20, 0x46, 0xA5, 0x20, 0x46, 0xA5, 0x20,
    0x46, 0xA5, 0xA9, 0x08, 0x20, 0x9A, 0xA3, 0x20, 0x5C, 0xA5, 0xA2, 0x00,
    0xA9, 0x01, 0x20, 0x58, 0x9E, 0xAA, 0xF0, 0x67, 0xA0, 0x01, 0xB1, 0x02,
    0xC9, 0x01, 0xF0, 0x23, 0xC9, 0x03, 0xF0, 0x0B, 0xC9, 0x04, 0xF0, 0x2F,
    0xC9, 0x05, 0xF0, 0x3F, 0x4C, 0x67, 0x84, 0xA9, 0x99, 0xA2, 0xA8, 0x20,
    0xC9, 0x80, 0xA9, 0x3C, 0x20, 0x62, 0x81, 0xA9, 0x03, 0x8D, 0x4D, 0x60,
    0x4C, 0x3A, 0xA3, 0xA9, 0x0F, 0xA2, 0xA8, 0x20, 0xC9, 0x80, 0xA9, 0x78,
    0x20, 0x62, 0x81, 0xA9, 0x01, 0x8D, 0x4D, 0x60, 0x4C, 0x3A, 0xA3, 0xA9,
    0x70, 0xA2, 0xA8, 0x20, 0xC9, 0x80, 0xA9, 0x78, 0x20, 0x62, 0x81, 0xA9,
    0x01, 0x8D, 0x4D, 0x60, 0x4C, 0x3A, 0xA3, 0xA9, 0x41, 0xA2, 0xA8, 0x20,
    0xC9, 0x80, 0xA9, 0x78, 0x20, 0x62, 0x81, 0xA9, 0x01, 0x8D, 0x4D, 0x60,
    0x4C, 0x3A, 0xA3, 0x20, 0x0E, 0xA3, 0xA0, 0x02, 0x18, 0xA9, 0x01, 0x71,
    0x02, 0x4C, 0x92, 0x83, 0xA9, 0xFD, 0xA2, 0xA7, 0x20, 0xC9, 0x80, 0xA9,
    0x78, 0x20, 0x62, 0x81, 0xA9, 0x01, 0x8D, 0x4D, 0x60, 0x4C, 0x35, 0xA3,
    0x20, 0x46, 0xA5, 0xA0, 0x00, 0xB1, 0x02, 0x20, 0x46, 0xA5, 0xA0, 0x00,
    0xB1, 0x02, 0x0A, 0xA2, 0x00, 0x90, 0x0B, 0xB1, 0x02, 0x10, 0x01, 0xCA,
    0x20, 0x58, 0xA4, 0x4C, 0xAB, 0x84, 0xB1, 0x02, 0x10, 0x01, 0xCA, 0x20,
    0x5C, 0xA5, 0xA9, 0x1A, 0x20, 0x46, 0xA5, 0xA0, 0x05, 0xB1, 0x02, 0x20,
    0x46, 0xA5, 0xA0, 0x04, 0xB1, 0x02, 0x0A, 0x90, 0x07, 0xA9, 0xAA, 0xA2,
    0xA8, 0x4C, 0xCC, 0x84, 0xA9, 0xAC, 0xA2, 0xA8, 0x20, 0x6F, 0x95, 0xA9,
    0x1B, 0x20, 0x46, 0xA5, 0xA0, 0x05, 0xB1, 0x02, 0x20, 0x46, 0xA5, 0xA0,
    0x03, 0x20, 0x93, 0xA3, 0x20, 0x60, 0x97, 0x4C, 0x35, 0xA3, 0xA2, 0x50,
    0xA9, 0x00, 0x20, 0x5C, 0xA5, 0x20, 0x79, 0xA2, 0xA9, 0x61, 0xA2, 0xA8,
    0x20, 0x30, 0x81, 0xA9, 0x8D, 0xA2, 0xA8, 0x20, 0xC9, 0x80, 0xA9, 0x19,
    0x20, 0x8D, 0x95, 0xA9, 0x00, 0x8D, 0x35, 0x61, 0xA9, 0x70, 0x20, 0x46,
    0xA5, 0xA9, 0xFD, 0x20, 0x46, 0xA5, 0xA9, 0x00, 0x20, 0x46, 0xA5, 0x20,
    0x46, 0xA5, 0x20, 0x46, 0xA5, 0x20, 0x46, 0xA5, 0x20, 0x46, 0xA5, 0x20,
    0x58, 0xA5, 0x20, 0x58, 0x9E, 0xAA, 0xF0, 0x17, 0xA0, 0x02, 0x20, 0x74,
    0xA7, 0xA0, 0x00, 0xB1, 0x0A, 0x8D, 0x35, 0x61, 0xC9, 0x10, 0x98, 0x90,
    0x07, 0xA9, 0x0F, 0x8D, 0x35, 0x61, 0x98, 0xA8, 0x91, 0x02, 0xCD, 0x35,
    0x61, 0x90, 0x03, 0x4C, 0xFA, 0x85, 0xB1, 0x02, 0x18, 0x69, 0x05, 0x20,
    0x46, 0xA5, 0x20, 0x79, 0xA2, 0xA9, 0x70, 0x20, 0x46, 0xA5, 0xA9, 0xFC,
    0x20, 0x46, 0xA5, 0xA9, 0x01, 0x20, 0x46, 0xA5, 0xA0, 0x05, 0xB1, 0x02,
    0x20, 0x46, 0xA5, 0xA9, 0x00, 0x20, 0x46, 0xA5, 0x20, 0x46, 0xA5, 0x20,
    0x46, 0xA5, 0x20, 0x58, 0xA5, 0x20, 0x58, 0x9E, 0xAA, 0xD0, 0x0D, 0xA0,
    0x02, 0xB1, 0x02, 0x8D, 0x35, 0x61, 0x20, 0x1D, 0xA3, 0x4C, 0xFA, 0x85,
    0xA9, 0x00, 0xA8, 0x91, 0x02, 0xC9, 0x18, 0xB0, 0x38, 0xA0, 0x04, 0x20,
    0x74, 0xA7, 0xA0, 0x00, 0xB1, 0x02, 0xA8, 0xB1, 0x0A, 0xF0, 0x2A, 0xA0,
    0x00, 0xB1, 0x02, 0x18, 0x69, 0x02, 0x20, 0x46, 0xA5, 0xA0, 0x02, 0xB1,
    0x02, 0x20, 0x46, 0xA5, 0xA0, 0x06, 0x20, 0x74, 0xA7, 0xA0, 0x02, 0xB1,
    0x02, 0xA8, 0xB1, 0x0A, 0x20, 0xCE, 0x95, 0xA0, 0x00, 0x18, 0xA9, 0x01,
    0x71, 0x02, 0x4C, 0x93, 0x85, 0xA0, 0x01, 0xB1, 0x02, 0x20, 0x46, 0xA5,
    0xA0, 0x05, 0x20, 0x93, 0xA3, 0xA0, 0x21, 0x20, 0x05, 0xA3, 0x85, 0x0A,
    0x86, 0x0B, 0xA0, 0x00, 0xB1, 0x0A, 0x20, 0x88, 0x84, 0x20, 0x1D, 0xA3,
    0xA0, 0x00, 0x18, 0xA9, 0x01, 0x71, 0x02, 0x4C, 0x44, 0x85, 0xA9, 0x02,
    0x20, 0x46, 0xA5, 0xAD, 0x35, 0x61, 0x18, 0x69, 0x05, 0x20, 0x46, 0xA5,
    0xA9, 0xD4, 0xA2, 0xA7, 0x20, 0x6F, 0x95, 0xAD, 0x35, 0x61, 0x18, 0x69,
    0x01, 0x8D, 0x50, 0x60, 0xA9, 0xBD, 0xA2, 0xA7, 0x20, 0xC9, 0x80, 0xA9,
    0x21, 0xA2, 0xA8, 0x20, 0xE6, 0x80, 0xAD, 0x4F, 0x60, 0xCD, 0x50, 0x60,
    0x90, 0x05, 0xA9, 0x00, 0x8D, 0x4F, 0x60, 0xAD, 0x4F, 0x60, 0x18, 0x69,
    0x05, 0x20, 0x46, 0xA5, 0xA9, 0x01, 0x20, 0x03, 0x97, 0x4C, 0x2B, 0xA3,
    0xA2, 0x50, 0xA9, 0x00, 0x20, 0x5C, 0xA5, 0x20, 0x79, 0xA2, 0xAD, 0x4F,
    0x60, 0xCD, 0x35, 0x61, 0x90, 0x03, 0x4C, 0xD7, 0x86, 0xA9, 0x70, 0x20,
    0x46, 0xA5, 0xA9, 0xFC, 0x20, 0x46, 0xA5, 0xA9, 0x01, 0x20, 0x46, 0xA5,
    0xAD, 0x4F, 0x60, 0x20, 0x46, 0xA5, 0xA9, 0x00, 0x20, 0x46, 0xA5, 0x20,
    0x46, 0xA5, 0x20, 0x46, 0xA5, 0x20, 0x58, 0xA5, 0x20, 0x58, 0x9E, 0xAA,
    0xD0, 0x0A, 0xA9, 0xCE, 0xA2, 0xA7, 0x20, 0x03, 0x81, 0x4C, 0x2B, 0xA3,
    0xA9, 0x00, 0xA8, 0x91, 0x02, 0xC9, 0x20, 0xB0, 0x37, 0xA0, 0x02, 0x20,
    0x74, 0xA7, 0xA0, 0x00, 0xB1, 0x02, 0xA8, 0xB1, 0x0A, 0xF0, 0x28, 0xA9,
    0xD5, 0xA2, 0x60, 0xA0, 0x00, 0x18, 0x71, 0x02, 0x90, 0x01, 0xE8, 0x85,
    0x04, 0x86, 0x05, 0xA0, 0x02, 0x20, 0x74, 0xA7, 0xA0, 0x00, 0xB1, 0x02,
    0xA8, 0xB1, 0x0A, 0xA0, 0x00, 0x91, 0x04, 0x18, 0xA9, 0x01, 0x71, 0x02,
    0x4C, 0x8F, 0x86, 0xA8, 0xB1, 0x02, 0xA8, 0xA9, 0x00, 0x99, 0xD5, 0x60,
    0x4C, 0x06, 0x87, 0xA9, 0x00, 0x8D, 0xB9, 0x64, 0xA9, 0xE9, 0xA2, 0xA7,
    0x20, 0x5C, 0xA5, 0xA9, 0x20, 0x20, 0x12, 0x99, 0xAA, 0xF0, 0x05, 0xAD,
    0xB9, 0x64, 0xD0, 0x06, 0x20, 0xE6, 0x84, 0x4C, 0x2B, 0xA3, 0xA9, 0xD5,
    0xA2, 0x60, 0x20, 0x5C, 0xA5, 0xA9, 0xB9, 0xA2, 0x64, 0x20, 0x6E, 0xA6,
    0xA9, 0x00, 0x8D, 0xB9, 0x64, 0xA9, 0x7F, 0xA2, 0xA8, 0x20, 0x5C, 0xA5,
    0xA9, 0x3F, 0x20, 0x12, 0x99, 0xAA, 0xD0, 0x06, 0x20, 0xE6, 0x84, 0x4C,
    0x2B, 0xA3, 0xA9, 0x31, 0xA2, 0xA8, 0x20, 0xC9, 0x80, 0xA9, 0xD5, 0xA2,
    0x60, 0x20, 0x5C, 0xA5, 0xA9, 0xB9, 0xA2, 0x64, 0x20, 0x5E, 0x94, 0xAA,
    0xD0, 0x12, 0xA9, 0xA4, 0xA2, 0xA8, 0x20, 0x03, 0x81, 0xA9, 0x78, 0x20,
    0x62, 0x81, 0x20, 0xE6, 0x84, 0x4C, 0x2B, 0xA3, 0xA9, 0x02, 0x8D, 0x4D,
    0x60, 0x4C, 0x2B, 0xA3, 0x20, 0xAF, 0x87, 0x4C, 0xA7, 0x87, 0x20, 0x55,
    0x98, 0x20, 0x46, 0xA5, 0xA0, 0x00, 0xB1, 0x02, 0xC9, 0x01, 0xF0, 0x17,
    0xC9, 0x02, 0xF0, 0x1B, 0xC9, 0x05, 0xF0, 0x1F, 0xC9, 0x06, 0xF0, 0x21,
    0xC9, 0x07, 0xF0, 0x2D, 0xC9, 0x08, 0xF0, 0x21, 0x4C, 0xA4, 0x87, 0xA9,
    0xFF, 0x20, 0x7B, 0x81, 0x4C, 0xA4, 0x87, 0xA9, 0x01, 0x20, 0x7B, 0x81,
    0x4C, 0xA4, 0x87, 0x20, 0xFE, 0x88, 0x4C, 0xA4, 0x87, 0xA9, 0x01, 0x8D,
    0x4D, 0x60, 0x4C, 0xA4, 0x87, 0xA9, 0x05, 0x8D, 0x4D, 0x60, 0x4C, 0xA4,
    0x87, 0x20, 0x82, 0x89, 0x20, 0x0E, 0xA3, 0xAD, 0x4D, 0x60, 0xC9, 0x03,
    0xF0, 0xA8, 0x60, 0x20, 0x79, 0xA2, 0xA9, 0x1C, 0xA2, 0xA9, 0x20, 0x30,
    0x81, 0xA9, 0xE6, 0xA2, 0xA8, 0x20, 0xC9, 0x80, 0xA9, 0xCD, 0xA2, 0xA8,
    0x20, 0xE6, 0x80, 0xA9, 0x70, 0x20, 0x46, 0xA5, 0xA9, 0xF4, 0x20, 0x46,
    0xA5, 0xA9, 0x00, 0x20, 0x46, 0xA5, 0x20, 0x46, 0xA5, 0x20, 0x46, 0xA5,
    0x20, 0x46, 0xA5, 0x20, 0x46, 0xA5, 0x20, 0x58, 0xA5, 0x20, 0x58, 0x9E,
    0xAA, 0xD0, 0x0F, 0xA9, 0x32, 0xA2, 0xA9, 0x20, 0x03, 0x81, 0xA9, 0x00,
    0x8D, 0x50, 0x60, 0x4C, 0x0E, 0xA3, 0xA9, 0x00, 0x8D, 0x54, 0x60, 0xA8,
    0x91, 0x02, 0xC9, 0x08, 0x90, 0x03, 0x4C, 0xD8, 0x88, 0xA2, 0x00, 0xB1,
    0x02, 0x20, 0x5C, 0xA1, 0x20, 0x54, 0xA1, 0x85, 0x0A, 0x86, 0x0B, 0x18,
    0xA5, 0x0A, 0x48, 0xA9, 0x50, 0x65, 0x0B, 0xAA, 0x68, 0x20, 0x5C, 0xA5,
    0xA0, 0x02, 0xB1, 0x02, 0x18, 0x69, 0x05, 0x20, 0x46, 0xA5, 0x20, 0x79,
    0xA2, 0xA0, 0x01, 0xB1, 0x02, 0x20, 0x8D, 0x95, 0xA9, 0x01, 0x20, 0x46,
    0xA5, 0xA0, 0x02, 0xB1, 0x02, 0x20, 0x46, 0xA5, 0xA0, 0x06, 0xA2, 0x00,
    0xB1, 0x02, 0x20, 0xF5, 0xA2, 0x20, 0x60, 0x97, 0xA0, 0x03, 0x20, 0x74,
    0xA7, 0xA0, 0x00, 0xB1, 0x0A, 0xD0, 0x16, 0xA9, 0x03, 0x20, 0x46, 0xA5,
    0xA0, 0x02, 0xB1, 0x02, 0x20, 0x46, 0xA5, 0xA9, 0x2A, 0xA2, 0xA9, 0x20,
    0x6F, 0x95, 0x4C, 0xCB, 0x88, 0x98, 0x91, 0x02, 0xB1, 0x02, 0xC9, 0x1D,
    0xB0, 0x3B, 0xA0, 0x03, 0x20, 0x74, 0xA7, 0xA0, 0x00, 0xB1, 0x02, 0xA8,
    0xB1, 0x0A, 0xD0, 0x03, 0x4C, 0xB5, 0x88, 0xA0, 0x00, 0xB1, 0x02, 0x18,
    0x69, 0x03, 0x20, 0x46, 0xA5, 0xA0, 0x02, 0xB1, 0x02, 0x20, 0x46, 0xA5,
    0xA0, 0x05, 0x20, 0x74, 0xA7, 0xA0, 0x02, 0xB1, 0x02, 0xA8, 0xB1, 0x0A,
    0x20, 0xCE, 0x95, 0xA0, 0x00, 0x18, 0xA9, 0x01, 0x71, 0x02, 0x4C, 0x72,
    0x88, 0xAD, 0x54, 0x60, 0x20, 0x5A, 0xA5, 0xA0, 0x06, 0xB1, 0x02, 0xA8,
    0xA9, 0x01, 0x20, 0x21, 0xA6, 0x20, 0x66, 0xA4, 0x8D, 0x54, 0x60, 0x20,
    0x30, 0xA3, 0xA0, 0x00, 0x18, 0xA9, 0x01, 0x71, 0x02, 0x4C, 0x00, 0x88,
    0xA9, 0x08, 0x8D, 0x50, 0x60, 0xA9, 0x01, 0x8D, 0x51, 0x60, 0xAD, 0x4F,
    0x60, 0xCD, 0x50, 0x60, 0x90, 0x03, 0x8C, 0x4F, 0x60, 0xAD, 0x4F, 0x60,
    0x18, 0x69, 0x05, 0x20, 0x46, 0xA5, 0xA9, 0x01, 0x20, 0x03, 0x97, 0x4C,
    0x0E, 0xA3, 0xAD, 0x54, 0x60, 0x20, 0x5A, 0xA5, 0xAC, 0x4F, 0x60, 0xA9,
    0x01, 0x20, 0x21, 0xA6, 0x20, 0x44, 0xA1, 0xC9, 0x00, 0xD0, 0x07, 0xA9,
    0xAE, 0xA2, 0xA8, 0x4C, 0xC9, 0x80, 0xA9, 0xFC, 0xA2, 0xA8, 0x20, 0xC9,
    0x80, 0xA9, 0x70, 0x20, 0x46, 0xA5, 0xA9, 0xF9, 0x20, 0x46, 0xA5, 0xA9,
    0x01, 0x20, 0x46, 0xA5, 0xAD, 0x4F, 0x60, 0x20, 0x46, 0xA5, 0xA9, 0x00,
    0x20, 0x46, 0xA5, 0x20, 0x46, 0xA5, 0x20, 0x46, 0xA5, 0x20, 0x58, 0xA5,
    0x20, 0x58, 0x9E, 0xAA, 0xD0, 0x07, 0xA9, 0x46, 0xA2, 0xA9, 0x4C, 0x03,
    0x81, 0xAD, 0x4F, 0x60, 0x8D, 0x4E, 0x60, 0xA9, 0x2F, 0x8D, 0x55, 0x60,
    0xA9, 0x00, 0x8D, 0x56, 0x60, 0x8D, 0xB9, 0x64, 0x8D, 0x52, 0x60, 0x8D,
    0x53, 0x60, 0x20, 0x99, 0x8B, 0xAA, 0xD0, 0x07, 0xA9, 0x40, 0xA2, 0xA9,
    0x4C, 0x03, 0x81, 0xA9, 0x00, 0x8D, 0x4F, 0x60, 0xA9, 0x04, 0x8D, 0x4D,
    0x60, 0x60, 0x20, 0x8F, 0xA2, 0xA9, 0x70, 0x20, 0x46, 0xA5, 0xA9, 0xF4,
    0x20, 0x46, 0xA5, 0xA9, 0x00, 0x20, 0x46, 0xA5, 0x20, 0x46, 0xA5, 0x20,
    0x46, 0xA5, 0x20, 0x46, 0xA5, 0x20, 0x46, 0xA5, 0x20, 0x58, 0xA5, 0x20,
    0x58, 0x9E, 0xAA, 0xD0, 0x0A, 0xA9, 0x32, 0xA2, 0xA9, 0x20, 0x03, 0x81,
    0x4C, 0x2B, 0xA3, 0xA2, 0x00, 0xAD, 0x4F, 0x60, 0x20, 0x5C, 0xA1, 0x20,
    0x54, 0xA1, 0x85, 0x0A, 0x86, 0x0B, 0x18, 0xA5, 0x0A, 0x48, 0xA9, 0x50,
    0x65, 0x0B, 0xAA, 0x68, 0xA0, 0x01, 0x20, 0x65, 0xA6, 0xA9, 0x00, 0xA8,
    0x91, 0x02, 0xC9, 0x1F, 0xB0, 0x37, 0xA0, 0x02, 0x20, 0x74, 0xA7, 0xA0,
    0x00, 0xB1, 0x02, 0xA8, 0xB1, 0x0A, 0xF0, 0x28, 0xA9, 0xB9, 0xA2, 0x64,
    0xA0, 0x00, 0x18, 0x71, 0x02, 0x90, 0x01, 0xE8, 0x85, 0x04, 0x86, 0x05,
    0xA0, 0x02, 0x20, 0x74, 0xA7, 0xA0, 0x00, 0xB1, 0x02, 0xA8, 0xB1, 0x0A,
    0xA0, 0x00, 0x91, 0x04, 0x18, 0xA9, 0x01, 0x71, 0x02, 0x4C, 0xD4, 0x89,
    0xA8, 0xB1, 0x02, 0xA8, 0xA9, 0x00, 0x99, 0xB9, 0x64, 0xA9, 0x0D, 0xA2,
    0xA9, 0x20, 0x5C, 0xA5, 0xA9, 0x1F, 0x20, 0x12, 0x99, 0xAA, 0xF0, 0x1C,
    0xAD, 0x4F, 0x60, 0x20, 0x46, 0xA5, 0xA9, 0xB9, 0xA2, 0x64, 0x20, 0x02,
    0x93, 0xAA, 0xD0, 0x0C, 0xA9, 0x39, 0xA2, 0xA9, 0x20, 0x03, 0x81, 0xA9,
    0x5A, 0x20, 0x62, 0x81, 0x20, 0xAF, 0x87, 0x4C, 0x2B, 0xA3, 0x20, 0xAD,
    0x8B, 0x4C, 0xE9, 0x8A, 0x20, 0x55, 0x98, 0x20, 0x46, 0xA5, 0xA0, 0x00,
    0xB1, 0x02, 0xC9, 0x01, 0xF0, 0x1F, 0xC9, 0x02, 0xF0, 0x23, 0xC9, 0x03,
    0xF0, 0x27, 0xC9, 0x04, 0xF0, 0x46, 0xC9, 0x05, 0xF0, 0x63, 0xC9, 0x06,
    0xF0, 0x65, 0xC9, 0x07, 0xF0, 0x67, 0xC9, 0x08, 0xF0, 0x69, 0x4C, 0xE6,
    0x8A, 0xA9, 0xFF, 0x20, 0x12, 0x8D, 0x4C, 0xE6, 0x8A, 0xA9, 0x01, 0x20,
    0x12, 0x8D, 0x4C, 0xE6, 0x8A, 0xAD, 0x52, 0x60, 0xC9, 0x10, 0xAD, 0x53,
    0x60, 0xE9, 0x00, 0x90, 0x4D, 0xAD, 0x52, 0x60, 0x38, 0xE9, 0x10, 0x8D,
    0x52, 0x60, 0xB0, 0x03, 0xCE, 0x53, 0x60, 0x8C, 0x4F, 0x60, 0x20, 0x17,
    0x8C, 0x4C, 0xE6, 0x8A, 0xAD, 0x50, 0x60, 0xF0, 0x31, 0xAD, 0x51, 0x60,
    0xD0, 0x2C, 0xA9, 0x10, 0x18, 0x6D, 0x52, 0x60, 0x8D, 0x52, 0x60, 0x90,
    0x03, 0xEE, 0x53, 0x60, 0x8C, 0x4F, 0x60, 0x20, 0x17, 0x8C, 0x4C, 0xE6,
    0x8A, 0x20, 0x18, 0x8E, 0x4C, 0xE6, 0x8A, 0x20, 0xB3, 0x8D, 0x4C, 0xE6,
    0x8A, 0x20, 0x94, 0x8F, 0x4C, 0xE6, 0x8A, 0x20, 0x02, 0x8C, 0x20, 0x0E,
    0xA3, 0xAD, 0x4D, 0x60, 0xC9, 0x04, 0xD0, 0x03, 0x4C, 0x50, 0x8A, 0x60,
    0x20, 0x5C, 0xA5, 0x20, 0x91, 0xA3, 0x20, 0xDB, 0x9D, 0x4C, 0x1D, 0xA3,
    0x20, 0x46, 0xA5, 0x20, 0xA9, 0xA2, 0xA9, 0x70, 0x20, 0x46, 0xA5, 0xA9,
    0xF6, 0x20, 0x46, 0xA5, 0xA9, 0x02, 0x20, 0x46, 0xA5, 0xA0, 0x08, 0xB1,
    0x02, 0x20, 0x46, 0xA5, 0xA9, 0x00, 0x20, 0x46, 0xA5, 0x20, 0x46, 0xA5,
    0x20, 0x46, 0xA5, 0x20, 0x58, 0xA5, 0x20, 0x58, 0x9E, 0xAA, 0xF0, 0x66,
    0xA2, 0x50, 0xA9, 0x00, 0xA0, 0x03, 0x20, 0x65, 0xA6, 0x85, 0x0A, 0x86,
    0x0B, 0xA8, 0xB1, 0x0A, 0xA0, 0x02, 0x91, 0x02, 0xA0, 0x04, 0x20, 0x93,
    0xA3, 0x20, 0xF5, 0xA2, 0x85, 0x0A, 0x86, 0x0B, 0xA0, 0x00, 0xB1, 0x0A,
    0xC8, 0x91, 0x02, 0xA0, 0x04, 0x20, 0x93, 0xA3, 0x20, 0xFC, 0xA2, 0x85,
    0x0A, 0x86, 0x0B, 0xA0, 0x00, 0xB1, 0x0A, 0x91, 0x02, 0xA0, 0x02, 0xB1,
    0x02, 0xC9, 0x7F, 0xD0, 0x0E, 0x88, 0xB1, 0x02, 0xC9, 0x7F, 0xD0, 0x06,
    0xA2, 0x00, 0x8A, 0x4C, 0x3A, 0xA3, 0xC8, 0xA2, 0x00, 0xB1, 0x02, 0xC9,
    0x2E, 0xD0, 0x0D, 0x88, 0xB1, 0x02, 0xF0, 0x0A, 0xC9, 0x2E, 0xD0, 0x04,
    0xA1, 0x02, 0xF0, 0x02, 0xA9, 0x01, 0x4C, 0x3A, 0xA3, 0xAD, 0x4E, 0x60,
    0x20, 0x46, 0xA5, 0xA9, 0x55, 0xA2, 0x60, 0x20, 0x5C, 0xA5, 0xA9, 0xB9,
    0xA2, 0x64, 0x4C, 0x65, 0x92, 0xA9, 0x55, 0xA2, 0x60, 0x20, 0x8D, 0xA6,
    0x20, 0x46, 0xA5, 0xA2, 0x00, 0x8A, 0x20, 0x30, 0x81, 0xA9, 0x01, 0x20,
    0x46, 0xA5, 0xA9, 0x03, 0x20, 0x46, 0xA5, 0xA0, 0x02, 0xB1, 0x02, 0xC9,
    0x1F, 0x90, 0x15, 0xA2, 0x00, 0xB1, 0x02, 0xA0, 0x1E, 0x20, 0x70, 0xA2,
    0x18, 0x69, 0x55, 0xA8, 0x8A, 0x69, 0x60, 0xAA, 0x98, 0x4C, 0xE8, 0x8B,
    0xA9, 0x55, 0xA2, 0x60, 0x20, 0x6F, 0x95, 0x20, 0xF4, 0x8B, 0x20, 0x17,
    0x8C, 0x4C, 0x0E, 0xA3, 0xA9, 0x4C, 0xA2, 0xA9, 0x20, 0xC9, 0x80, 0xA9,
    0x84, 0xA2, 0xA9, 0x4C, 0xE6, 0x80, 0x20, 0x89, 0x9D, 0xAD, 0x4E, 0x60,
    0x8D, 0x4F, 0x60, 0xA9, 0x03, 0x8D, 0x4D, 0x60, 0x60, 0x20, 0x89, 0x9D,
    0x4C, 0x99, 0x8B, 0x20, 0x8F, 0xA2, 0xAD, 0x52, 0x60, 0xAE, 0x53, 0x60,
    0x20, 0xF4, 0x8A, 0xAA, 0xD0, 0x0F, 0xA9, 0xDB, 0xA2, 0xA9, 0x20, 0x03,
    0x81, 0xA9, 0x00, 0x8D, 0x50, 0x60, 0x4C, 0x2B, 0xA3, 0xA9, 0x00, 0x8D,
    0x50, 0x60, 0x8D, 0x51, 0x60, 0xA8, 0x91, 0x02, 0xC9, 0x10, 0x90, 0x03,
    0x4C, 0xCB, 0x8C, 0xB1, 0x02, 0x18, 0x69, 0x05, 0x20, 0x46, 0xA5, 0x20,
    0x79, 0xA2, 0xA0, 0x01, 0xB1, 0x02, 0x20, 0x8D, 0x95, 0xA9, 0x1D, 0x20,
    0x00, 0x8B, 0xAA, 0xD0, 0x0B, 0xA9, 0x01, 0x8D, 0x51, 0x60, 0x20, 0x1D,
    0xA3, 0x4C, 0xCB, 0x8C, 0xA2, 0x50, 0xA9, 0x00, 0xA0, 0x03, 0x20, 0x65,
    0xA6, 0xA8, 0x91, 0x02, 0xC9, 0x1D, 0xB0, 0x38, 0xA0, 0x04, 0x20, 0x74,
    0xA7, 0xA0, 0x00, 0xB1, 0x02, 0xA8, 0xB1, 0x0A, 0xF0, 0x2A, 0xA0, 0x00,
    0xB1, 0x02, 0x18, 0x69, 0x02, 0x20, 0x46, 0xA5, 0xA0, 0x02, 0xB1, 0x02,
    0x20, 0x46, 0xA5, 0xA0, 0x06, 0x20, 0x74, 0xA7, 0xA0, 0x02, 0xB1, 0x02,
    0xA8, 0xB1, 0x0A, 0x20, 0xCE, 0x95, 0xA0, 0x00, 0x18, 0xA9, 0x01, 0x71,
    0x02, 0x4C, 0x76, 0x8C, 0xA0, 0x02, 0xB1, 0x02, 0x18, 0x69, 0x01, 0x8D,
    0x50, 0x60, 0x20, 0x1D, 0xA3, 0xA0, 0x00, 0x18, 0xA9, 0x01, 0x71, 0x02,
    0x4C, 0x3E, 0x8C, 0xAD, 0x50, 0x60, 0xD0, 0x20, 0xA9, 0x02, 0x20, 0x46,
    0xA5, 0xA9, 0x05, 0x20, 0x46, 0xA5, 0xAD, 0xB9, 0x64, 0xF0, 0x07, 0xA9,
    0xA8, 0xA2, 0xA9, 0x4C, 0xEA, 0x8C, 0xA9, 0xC0, 0xA2, 0xA9, 0x20, 0x6F,
    0x95, 0x4C, 0x2B, 0xA3, 0xAD, 0x4F, 0x60, 0xCD, 0x50, 0x60, 0x90, 0x09,
    0xAD, 0x50, 0x60, 0x38, 0xE9, 0x01, 0x8D, 0x4F, 0x60, 0xAD, 0x4F, 0x60,
    0x18, 0x69, 0x05, 0x20, 0x46, 0xA5, 0xA9, 0x01, 0x20, 0x03, 0x97, 0x4C,
    0x2B, 0xA3, 0x20, 0x46, 0xA5, 0xA0, 0x00, 0xB1, 0x02, 0x0A, 0x90, 0x48,
    0xAD, 0x50, 0x60, 0xF0, 0x24, 0xAD, 0x4F, 0x60, 0xF0, 0x1F, 0x18, 0x69,
    0x05, 0x20, 0x46, 0xA5, 0xA9, 0x00, 0x20, 0x03, 0x97, 0xCE, 0x4F, 0x60,
    0xAD, 0x4F, 0x60, 0x18, 0x69, 0x05, 0x20, 0x46, 0xA5, 0xA9, 0x01, 0x20,
    0x03, 0x97, 0x4C, 0x0E, 0xA3, 0xAD, 0x52, 0x60, 0xC9, 0x10, 0xAD, 0x53,
    0x60, 0xE9, 0x00, 0x90, 0x5F, 0xAD, 0x52, 0x60, 0x38, 0xE9, 0x10, 0x8D,
    0x52, 0x60, 0xB0, 0x03, 0xCE, 0x53, 0x60, 0xA9, 0x0F, 0x4C, 0xAA, 0x8D,
    0xAD, 0x50, 0x60, 0xF0, 0x47, 0xAD, 0x4F, 0x60, 0x18, 0x69, 0x01, 0xCD,
    0x50, 0x60, 0xB0, 0x22, 0xAD, 0x4F, 0x60, 0x18, 0x69, 0x05, 0x20, 0x46,
    0xA5, 0xA9, 0x00, 0x20, 0x03, 0x97, 0xEE, 0x4F, 0x60, 0xAD, 0x4F, 0x60,
    0x18, 0x69, 0x05, 0x20, 0x46, 0xA5, 0xA9, 0x01, 0x20, 0x03, 0x97, 0x4C,
    0x0E, 0xA3, 0xAD, 0x51, 0x60, 0xD0, 0x15, 0xA9, 0x10, 0x18, 0x6D, 0x52,
    0x60, 0x8D, 0x52, 0x60, 0x90, 0x03, 0xEE, 0x53, 0x60, 0x98, 0x8D, 0x4F,
    0x60, 0x20, 0x17, 0x8C, 0x4C, 0x0E, 0xA3, 0xA9, 0x55, 0xA2, 0x60, 0x20,
    0x8D, 0xA6, 0x20, 0x46, 0xA5, 0xA0, 0x00, 0xB1, 0x02, 0xC9, 0x02, 0xB0,
    0x08, 0x20, 0x02, 0x8C, 0x4C, 0x0E, 0xA3, 0xA0, 0x00, 0xB1, 0x02, 0x38,
    0xE9, 0x01, 0x91, 0x02, 0xB1, 0x02, 0xF0, 0x19, 0xA2, 0x00, 0xB1, 0x02,
    0x20, 0x69, 0xA2, 0x85, 0x0A, 0x8A, 0x18, 0x69, 0x60, 0x85, 0x0B, 0xA0,
    0x55, 0xB1, 0x0A, 0xC9, 0x2F, 0xD0, 0xDC, 0xA0, 0x00, 0xB1, 0x02, 0xA8,
    0xA9, 0x00, 0x99, 0x55, 0x60, 0x8D, 0x52, 0x60, 0x8D, 0x53, 0x60, 0x8D,
    0x4F, 0x60, 0x20, 0x11, 0x8C, 0xAA, 0xD0, 0x0A, 0xA9, 0xD5, 0xA2, 0xA9,
    0x20, 0x03, 0x81, 0x4C, 0x0E, 0xA3, 0x20, 0xAD, 0x8B, 0x4C, 0x0E, 0xA3,
    0x20, 0xC3, 0xA2, 0xAD, 0x50, 0x60, 0xD0, 0x03, 0x4C, 0x91, 0x8F, 0xA9,
    0xB5, 0xA2, 0xA9, 0x20, 0xC9, 0x80, 0xAD, 0x52, 0x60, 0xAE, 0x53, 0x60,
    0x18, 0x6D, 0x4F, 0x60, 0x90, 0x01, 0xE8, 0x20, 0xF4, 0x8A, 0xAA, 0xF0,
    0x08, 0xA9, 0x78, 0x20, 0x00, 0x8B, 0xAA, 0xD0, 0x0A, 0xA9, 0xCF, 0xA2,
    0xA9, 0x20, 0x03, 0x81, 0x4C, 0x3F, 0xA3, 0xA2, 0x50, 0xA9, 0x00, 0xA0,
    0x05, 0x20, 0x65, 0xA6, 0xAA, 0xA0, 0x02, 0x20, 0x65, 0xA6, 0x4C, 0x6A,
    0x8E, 0xA0, 0x02, 0xA2, 0x00, 0xA9, 0x01, 0x20, 0x27, 0xA1, 0xA0, 0x03,
    0xB1, 0x02, 0xC9, 0x00, 0xD0, 0x05, 0x88, 0xB1, 0x02, 0xC9, 0x78, 0xB0,
    0x18, 0xA0, 0x03, 0x20, 0x93, 0xA3, 0x18, 0xA0, 0x05, 0x71, 0x02, 0x85,
    0x0A, 0x8A, 0xC8, 0x71, 0x02, 0x85, 0x0B, 0xA0, 0x00, 0xB1, 0x0A, 0xD0,
    0xD0, 0xA0, 0x02, 0xB1, 0x02, 0xC8, 0x11, 0x02, 0xD0, 0x0A, 0xA9, 0xC8,
    0xA2, 0xA9, 0x20, 0x03, 0x81, 0x4C, 0x3F, 0xA3, 0x20, 0x93, 0xA3, 0x20,
    0x69, 0xA2, 0x18, 0xA0, 0x05, 0x71, 0x02, 0x85, 0x0A, 0x8A, 0xC8, 0x71,
    0x02, 0x85, 0x0B, 0xA0, 0x00, 0xB1, 0x0A, 0xC9, 0x2F, 0xF0, 0x03, 0x4C,
    0x86, 0x8F, 0xA9, 0x55, 0xA2, 0x60, 0x20, 0x8D, 0xA6, 0xA0, 0x04, 0x91,
    0x02, 0x85, 0x0A, 0x88, 0x20, 0x93, 0xA3, 0x18, 0x65, 0x0A, 0x90, 0x01,
    0xE8, 0xC9, 0x80, 0x8A, 0xE9, 0x00, 0xA9, 0x00, 0xAA, 0x90, 0x12, 0xA9,
    0x9A, 0xA2, 0xA9, 0x20, 0xC9, 0x80, 0xA9, 0x5A, 0x20, 0x62, 0x81, 0x20,
    0xF4, 0x8B, 0x4C, 0x3F, 0xA3, 0x20, 0x63, 0xA6, 0x20, 0x91, 0xA3, 0xA0,
    0x02, 0xD1, 0x02, 0x8A, 0xC8, 0xF1, 0x02, 0xB0, 0x38, 0xC8, 0xB1, 0x02,
    0x85, 0x0A, 0x20, 0x91, 0xA3, 0x18, 0x65, 0x0A, 0x90, 0x02, 0xE8, 0x18,
    0x69, 0x55, 0x85, 0x04, 0x8A, 0x69, 0x60, 0x85, 0x05, 0x20, 0x91, 0xA3,
    0x18, 0xA0, 0x05, 0x71, 0x02, 0x85, 0x0A, 0x8A, 0xC8, 0x71, 0x02, 0x85,
    0x0B, 0xA0, 0x00, 0xB1, 0x0A, 0x91, 0x04, 0xA2, 0x00, 0xA9, 0x01, 0x20,
    0x25, 0xA1, 0x4C, 0xF8, 0x8E, 0xC8, 0xB1, 0x02, 0x85, 0x0A, 0x88, 0x20,
    0x93, 0xA3, 0x18, 0x65, 0x0A, 0x90, 0x02, 0xE8, 0x18, 0x69, 0x55, 0x85,
    0x0A, 0x8A, 0x69, 0x60, 0x85, 0x0B, 0xA9, 0x00, 0xA8, 0x91, 0x0A, 0x8D,
    0x52, 0x60, 0x8D, 0x53, 0x60, 0x8D, 0x4F, 0x60, 0x20, 0x11, 0x8C, 0xAA,
    0xD0, 0x24, 0xA9, 0xD5, 0xA2, 0xA9, 0x20, 0x03, 0x81, 0xA9, 0x5A, 0x20,
    0x62, 0x81, 0xA0, 0x04, 0xB1, 0x02, 0xA8, 0xA9, 0x00, 0x99, 0x55, 0x60,
    0x20, 0x11, 0x8C, 0x4C, 0x8E, 0x8F, 0x20, 0x6B, 0x91, 0xA9, 0x78, 0x20,
    0x62, 0x81, 0x20, 0xAD, 0x8B, 0x4C, 0x3F, 0xA3, 0xA9, 0x00, 0x8D, 0xD7,
    0x64, 0xA9, 0x6B, 0xA2, 0xA9, 0x20, 0x5C, 0xA5, 0xA9, 0x1E, 0x20, 0x12,
    0x99, 0xA9, 0x00, 0x8D, 0x52, 0x60, 0x8D, 0x53, 0x60, 0x8D, 0x4F, 0x60,
    0x20, 0x11, 0x8C, 0xAA, 0xD0, 0x07, 0xA9, 0xD5, 0xA2, 0xA9, 0x20, 0x03,
    0x81, 0x4C, 0xAD, 0x8B, 0xA9, 0xF2, 0xA2, 0xA9, 0x20, 0x30, 0x81, 0xA9,
    0xFF, 0xA2, 0xA9, 0x20, 0xC9, 0x80, 0xA9, 0x70, 0x20, 0x46, 0xA5, 0xA9,
    0xC4, 0x20, 0x46, 0xA5, 0xA9, 0x00, 0x20, 0x46, 0xA5, 0x20, 0x46, 0xA5,
    0x20, 0x46, 0xA5, 0x20, 0x46, 0xA5, 0x20, 0x46, 0xA5, 0x20, 0x58, 0xA5,
    0x20, 0x58, 0x9E, 0xAA, 0xD0, 0x03, 0x4C, 0xC3, 0x90, 0xA9, 0x05, 0x20,
    0x46, 0xA5, 0xA9, 0x29, 0xA2, 0xAA, 0x20, 0x5C, 0xA5, 0x20, 0x58, 0xA5,
    0xA9, 0x16, 0x20, 0xEF, 0x90, 0xA9, 0x06, 0x20, 0x46, 0xA5, 0xA9, 0x2E,
    0xA2, 0xAA, 0x20, 0x5C, 0xA5, 0xA9, 0x21, 0x20, 0x5A, 0xA5, 0xA9, 0x16,
    0x20, 0xEF, 0x90, 0xA9, 0x08, 0x20, 0x46, 0xA5, 0xA9, 0x3B, 0xA2, 0xAA,
    0x20, 0x5C, 0xA5, 0xA9, 0x8C, 0x20, 0x5A, 0xA5, 0xA9, 0x0F, 0x20, 0xEF,
    0x90, 0xA9, 0x09, 0x20, 0x46, 0xA5, 0xA9, 0x12, 0xA2, 0xAA, 0x20, 0x5C,
    0xA5, 0xA9, 0x9C, 0x20, 0x5A, 0xA5, 0xA9, 0x0F, 0x20, 0xEF, 0x90, 0xA9,
    0x0A, 0x20, 0x46, 0xA5, 0xA9, 0x0A, 0xA2, 0xAA, 0x20, 0x5C, 0xA5, 0xA9,
    0xAC, 0x20, 0x5A, 0xA5, 0xA9, 0x0F, 0x20, 0xEF, 0x90, 0xA9, 0x0B, 0x20,
    0x46, 0xA5, 0xA9, 0x33, 0xA2, 0xAA, 0x20, 0x5C, 0xA5, 0xA9, 0xBC, 0x20,
    0x5A, 0xA5, 0xA9, 0x0F, 0x20, 0xEF, 0x90, 0xA9, 0x0D, 0x20, 0x46, 0xA5,
    0xA9, 0x37, 0xA2, 0xAA, 0x20, 0x5C, 0xA5, 0xA9, 0xCC, 0x20, 0x5A, 0xA5,
    0xA9, 0x11, 0x20, 0xEF, 0x90, 0xA9, 0x0E, 0x20, 0x46, 0xA5, 0xA9, 0x28,
    0xA2, 0xAA, 0x20, 0x5C, 0xA5, 0xA9, 0xDE, 0x20, 0x5A, 0xA5, 0xA9, 0x11,
    0x20, 0xEF, 0x90, 0xA9, 0x10, 0x20, 0x46, 0xA5, 0xA9, 0x1A, 0xA2, 0xAA,
    0x20, 0x5C, 0xA5, 0xA9, 0x7D, 0x20, 0x5A, 0xA5, 0xA9, 0x0E, 0x20, 0xEF,
    0x90, 0xA9, 0xE1, 0xA2, 0xA9, 0x20, 0xC9, 0x80, 0x4C, 0xE7, 0x90, 0xA9,
    0x22, 0xA2, 0xAA, 0x20, 0x03, 0x81, 0x4C, 0xE7, 0x90, 0x20, 0x55, 0x98,
    0x20, 0x46, 0xA5, 0xA0, 0x00, 0xB1, 0x02, 0xC9, 0x05, 0xF0, 0x04, 0xC9,
    0x06, 0xD0, 0x05, 0xA9, 0x03, 0x8D, 0x4D, 0x60, 0x20, 0x0E, 0xA3, 0xAD,
    0x4D, 0x60, 0xC9, 0x05, 0xF0, 0xDF, 0x60, 0x20, 0x46, 0xA5, 0x18, 0xA0,
    0x01, 0xB1, 0x02, 0x48, 0xA9, 0x50, 0xC8, 0x71, 0x02, 0xAA, 0x68, 0x20,
    0x5C, 0xA5, 0x20, 0x79, 0xA2, 0xA9, 0x01, 0x20, 0x46, 0xA5, 0xA0, 0x09,
    0xB1, 0x02, 0x20, 0x46, 0xA5, 0xA0, 0x09, 0x20, 0x93, 0xA3, 0x20, 0x6F,
    0x95, 0xA9, 0x00, 0xA8, 0x91, 0x02, 0xA0, 0x03, 0xD1, 0x02, 0xB0, 0x42,
    0x88, 0x20, 0x74, 0xA7, 0xA0, 0x00, 0xB1, 0x02, 0xA8, 0xB1, 0x0A, 0x20,
    0x46, 0xA5, 0xA0, 0x00, 0xB1, 0x02, 0xD0, 0x06, 0x20, 0x0E, 0xA3, 0x4C,
    0x66, 0x91, 0xC8, 0xA2, 0x00, 0xB1, 0x02, 0xA0, 0x0A, 0x20, 0x05, 0xA3,
    0x20, 0x46, 0xA5, 0xA0, 0x0A, 0xB1, 0x02, 0x20, 0x46, 0xA5, 0xA0, 0x02,
    0xB1, 0x02, 0x20, 0xCE, 0x95, 0x20, 0x0E, 0xA3, 0xA0, 0x00, 0x18, 0xA9,
    0x01, 0x71, 0x02, 0x4C, 0x1C, 0x91, 0xA0, 0x09, 0x4C, 0x37, 0xA1, 0xA9,
    0x4A, 0xA2, 0xAA, 0x20, 0xC9, 0x80, 0xA9, 0x00, 0x20, 0x46, 0xA5, 0xAD,
    0x4E, 0x60, 0x20, 0x46, 0xA5, 0xA9, 0x01, 0x20, 0x46, 0xA5, 0xA9, 0x55,
    0xA2, 0x60, 0x20, 0x5C, 0xA5, 0xA2, 0x50, 0xA9, 0x00, 0x20, 0xA0, 0x93,
    0xAA, 0xD0, 0x07, 0xA9, 0x73, 0xA2, 0xAA, 0x4C, 0x03, 0x81, 0x4C, 0x9D,
    0x91, 0xA9, 0xFF, 0x20, 0x46, 0xA5, 0xA9, 0x3E, 0xA2, 0xAA, 0x20, 0xC9,
    0x80, 0xA9, 0x70, 0x20, 0x46, 0xA5, 0xA9, 0xF8, 0x20, 0x46, 0xA5, 0xA9,
    0x02, 0x20, 0x46, 0xA5, 0xA9, 0x00, 0x20, 0x46, 0xA5, 0xA9, 0x01, 0x20,
    0x46, 0xA5, 0xA9, 0x00, 0x20, 0x46, 0xA5, 0x20, 0x46, 0xA5, 0x20, 0x58,
    0xA5, 0x20, 0x58, 0x9E, 0xAA, 0xD0, 0x0A, 0xA9, 0x66, 0xA2, 0xAA, 0x20,
    0x03, 0x81, 0x4C, 0x0E, 0xA3, 0xA9, 0x56, 0xA2, 0xAA, 0x20, 0xC9, 0x80,
    0x20, 0x28, 0x9E, 0x20, 0x46, 0xA5, 0xA0, 0x00, 0xB1, 0x02, 0xC9, 0x02,
    0xD0, 0x06, 0x20, 0x0E, 0xA3, 0x4C, 0x53, 0x92, 0xB1, 0x02, 0xC9, 0x80,
    0xD0, 0x29, 0xA9, 0x17, 0x20, 0x8D, 0x95, 0xA9, 0x01, 0x20, 0x46, 0xA5,
    0xA9, 0x17, 0x20, 0x46, 0xA5, 0xA9, 0x6D, 0xA2, 0xAA, 0x20, 0x6F, 0x95,
    0xA9, 0x1C, 0x20, 0x46, 0xA5, 0xA9, 0x17, 0x20, 0x46, 0xA5, 0x20, 0x34,
    0x9E, 0x20, 0xD9, 0x97, 0x4C, 0x1D, 0xA3, 0x20, 0x2E, 0x9E, 0xA0, 0x01,
    0xD1, 0x02, 0xD0, 0x03, 0x8A, 0xF0, 0x1A, 0x20, 0x2E, 0x9E, 0xA0, 0x01,
    0x91, 0x02, 0xA9, 0x18, 0x20, 0x46, 0xA5, 0xA9, 0x17, 0x20, 0x46, 0xA5,
    0xA0, 0x03, 0xA2, 0x00, 0xB1, 0x02, 0x20, 0x60, 0x97, 0x20, 0x0E, 0xA3,
    0x4C, 0xE4, 0x91, 0xA9, 0x5E, 0xA2, 0xAA, 0x20, 0xC9, 0x80, 0xA9, 0x0A,
    0x20, 0x62, 0x81, 0x20, 0x3A, 0x9E, 0x4C, 0x0E, 0xA3, 0x20, 0x5C, 0xA5,
    0xA9, 0x02, 0x20, 0x5A, 0xA5, 0x20, 0x82, 0xA2, 0xA9, 0xF7, 0x20, 0x8C,
    0x94, 0xA0, 0x08, 0xB1, 0x02, 0x20, 0x46, 0xA5, 0xA9, 0x01, 0x20, 0xBB,
    0x94, 0xA0, 0x07, 0x20, 0x93, 0xA3, 0x20, 0x63, 0xA6, 0x20, 0x72, 0xA7,
    0xA0, 0x00, 0xB1, 0x0A, 0xF0, 0x1D, 0x20, 0x72, 0xA7, 0xA0, 0x00, 0xB1,
    0x0A, 0x20, 0x8B, 0xA0, 0xA2, 0x00, 0xA9, 0x01, 0x20, 0x25, 0xA1, 0xA0,
    0x02, 0xA2, 0x00, 0xA9, 0x01, 0x20, 0x27, 0xA1, 0x4C, 0x89, 0x92, 0x20,
    0x8B, 0xA0, 0xA0, 0x05, 0x20, 0x93, 0xA3, 0x20, 0x63, 0xA6, 0x20, 0x72,
    0xA7, 0xA0, 0x00, 0xB1, 0x0A, 0xF0, 0x1F, 0x20, 0x72, 0xA7, 0xA0, 0x00,
    0xB1, 0x0A, 0x20, 0x8B, 0xA0, 0xA2, 0x00, 0xA9, 0x01, 0x20, 0x25, 0xA1,
    0xA0, 0x02, 0xA2, 0x00, 0xA9, 0x01, 0x20, 0x27, 0xA1, 0x4C, 0xBA, 0x92,
    0xA9, 0x00, 0x20, 0x8B, 0xA0, 0xA0, 0x03, 0x20, 0x93, 0xA3, 0xE0, 0x01,
    0x20, 0xC5, 0xA3, 0x08, 0xA0, 0x02, 0xA9, 0x01, 0x20, 0x27, 0xA1, 0x28,
    0xD0, 0xE6, 0x20, 0x3A, 0x95, 0xA0, 0x09, 0x4C, 0x37, 0xA1, 0x20, 0x5C,
    0xA5, 0x20, 0x9C, 0xA2, 0xA9, 0x70, 0x20, 0x46, 0xA5, 0xA9, 0xF4, 0x20,
    0x46, 0xA5, 0xA9, 0x00, 0x20, 0x46, 0xA5, 0x20, 0x46, 0xA5, 0x20, 0x46,
    0xA5, 0x20, 0x46, 0xA5, 0x20, 0x46, 0xA5, 0x20, 0x58, 0xA5, 0x20, 0x58,
    0x9E, 0xAA, 0xF0, 0x71, 0xA9, 0xF3, 0x20, 0x8C, 0x94, 0xA9, 0x00, 0xA0,
    0x01, 0x91, 0x02, 0xC9, 0x08, 0xB0, 0x5F, 0xB1, 0x02, 0xA0, 0x06, 0xD1,
    0x02, 0xD0, 0x0E, 0xC8, 0x20, 0x83, 0xA5, 0xA2, 0x00, 0xA9, 0x20, 0x20,
    0xD9, 0x94, 0x4C, 0x91, 0x93, 0xA0, 0x01, 0xA2, 0x00, 0xB1, 0x02, 0x20,
    0x5C, 0xA1, 0x20, 0x54, 0xA1, 0x85, 0x0A, 0x86, 0x0B, 0x18, 0xA5, 0x0A,
    0x48, 0xA9, 0x50, 0x65, 0x0B, 0xAA, 0x68, 0xC8, 0x20, 0x65, 0xA6, 0xA9,
    0x00, 0xA8, 0x91, 0x02, 0xC9, 0x20, 0xB0, 0x19, 0xA0, 0x03, 0x20, 0x74,
    0xA7, 0xA0, 0x00, 0xB1, 0x02, 0xA8, 0xB1, 0x0A, 0x20, 0x8B, 0xA0, 0xA0,
    0x00, 0x18, 0xA9, 0x01, 0x71, 0x02, 0x4C, 0x72, 0x93, 0xA0, 0x01, 0x18,
    0x98, 0x71, 0x02, 0x4C, 0x35, 0x93, 0x20, 0x3A, 0x95, 0x4C, 0x3F, 0xA3,
    0x20, 0x5C, 0xA5, 0x20, 0x58, 0xA5, 0xA9, 0xE2, 0x20, 0x8C, 0x94, 0xA0,
    0x08, 0xB1, 0x02, 0x20, 0x46, 0xA5, 0xA9, 0x01, 0x20, 0xBB, 0x94, 0xA0,
    0x07, 0xB1, 0x02, 0x20, 0x46, 0xA5, 0xA9, 0x02, 0x20, 0xBB, 0x94, 0xA0,
    0x06, 0xB1, 0x02, 0x20, 0x46, 0xA5, 0xA9, 0x03, 0x20, 0xBB, 0x94, 0x4C,
    0xF0, 0x93, 0xA0, 0x05, 0x20, 0x74, 0xA7, 0xA0, 0x00, 0xB1, 0x0A, 0x48,
    0xA0, 0x04, 0xA2, 0x00, 0xA9, 0x01, 0x20, 0x27, 0xA1, 0x68, 0x20, 0x8B,
    0xA0, 0xA2, 0x00, 0xA9, 0x01, 0x20, 0x25, 0xA1, 0xA0, 0x05, 0x20, 0x74,
    0xA7, 0xA0, 0x00, 0xB1, 0x0A, 0xF0, 0x3B, 0x20, 0x91, 0xA3, 0xE0, 0x01,
    0x90, 0xD0, 0x4C, 0x36, 0x94, 0xA0, 0x03, 0x20, 0x74, 0xA7, 0xA0, 0x00,
    0xB1, 0x0A, 0x20, 0x46, 0xA5, 0xA0, 0x03, 0xA2, 0x00, 0xA9, 0x01, 0x20,
    0x27, 0xA1, 0xA0, 0x00, 0xB1, 0x02, 0xD0, 0x06, 0x20, 0x0E, 0xA3, 0x4C,
    0x45, 0x94, 0xB1, 0x02, 0x20, 0x8B, 0xA0, 0xA0, 0x01, 0xA2, 0x00, 0x98,
    0x20, 0x27, 0xA1, 0x20, 0x0E, 0xA3, 0x20, 0x91, 0xA3, 0xE0, 0x01, 0x90,
    0xC8, 0x4C, 0x45, 0x94, 0xA9, 0x00, 0x20, 0x8B, 0xA0, 0x20, 0x91, 0xA3,
    0xE0, 0x01, 0x20, 0xC5, 0xA3, 0x08, 0xA9, 0x01, 0x20, 0x25, 0xA1, 0x28,
    0xD0, 0xEA, 0x20, 0x3A, 0x95, 0xA0, 0x09, 0x4C, 0x37, 0xA1, 0x20, 0x5C,
    0xA5, 0xA9, 0xFB, 0x20, 0x8C, 0x94, 0xA9, 0x00, 0x20, 0x46, 0xA5, 0xA9,
    0x01, 0x20, 0xBB, 0x94, 0xA0, 0x05, 0x20, 0x83, 0xA5, 0xA2, 0x00, 0xA9,
    0x21, 0x20, 0xD9, 0x94, 0x20, 0x81, 0xA5, 0xA2, 0x00, 0xA9, 0x40, 0x20,
    0xD9, 0x94, 0x20, 0x3A, 0x95, 0x4C, 0x30, 0xA3, 0x20, 0x46, 0xA5, 0xA9,
    0x05, 0x20, 0x46, 0xA5, 0xA9, 0x00, 0x20, 0x98, 0xA0, 0xA9, 0x00, 0x20,
    0x46, 0xA5, 0xA9, 0x70, 0x20, 0x98, 0xA0, 0xA9, 0x01, 0x20, 0x46, 0xA5,
    0xA8, 0xB1, 0x02, 0x20, 0x98, 0xA0, 0xA9, 0x02, 0x20, 0x46, 0xA5, 0xA9,
    0x00, 0x20, 0x98, 0xA0, 0x4C, 0x0E, 0xA3, 0x20, 0x46, 0xA5, 0xA9, 0x01,
    0x20, 0x8B, 0xA0, 0xA0, 0x01, 0xB1, 0x02, 0x20, 0x8B, 0xA0, 0xA9, 0x02,
    0x20, 0x46, 0xA5, 0xA0, 0x01, 0xB1, 0x02, 0x20, 0x98, 0xA0, 0x4C, 0x1D,
    0xA3, 0x20, 0x5C, 0xA5, 0x20, 0x58, 0xA5, 0x4C, 0x00, 0x95, 0xA0, 0x05,
    0x20, 0x74, 0xA7, 0xA0, 0x00, 0xB1, 0x0A, 0x48, 0xA0, 0x04, 0xA2, 0x00,
    0xA9, 0x01, 0x20, 0x27, 0xA1, 0x68, 0x20, 0x8B, 0xA0, 0xA2, 0x00, 0xA9,
    0x01, 0x20, 0x25, 0xA1, 0xA0, 0x05, 0x20, 0x74, 0xA7, 0xA0, 0x00, 0xB1,
    0x0A, 0xF0, 0x15, 0x20, 0x91, 0xA3, 0xA0, 0x02, 0xD1, 0x02, 0x8A, 0xC8,
    0xF1, 0x02, 0x90, 0xCA, 0x4C, 0x20, 0x95, 0xA9, 0x00, 0x20, 0x8B, 0xA0,
    0x20, 0x91, 0xA3, 0xA0, 0x02, 0xD1, 0x02, 0x8A, 0xC8, 0xF1, 0x02, 0x20,
    0xC5, 0xA3, 0x08, 0xA9, 0x01, 0x20, 0x25, 0xA1, 0x28, 0xD0, 0xE4, 0x4C,
    0x3A, 0xA3, 0x20, 0xA9, 0xA0, 0xC9, 0x00, 0xD0, 0x07, 0xAD, 0x03, 0x54,
    0xC9, 0x06, 0xF0, 0x04, 0xA2, 0x00, 0x8A, 0x60, 0xA9, 0x01, 0xA2, 0x00,
    0x60, 0xA9, 0x00, 0x20, 0x9D, 0xA5, 0x4C, 0x59, 0x95, 0x20, 0xAF, 0xA1,
    0xA9, 0x36, 0xA2, 0x61, 0x20, 0x5C, 0xA5, 0xA9, 0x20, 0x20, 0x5A, 0xA5,
    0xA2, 0x03, 0xA9, 0x80, 0x4C, 0xDA, 0xA3, 0x20, 0x5C, 0xA5, 0xA0, 0x03,
    0xB1, 0x02, 0x20, 0x46, 0xA5, 0xA0, 0x03, 0xB1, 0x02, 0x20, 0x46, 0xA5,
    0xA0, 0x05, 0x20, 0x83, 0xA5, 0xA9, 0x00, 0x20, 0xEE, 0x95, 0x4C, 0x30,
    0xA3, 0x20, 0x46, 0xA5, 0xA0, 0x00, 0xB1, 0x02, 0xC9, 0x1C, 0xB0, 0x33,
    0x98, 0x20, 0x9D, 0xA5, 0xA9, 0x00, 0x20, 0x46, 0xA5, 0xA0, 0x01, 0xB1,
    0x02, 0x20, 0x46, 0xA5, 0xA9, 0x20, 0x20, 0x8B, 0xA1, 0xA2, 0x00, 0xA1,
    0x02, 0x20, 0x5C, 0xA1, 0x20, 0x54, 0xA1, 0x18, 0x69, 0x36, 0xA8, 0x8A,
    0x69, 0x61, 0xAA, 0x98, 0x20, 0x5C, 0xA5, 0xA9, 0x20, 0x20, 0x5A, 0xA5,
    0x20, 0xDA, 0xA3, 0x4C, 0x0E, 0xA3, 0x20, 0x46, 0xA5, 0xA0, 0x02, 0xB1,
    0x02, 0x20, 0x46, 0xA5, 0xA0, 0x02, 0xB1, 0x02, 0x20, 0x46, 0xA5, 0xA0,
    0x02, 0xB1, 0x02, 0x20, 0x46, 0xA5, 0xA9, 0x00, 0x20, 0x93, 0x96, 0x4C,
    0x2B, 0xA3, 0x20, 0x46, 0xA5, 0xA0, 0x03, 0xB1, 0x02, 0xC9, 0x1C, 0x90,
    0x03, 0x4C, 0x90, 0x96, 0xC8, 0xB1, 0x02, 0xC9, 0x20, 0x90, 0x03, 0x4C,
    0x90, 0x96, 0xA0, 0x00, 0xB1, 0x02, 0xF0, 0x02, 0xA9, 0x01, 0x20, 0x9D,
    0xA5, 0xA0, 0x04, 0xB1, 0x02, 0x20, 0x46, 0xA5, 0xA0, 0x04, 0xB1, 0x02,
    0x20, 0xE8, 0xA2, 0x4C, 0x78, 0x96, 0xA0, 0x02, 0x20, 0x74, 0xA7, 0xA0,
    0x00, 0xB1, 0x0A, 0x48, 0xC8, 0xA2, 0x00, 0x98, 0x20, 0x27, 0xA1, 0x68,
    0x20, 0x2B, 0x98, 0x20, 0x46, 0xA5, 0xA0, 0x00, 0xB1, 0x02, 0x20, 0x36,
    0xA2, 0xA0, 0x04, 0xA2, 0x00, 0xB1, 0x02, 0x20, 0x5C, 0xA1, 0x20, 0x54,
    0xA1, 0x18, 0x69, 0x36, 0x85, 0x0A, 0x8A, 0x69, 0x61, 0x85, 0x0B, 0xC8,
    0xB1, 0x02, 0x18, 0x65, 0x0A, 0xA6, 0x0B, 0x90, 0x01, 0xE8, 0x85, 0x0A,
    0x86, 0x0B, 0xA0, 0x00, 0xB1, 0x02, 0x91, 0x0A, 0xA0, 0x05, 0x18, 0xA9,
    0x01, 0x71, 0x02, 0x91, 0x02, 0x20, 0x0E, 0xA3, 0xA0, 0x02, 0x20, 0x74,
    0xA7, 0xA0, 0x00, 0xB1, 0x0A, 0xF0, 0x0A, 0xA0, 0x04, 0xB1, 0x02, 0xC9,
    0x20, 0x90, 0x97, 0xA9, 0x00, 0x20, 0x9D, 0xA5, 0x4C, 0x35, 0xA3, 0x20,
    0x46, 0xA5, 0xA0, 0x02, 0xB1, 0x02, 0xC9, 0x1C, 0xB0, 0x62, 0xC8, 0xB1,
    0x02, 0xC9, 0x20, 0xB0, 0x5B, 0xA0, 0x01, 0xB1, 0x02, 0x20, 0x2B, 0x98,
    0xA0, 0x01, 0x91, 0x02, 0x88, 0xB1, 0x02, 0xF0, 0x02, 0xA9, 0x01, 0x20,
    0x9D, 0xA5, 0xA0, 0x03, 0xB1, 0x02, 0x20, 0x46, 0xA5, 0xA0, 0x03, 0xB1,
    0x02, 0x20, 0x46, 0xA5, 0xA0, 0x03, 0xB1, 0x02, 0x20, 0x31, 0xA2, 0xA9,
    0x00, 0x20, 0x9D, 0xA5, 0xA0, 0x02, 0xA2, 0x00, 0xB1, 0x02, 0x20, 0x5C,
    0xA1, 0x20, 0x54, 0xA1, 0x18, 0x69, 0x36, 0x85, 0x0A, 0x8A, 0x69, 0x61,
    0x85, 0x0B, 0xC8, 0xB1, 0x02, 0x18, 0x65, 0x0A, 0xA6, 0x0B, 0x90, 0x01,
    0xE8, 0x85, 0x0A, 0x86, 0x0B, 0xA0, 0x01, 0xB1, 0x02, 0x88, 0x91, 0x0A,
    0x4C, 0x30, 0xA3, 0x20, 0x46, 0xA5, 0x20, 0x79, 0xA2, 0xA0, 0x02, 0xB1,
    0x02, 0xC9, 0x1C, 0xB0, 0x4C, 0x88, 0xB1, 0x02, 0xF0, 0x01, 0x98, 0x20,
    0x9D, 0xA5, 0xA9, 0x00, 0x20, 0x46, 0xA5, 0xA0, 0x03, 0xB1, 0x02, 0x20,
    0xE8, 0xA2, 0xA9, 0x00, 0xA8, 0x91, 0x02, 0xC9, 0x20, 0xB0, 0x2A, 0xA0,
    0x02, 0xA2, 0x00, 0xB1, 0x02, 0x20, 0x5C, 0xA1, 0x20, 0x54, 0xA1, 0x18,
    0x69, 0x36, 0x85, 0x0A, 0x8A, 0x69, 0x61, 0x85, 0x0B, 0xA0, 0x00, 0xB1,
    0x02, 0xA8, 0xB1, 0x0A, 0x20, 0x36, 0xA2, 0xA0, 0x00, 0x18, 0xA9, 0x01,
    0x71, 0x02, 0x4C, 0x29, 0x97, 0x98, 0x20, 0x9D, 0xA5, 0x4C, 0x2B, 0xA3,
    0x20, 0x5C, 0xA5, 0x20, 0xB6, 0xA2, 0xA9, 0x05, 0x20, 0x46, 0xA5, 0xA9,
    0x00, 0xA0, 0x06, 0x91, 0x02, 0xA8, 0xAA, 0xB1, 0x02, 0x38, 0xE9, 0x01,
    0x91, 0x02, 0x20, 0xF5, 0xA2, 0x20, 0x9C, 0xA3, 0x20, 0x5C, 0xA5, 0xA0,
    0x0C, 0x20, 0x83, 0xA5, 0xA9, 0x0A, 0x20, 0x14, 0xA7, 0xA0, 0x30, 0x20,
    0x05, 0xA3, 0xA0, 0x00, 0x20, 0x4D, 0xA6, 0xA0, 0x0A, 0x20, 0x83, 0xA5,
    0xA9, 0x0A, 0x20, 0xC5, 0xA6, 0xA0, 0x07, 0x20, 0x65, 0xA6, 0xE0, 0x00,
    0xD0, 0x04, 0xC9, 0x00, 0xF0, 0x08, 0xA0, 0x00, 0xA2, 0x00, 0xB1, 0x02,
    0xD0, 0xBD, 0xA0, 0x0A, 0xB1, 0x02, 0x20, 0x46, 0xA5, 0xA0, 0x0A, 0xB1,
    0x02, 0x20, 0x46, 0xA5, 0xA9, 0x03, 0x20, 0x9A, 0xA3, 0xA0, 0x02, 0x18,
    0x71, 0x02, 0x90, 0x01, 0xE8, 0x20, 0x6F, 0x95, 0xA0, 0x0B, 0x4C, 0x37,
    0xA1, 0x20, 0x46, 0xA5, 0x20, 0x8F, 0xA2, 0xA0, 0x03, 0xB1, 0x02, 0x4A,
    0x4A, 0x4A, 0x4A, 0x29, 0x0F, 0x85, 0x0A, 0x18, 0xA9, 0xAA, 0x85, 0x0B,
    0xA0, 0x79, 0xB1, 0x0A, 0xA0, 0x00, 0x91, 0x02, 0xA0, 0x03, 0xB1, 0x02,
    0x29, 0x0F, 0x85, 0x0A, 0x18, 0xA9, 0xAA, 0x85, 0x0B, 0xA0, 0x79, 0xB1,
    0x0A, 0xA0, 0x01, 0x91, 0x02, 0xA9, 0x00, 0xC8, 0x91, 0x02, 0xA0, 0x05,
    0xB1, 0x02, 0x20, 0x46, 0xA5, 0xA0, 0x05, 0xB1, 0x02, 0x20, 0x46, 0xA5,
    0xA9, 0x02, 0x20, 0x9A, 0xA3, 0x20, 0x6F, 0x95, 0x4C, 0x3A, 0xA3, 0x20,
    0x46, 0xA5, 0xA0, 0x00, 0xB1, 0x02, 0xC9, 0x20, 0x90, 0x04, 0xC9, 0x7F,
    0x90, 0x07, 0xA2, 0x00, 0xA9, 0x20, 0x4C, 0x0E, 0xA3, 0xB1, 0x02, 0xA2,
    0x00, 0x4C, 0x0E, 0xA3, 0xA9, 0x3F, 0xA2, 0x60, 0x4C, 0x44, 0xA3, 0x20,
    0xA0, 0xA1, 0xA2, 0x00, 0x60, 0x20, 0x79, 0xA2, 0xA9, 0x00, 0x20, 0x46,
    0xA5, 0x20, 0x79, 0xA2, 0x20, 0x25, 0xA7, 0xA9, 0x00, 0x20, 0x3C, 0x60,
    0xA0, 0x02, 0x91, 0x02, 0x29, 0x10, 0xF0, 0x05, 0xA9, 0x01, 0x4C, 0x92,
    0x98, 0xB1, 0x02, 0x29, 0x20, 0xF0, 0x04, 0x98, 0x4C, 0x92, 0x98, 0xB1,
    0x02, 0x29, 0x40, 0xF0, 0x05, 0xA9, 0x03, 0x4C, 0x92, 0x98, 0xB1, 0x02,
    0x29, 0x80, 0xF0, 0x05, 0xA9, 0x04, 0x88, 0x91, 0x02, 0xA0, 0x01, 0xB1,
    0x02, 0xF0, 0x2A, 0xCD, 0xB6, 0x64, 0xF0, 0x0F, 0x8D, 0xB6, 0x64, 0xA9,
    0x14, 0x8D, 0xB8, 0x64, 0xA2, 0x00, 0xB1, 0x02, 0x4C, 0x2B, 0xA3, 0xAD,
    0xB8, 0x64, 0xF0, 0x14, 0xCE, 0xB8, 0x64, 0xD0, 0x0F, 0xA9, 0x06, 0x8D,
    0xB8, 0x64, 0xA2, 0x00, 0xB1, 0x02, 0x4C, 0x2B, 0xA3, 0x8D, 0xB6, 0x64,
    0xC8, 0xB1, 0x02, 0x29, 0x0F, 0xA0, 0x00, 0x91, 0x02, 0xA2, 0x00, 0xB1,
    0x02, 0xF0, 0x30, 0xAD, 0xB7, 0x64, 0xD0, 0x2B, 0xB1, 0x02, 0x8D, 0xB7,
    0x64, 0xB1, 0x02, 0x29, 0x01, 0xF0, 0x05, 0xA9, 0x05, 0x4C, 0x2B, 0xA3,
    0xB1, 0x02, 0x29, 0x02, 0xF0, 0x05, 0xA9, 0x06, 0x4C, 0x2B, 0xA3, 0xB1,
    0x02, 0x29, 0x04, 0xF0, 0x05, 0xA9, 0x07, 0x4C, 0x2B, 0xA3, 0xA9, 0x08,
    0x4C, 0x2B, 0xA3, 0xB1, 0x02, 0xD0, 0x03, 0x8D, 0xB7, 0x64, 0x8A, 0x4C,
    0x2B, 0xA3, 0x20, 0x46, 0xA5, 0xA0, 0x00, 0xB1, 0x02, 0xC9, 0x40, 0x90,
    0x04, 0xA9, 0x3F, 0x91, 0x02, 0xB1, 0x02, 0x8D, 0xFA, 0x64, 0xB1, 0x02,
    0xA8, 0xA9, 0x00, 0x99, 0xB9, 0x64, 0xA9, 0xB9, 0xA2, 0x64, 0x20, 0x8D,
    0xA6, 0x8D, 0xF9, 0x64, 0xA9, 0x00, 0x8D, 0xFB, 0x64, 0x8D, 0xFC, 0x64,
    0xA9, 0x02, 0x8D, 0xFD, 0x64, 0x20, 0x59, 0x95, 0xA9, 0x01, 0x20, 0x46,
    0xA5, 0x20, 0x46, 0xA5, 0xA0, 0x04, 0x20, 0x93, 0xA3, 0x20, 0x6F, 0x95,
    0xA9, 0x01, 0x20, 0x46, 0xA5, 0xA9, 0x17, 0x20, 0x46, 0xA5, 0xA9, 0x8F,
    0xA2, 0xAA, 0x20, 0x6F, 0x95, 0x20, 0x2B, 0x9C, 0x20, 0x84, 0x9B, 0x20,
    0xD4, 0x9B, 0x20, 0x55, 0x98, 0x20, 0x46, 0xA5, 0xA2, 0x00, 0xA1, 0x02,
    0xD0, 0x03, 0x4C, 0xFC, 0x9A, 0xC9, 0x01, 0xF0, 0x31, 0xC9, 0x02, 0xF0,
    0x62, 0xC9, 0x03, 0xD0, 0x03, 0x4C, 0x27, 0x9A, 0xC9, 0x04, 0xD0, 0x03,
    0x4C, 0x3E, 0x9A, 0xC9, 0x05, 0xD0, 0x03, 0x4C, 0x91, 0x9A, 0xC9, 0x06,
    0xD0, 0x03, 0x4C, 0xE3, 0x9A, 0xC9, 0x07, 0xD0, 0x03, 0x4C, 0xE9, 0x9A,
    0xC9, 0x08, 0xD0, 0x03, 0x4C, 0xF7, 0x9A, 0x4C, 0xFC, 0x9A, 0xAD, 0xFD,
    0x64, 0xC9, 0x04, 0xD0, 0x14, 0xAD, 0xFC, 0x64, 0x20, 0x2F, 0xA4, 0x18,
    0x69, 0x01, 0x20, 0x46, 0xA5, 0xA9, 0x03, 0x20, 0xA7, 0x9C, 0x4C, 0xFC,
    0x9A, 0xAD, 0xFD, 0x64, 0xD0, 0x03, 0x4C, 0xFC, 0x9A, 0xAD, 0xFC, 0x64,
    0x20, 0x46, 0xA5, 0xAD, 0xFD, 0x64, 0x38, 0xE9, 0x01, 0x20, 0xA7, 0x9C,
    0x4C, 0xFC, 0x9A, 0xAD, 0xFD, 0x64, 0xC9, 0x03, 0xB0, 0x12, 0xAD, 0xFC,
    0x64, 0x20, 0x46, 0xA5, 0xAD, 0xFD, 0x64, 0x18, 0x69, 0x01, 0x20, 0xA7,
    0x9C, 0x4C, 0xFC, 0x9A, 0xAD, 0xFD, 0x64, 0xC9, 0x03, 0xF0, 0x03, 0x4C,
    0xFC, 0x9A, 0xAD, 0xFC, 0x64, 0x20, 0x40, 0xA4, 0x20, 0x5C, 0xA5, 0xA9,
    0x10, 0x20, 0xD0, 0xA2, 0x20, 0x46, 0xA5, 0xA9, 0x04, 0x20, 0xA7, 0x9C,
    0x4C, 0xFC, 0x9A, 0xAD, 0xFC, 0x64, 0xD0, 0x03, 0x4C, 0xFC, 0x9A, 0x38,
    0xE9, 0x01, 0x20, 0x46, 0xA5, 0xAD, 0xFD, 0x64, 0x20, 0xA7, 0x9C, 0x4C,
    0xFC, 0x9A, 0xAD, 0xFD, 0x64, 0xC9, 0x04, 0xD0, 0x26, 0xAD, 0xFC, 0x64,
    0x20, 0xF5, 0xA2, 0xC9, 0x05, 0x8A, 0xE9, 0x00, 0x50, 0x02, 0x49, 0x80,
    0x30, 0x03, 0x4C, 0xFC, 0x9A, 0xAD, 0xFC, 0x64, 0x18, 0x69, 0x01, 0x20,
    0x46, 0xA5, 0xAD, 0xFD, 0x64, 0x20, 0xA7, 0x9C, 0x4C, 0xFC, 0x9A, 0xAD,
    0xFC, 0x64, 0x20, 0xF5, 0xA2, 0xC9, 0x10, 0x8A, 0xE9, 0x00, 0x50, 0x02,
    0x49, 0x80, 0x30, 0x03, 0x4C, 0xFC, 0x9A, 0xAD, 0xFC, 0x64, 0x18, 0x69,
    0x01, 0x20, 0x46, 0xA5, 0xAD, 0xFD, 0x64, 0x20, 0xA7, 0x9C, 0x4C, 0xFC,
    0x9A, 0xAD, 0xFD, 0x64, 0xC9, 0x04, 0xB0, 0x12, 0xAD, 0xFC, 0x64, 0x20,
    0x46, 0xA5, 0xAD, 0xFD, 0x64, 0x20, 0x02, 0x9B, 0x20, 0x3D, 0x9D, 0x4C,
    0xFC, 0x9A, 0xAD, 0xFC, 0x64, 0xF0, 0x0F, 0xC9, 0x01, 0xF0, 0x19, 0xC9,
    0x02, 0xF0, 0x1D, 0xC9, 0x03, 0xF0, 0x1F, 0x4C, 0xDF, 0x9A, 0xAD, 0xFB,
    0x64, 0x49, 0x01, 0x8D, 0xFB, 0x64, 0x20, 0x84, 0x9B, 0x4C, 0xFC, 0x9A,
    0xA9, 0x20, 0x20, 0x3D, 0x9D, 0x4C, 0xFC, 0x9A, 0x20, 0x6A, 0x9D, 0x4C,
    0xFC, 0x9A, 0xA9, 0x01, 0x4C, 0x30, 0xA3, 0x8A, 0x4C, 0x30, 0xA3, 0x20,
    0x6A, 0x9D, 0x4C, 0xFC, 0x9A, 0xAD, 0xFB, 0x64, 0x49, 0x01, 0x8D, 0xFB,
    0x64, 0x20, 0x84, 0x9B, 0x4C, 0xFC, 0x9A, 0xA9, 0x01, 0x4C, 0x30, 0xA3,
    0x20, 0x0E, 0xA3, 0x4C, 0x72, 0x99, 0x20, 0x46, 0xA5, 0xA2, 0x00, 0xA1,
    0x02, 0x20, 0x5C, 0xA1, 0xA0, 0x20, 0x20, 0x05, 0xA3, 0x85, 0x0A, 0xA0,
    0x01, 0xB1, 0x02, 0x18, 0x65, 0x0A, 0x20, 0x46, 0xA5, 0xAD, 0xFB, 0x64,
    0xF0, 0x19, 0xA0, 0x00, 0xB1, 0x02, 0xC9, 0x41, 0x90, 0x11, 0xC9, 0x5B,
    0xB0, 0x0D, 0xA2, 0x00, 0xB1, 0x02, 0xA0, 0x20, 0x20, 0x05, 0xA3, 0xA0,
    0x00, 0x91, 0x02, 0xA2, 0x00, 0xA1, 0x02, 0x4C, 0x2B, 0xA3, 0x20, 0x46,
    0xA5, 0xA0, 0x00, 0xB1, 0x02, 0x0A, 0x18, 0x69, 0x08, 0xA2, 0x00, 0x4C,
    0x0E, 0xA3, 0x20, 0x46, 0xA5, 0xA0, 0x02, 0xB1, 0x02, 0x18, 0x69, 0x08,
    0x20, 0x46, 0xA5, 0xA0, 0x02, 0xB1, 0x02, 0x20, 0x42, 0x9B, 0x20, 0x46,
    0xA5, 0xA0, 0x04, 0xB1, 0x02, 0x20, 0x46, 0xA5, 0xA0, 0x04, 0xB1, 0x02,
    0x20, 0x02, 0x9B, 0x20, 0x46, 0xA5, 0xA0, 0x03, 0xB1, 0x02, 0x20, 0x93,
    0x96, 0x4C, 0x2B, 0xA3, 0x20, 0x82, 0xA2, 0xA9, 0x00, 0xA8, 0x91, 0x02,
    0xC9, 0x04, 0xB0, 0x41, 0x98, 0xC8, 0x91, 0x02, 0xC9, 0x10, 0xB0, 0x30,
    0xB1, 0x02, 0x20, 0x46, 0xA5, 0xA0, 0x01, 0xB1, 0x02, 0x20, 0x46, 0xA5,
    0xAD, 0xFD, 0x64, 0xA0, 0x02, 0xD1, 0x02, 0xD0, 0x08, 0xAD, 0xFC, 0x64,
    0xC8, 0xD1, 0x02, 0xF0, 0x05, 0xA9, 0x00, 0x4C, 0xBC, 0x9B, 0xA9, 0x01,
    0x20, 0x52, 0x9B, 0xA0, 0x01, 0x18, 0x98, 0x71, 0x02, 0x4C, 0x92, 0x9B,
    0x88, 0x18, 0xA9, 0x01, 0x71, 0x02, 0x4C, 0x8A, 0x9B, 0x4C, 0x1D, 0xA3,
    0x20, 0x79, 0xA2, 0xA9, 0x00, 0xA8, 0x91, 0x02, 0xC9, 0x05, 0xB0, 0x48,
    0xB1, 0x02, 0xA8, 0xB9, 0x8A, 0xAA, 0x20, 0x46, 0xA5, 0xA9, 0x11, 0x20,
    0x46, 0xA5, 0xA0, 0x02, 0xA2, 0x00, 0xB1, 0x02, 0x0A, 0x90, 0x02, 0xE8,
    0x18, 0x69, 0x00, 0xA8, 0x8A, 0x69, 0x60, 0xAA, 0x98, 0x20, 0x72, 0xA5,
    0xAD, 0xFD, 0x64, 0xC9, 0x04, 0xD0, 0x09, 0xAD, 0xFC, 0x64, 0xA0, 0x04,
    0xD1, 0x02, 0xF0, 0x05, 0xA9, 0x00, 0x4C, 0x1B, 0x9C, 0xA9, 0x01, 0x20,
    0xEE, 0x95, 0xA0, 0x00, 0x18, 0xA9, 0x01, 0x71, 0x02, 0x4C, 0xDA, 0x9B,
    0x4C, 0x0E, 0xA3, 0xA9, 0x00, 0x20, 0x46, 0xA5, 0x20, 0x79, 0xA2, 0xAD,
    0xF9, 0x64, 0xC9, 0x1E, 0x90, 0x0E, 0xA2, 0x00, 0xAD, 0xF9, 0x64, 0xA0,
    0x1D, 0x20, 0x70, 0xA2, 0xA0, 0x01, 0x91, 0x02, 0xA9, 0x04, 0x20, 0x8D,
    0x95, 0xA9, 0x00, 0xA8, 0x91, 0x02, 0xC9, 0x1E, 0xB0, 0x4E, 0xB1, 0x02,
    0x18, 0xC8, 0x71, 0x02, 0x20, 0x46, 0xA5, 0xA0, 0x00, 0xB1, 0x02, 0xCD,
    0xF9, 0x64, 0x20, 0xAC, 0xA3, 0x20, 0x46, 0xA5, 0xA0, 0x02, 0xB1, 0x02,
    0x18, 0x69, 0x01, 0x20, 0x46, 0xA5, 0xA9, 0x04, 0x20, 0x46, 0xA5, 0xA0,
    0x03, 0xB1, 0x02, 0xCD, 0xF9, 0x64, 0xB0, 0x07, 0xA8, 0xB9, 0xB9, 0x64,
    0x4C, 0x8D, 0x9C, 0xA9, 0x20, 0x20, 0x46, 0xA5, 0xA0, 0x03, 0xB1, 0x02,
    0x20, 0x93, 0x96, 0x20, 0x1D, 0xA3, 0xA0, 0x00, 0x18, 0xA9, 0x01, 0x71,
    0x02, 0x4C, 0x50, 0x9C, 0x4C, 0x1D, 0xA3, 0x20, 0x46, 0xA5, 0xAD, 0xFD,
    0x64, 0xC9, 0x04, 0xD0, 0x2B, 0xAC, 0xFC, 0x64, 0xB9, 0x8A, 0xAA, 0x20,
    0x46, 0xA5, 0xA9, 0x11, 0x20, 0x46, 0xA5, 0xA2, 0x00, 0xAD, 0xFC, 0x64,
    0x0A, 0x90, 0x02, 0xE8, 0x18, 0x69, 0x00, 0xA8, 0x8A, 0x69, 0x60, 0xAA,
    0x98, 0x20, 0x72, 0xA5, 0xA9, 0x00, 0x20, 0xEE, 0x95, 0x4C, 0xED, 0x9C,
    0xAD, 0xFC, 0x64, 0x20, 0x46, 0xA5, 0xAD, 0xFD, 0x64, 0x20, 0x46, 0xA5,
    0xA9, 0x00, 0x20, 0x52, 0x9B, 0xA0, 0x01, 0xB1, 0x02, 0x8D, 0xFC, 0x64,
    0x88, 0xB1, 0x02, 0x8D, 0xFD, 0x64, 0xC9, 0x04, 0xD0, 0x2B, 0xAC, 0xFC,
    0x64, 0xB9, 0x8A, 0xAA, 0x20, 0x46, 0xA5, 0xA9, 0x11, 0x20, 0x46, 0xA5,
    0xA2, 0x00, 0xAD, 0xFC, 0x64, 0x0A, 0x90, 0x02, 0xE8, 0x18, 0x69, 0x00,
    0xA8, 0x8A, 0x69, 0x60, 0xAA, 0x98, 0x20, 0x72, 0xA5, 0xA9, 0x01, 0x20,
    0xEE, 0x95, 0x4C, 0x1D, 0xA3, 0xAD, 0xFC, 0x64, 0x20, 0x46, 0xA5, 0xAD,
    0xFD, 0x64, 0x20, 0x46, 0xA5, 0xA9, 0x01, 0x20, 0x52, 0x9B, 0x4C, 0x1D,
    0xA3, 0x20, 0x46, 0xA5, 0xAD, 0xF9, 0x64, 0xCD, 0xFA, 0x64, 0xB0, 0x1F,
    0xEE, 0xF9, 0x64, 0x18, 0x69, 0xB9, 0x85, 0x0A, 0xA9, 0x00, 0x69, 0x64,
    0x85, 0x0B, 0xA0, 0x00, 0xB1, 0x02, 0x91, 0x0A, 0xAC, 0xF9, 0x64, 0xA9,
    0x00, 0x99, 0xB9, 0x64, 0x20, 0x2B, 0x9C, 0x4C, 0x0E, 0xA3, 0xAD, 0xF9,
    0x64, 0xF0, 0x19, 0xCE, 0xF9, 0x64, 0xAD, 0xF9, 0x64, 0x18, 0x69, 0xB9,
    0x85, 0x0A, 0xA9, 0x00, 0x69, 0x64, 0x85, 0x0B, 0xA9, 0x00, 0xA8, 0x91,
    0x0A, 0x4C, 0x2B, 0x9C, 0x60, 0xA9, 0x70, 0x20, 0x46, 0xA5, 0xA9, 0xF5,
    0x20, 0x46, 0xA5, 0xA9, 0x00, 0x20, 0x46, 0xA5, 0x20, 0x46, 0xA5, 0x20,
    0x46, 0xA5, 0x20, 0x46, 0xA5, 0x20, 0x46, 0xA5, 0x20, 0x58, 0xA5, 0x4C,
    0x58, 0x9E, 0xA9, 0x70, 0x20, 0x46, 0xA5, 0xA9, 0xEA, 0x20, 0x46, 0xA5,
    0xA9, 0x10, 0x20, 0x46, 0xA5, 0xA9, 0x00, 0x20, 0x46, 0xA5, 0x20, 0x46,
    0xA5, 0x20, 0x46, 0xA5, 0x20, 0x46, 0xA5, 0xA9, 0xFE, 0xA2, 0x64, 0x20,
    0x5C, 0xA5, 0xA2, 0x00, 0xA9, 0x01, 0x20, 0x58, 0x9E, 0xA2, 0x00, 0xAD,
    0xFE, 0x64, 0x60, 0x20, 0x5C, 0xA5, 0xA9, 0x70, 0x20, 0x46, 0xA5, 0xA9,
    0xE4, 0x20, 0x46, 0xA5, 0xA9, 0x05, 0x20, 0x46, 0xA5, 0xA0, 0x03, 0xB1,
    0x02, 0x20, 0x46, 0xA5, 0xA0, 0x05, 0x20, 0x93, 0xA3, 0x8A, 0x20, 0x46,
    0xA5, 0xA9, 0x00, 0x20, 0x46, 0xA5, 0x20, 0x46, 0xA5, 0x20, 0x58, 0xA5,
    0x20, 0x58, 0x9E, 0x4C, 0x1D, 0xA3, 0xA2, 0x00, 0xAD, 0x09, 0x54, 0xC9,
    0x46, 0xD0, 0x0E, 0xAD, 0x0A, 0x54, 0xC9, 0x4E, 0xD0, 0x07, 0xAD, 0x0B,
    0x54, 0xC9, 0x01, 0xF0, 0x02, 0x8A, 0x60, 0x60, 0xA2, 0x00, 0xAD, 0x06,
    0x54, 0x60, 0xA2, 0x00, 0xAD, 0x07, 0x54, 0x60, 0xA2, 0x00, 0xAD, 0x08,
    0x54, 0x60, 0xA9, 0x11, 0x20, 0x46, 0xA5, 0xA9, 0xB5, 0x20, 0x98, 0xA0,
    0x78, 0xA9, 0x00, 0x8D, 0x00, 0x20, 0x8D, 0x01, 0x20, 0x8D, 0x15, 0x40,
    0xA2, 0x58, 0x20, 0x6D, 0xA1, 0x4C, 0x55, 0x9E, 0x20, 0x5C, 0xA5, 0xA0,
    0x0C, 0x20, 0xB8, 0xA6, 0xA9, 0x00, 0x8D, 0xFF, 0x64, 0x8D, 0x00, 0x65,
    0xA0, 0x13, 0xB1, 0x02, 0xA0, 0x08, 0x91, 0x02, 0xA0, 0x12, 0xB1, 0x02,
    0xA0, 0x09, 0x91, 0x02, 0xA0, 0x11, 0xB1, 0x02, 0xA0, 0x0A, 0x91, 0x02,
    0xA0, 0x10, 0xB1, 0x02, 0xA0, 0x0B, 0x91, 0x02, 0xA0, 0x14, 0xB1, 0x02,
    0x29, 0x07, 0x85, 0x0A, 0x18, 0xA9, 0xAA, 0x85, 0x0B, 0xA0, 0xC2, 0xB1,
    0x0A, 0xA0, 0x07, 0x91, 0x02, 0xA0, 0x14, 0xB1, 0x02, 0x29, 0x07, 0x85,
    0x0A, 0x18, 0xA9, 0xAA, 0x85, 0x0B, 0xA0, 0xCA, 0xB1, 0x0A, 0xA0, 0x06,
    0x91, 0x02, 0xB1, 0x02, 0xF0, 0x0D, 0xC8, 0xB1, 0x02, 0x20, 0x5A, 0xA5,
    0xA0, 0x08, 0xB1, 0x02, 0x20, 0xC5, 0xA6, 0xA0, 0x05, 0x91, 0x02, 0xA0,
    0x14, 0xB1, 0x02, 0x29, 0x08, 0xF0, 0x2C, 0xA2, 0x00, 0xA0, 0x07, 0xB1,
    0x02, 0x18, 0x88, 0x71, 0x02, 0x90, 0x01, 0xE8, 0x85, 0x0A, 0x86, 0x0B,
    0xA0, 0x0D, 0x20, 0x93, 0xA3, 0x18, 0x65, 0x0A, 0x48, 0x8A, 0x65, 0x0B,
    0xAA, 0x68, 0xC9, 0x41, 0x8A, 0xE9, 0x01, 0x90, 0x06, 0xA2, 0x00, 0x8A,
    0x4C, 0x86, 0xA0, 0xA9, 0x05, 0x20, 0x46, 0xA5, 0xA9, 0x00, 0x20, 0x98,
    0xA0, 0xA9, 0x00, 0x20, 0x46, 0xA5, 0xA0, 0x17, 0xB1, 0x02, 0x20, 0x98,
    0xA0, 0xA9, 0x01, 0x20, 0x46, 0xA5, 0xA0, 0x16, 0xB1, 0x02, 0x20, 0x98,
    0xA0, 0xA9, 0x02, 0x20, 0x46, 0xA5, 0xA9, 0x00, 0x20, 0x98, 0xA0, 0xA9,
    0x00, 0xA0, 0x04, 0x91, 0x02, 0x88, 0x91, 0x02, 0xA0, 0x06, 0xD1, 0x02,
    0xB0, 0x48, 0x88, 0xB1, 0x02, 0x20, 0x8B, 0xA0, 0xA9, 0x00, 0xA0, 0x02,
    0x91, 0x02, 0xA0, 0x05, 0xD1, 0x02, 0xB0, 0x2C, 0xA9, 0x08, 0x20, 0x9A,
    0xA3, 0x88, 0x18, 0x71, 0x02, 0x90, 0x01, 0xE8, 0x85, 0x0A, 0x86, 0x0B,
    0xA0, 0x00, 0xB1, 0x0A, 0x48, 0xA0, 0x04, 0x18, 0xA9, 0x01, 0x71, 0x02,
    0x91, 0x02, 0x68, 0x20, 0x8B, 0xA0, 0xA0, 0x02, 0x18, 0xA9, 0x01, 0x71,
    0x02, 0x4C, 0x40, 0x9F, 0xA0, 0x03, 0x18, 0xA9, 0x01, 0x71, 0x02, 0x4C,
    0x2E, 0x9F, 0xB1, 0x02, 0xF0, 0x0C, 0xA9, 0x02, 0x20, 0x46, 0xA5, 0xA0,
    0x07, 0xB1, 0x02, 0x20, 0x98, 0xA0, 0xA0, 0x14, 0xB1, 0x02, 0x29, 0x08,
    0xF0, 0x39, 0xA0, 0x11, 0x20, 0x83, 0xA5, 0xA0, 0x11, 0x20, 0x83, 0xA5,
    0x4C, 0xBA, 0x9F, 0xA0, 0x03, 0x20, 0x74, 0xA7, 0xA0, 0x00, 0xB1, 0x0A,
    0x48, 0xA0, 0x02, 0xA2, 0x00, 0xA9, 0x01, 0x20, 0x27, 0xA1, 0x68, 0x20,
    0x8B, 0xA0, 0xA0, 0x01, 0xB1, 0x02, 0x88, 0x11, 0x02, 0x08, 0xA2, 0x00,
    0xA9, 0x01, 0x20, 0xA3, 0xA6, 0x28, 0xD0, 0xD7, 0x20, 0x30, 0xA3, 0x20,
    0xA9, 0xA0, 0xC9, 0x00, 0xF0, 0x06, 0xA2, 0x00, 0x8A, 0x4C, 0x86, 0xA0,
    0xAD, 0x03, 0x54, 0xC9, 0x06, 0xF0, 0x06, 0xA2, 0x00, 0x8A, 0x4C, 0x86,
    0xA0, 0xAE, 0x05, 0x54, 0xAD, 0x04, 0x54, 0x20, 0x63, 0xA6, 0xC9, 0x01,
    0x8A, 0xE9, 0x04, 0x90, 0x07, 0xA2, 0x04, 0xA9, 0x00, 0x20, 0x63, 0xA6,
    0xA0, 0x14, 0xB1, 0x02, 0x29, 0x10, 0xF0, 0x71, 0xA0, 0x11, 0x20, 0x83,
    0xA5, 0xA2, 0x50, 0xA9, 0x00, 0x20, 0x5C, 0xA5, 0x20, 0x82, 0xA2, 0xA0,
    0x07, 0x20, 0x93, 0xA3, 0x38, 0xA0, 0x12, 0xF1, 0x02, 0x85, 0x12, 0x8A,
    0xC8, 0xF1, 0x02, 0x05, 0x12, 0x90, 0x0A, 0xF0, 0x08, 0x20, 0x93, 0xA3,
    0xA0, 0x06, 0x20, 0x65, 0xA6, 0xA0, 0x07, 0x20, 0x93, 0xA3, 0x20, 0x63,
    0xA6, 0xA0, 0x01, 0xB1, 0x02, 0x88, 0x11, 0x02, 0xF0, 0x30, 0xA0, 0x05,
    0x20, 0x93, 0xA3, 0x85, 0x04, 0x86, 0x05, 0xA0, 0x03, 0x20, 0x74, 0xA7,
    0xA0, 0x00, 0xB1, 0x0A, 0x91, 0x04, 0xA0, 0x04, 0xA2, 0x00, 0xA9, 0x01,
    0x20, 0x27, 0xA1, 0xA0, 0x02, 0xA2, 0x00, 0xA9, 0x01, 0x20, 0x27, 0xA1,
    0xA2, 0x00, 0xA9, 0x01, 0x20, 0xA3, 0xA6, 0x4C, 0x3D, 0xA0, 0x20, 0x3A,
    0xA3, 0x20, 0x91, 0xA3, 0x8D, 0xFF, 0x64, 0x8E, 0x00, 0x65, 0xA2, 0x00,
    0xA9, 0x01, 0xA0, 0x17, 0x4C, 0x37, 0xA1, 0x20, 0x46, 0xA5, 0xA0, 0x00,
    0xB1, 0x02, 0x8D, 0x00, 0x57, 0x4C, 0x0E, 0xA3, 0x20, 0x46, 0xA5, 0xA0,
    0x01, 0xB1, 0x02, 0xAA, 0x88, 0xB1, 0x02, 0x9D, 0x00, 0x55, 0x4C, 0x1D,
    0xA3, 0xAD, 0x00, 0x54, 0x18, 0x69, 0x01, 0x20, 0x46, 0xA5, 0x20, 0x9C,
    0xA2, 0xA0, 0x04, 0xB1, 0x02, 0xD0, 0x04, 0xA9, 0x01, 0x91, 0x02, 0xA9,
    0x10, 0x20, 0x46, 0xA5, 0xA0, 0x05, 0xB1, 0x02, 0x20, 0x98, 0xA0, 0xA2,
    0x00, 0x8A, 0xA0, 0x02, 0x20, 0x65, 0xA6, 0xA0, 0x03, 0xB1, 0x02, 0xC9,
    0x0F, 0xD0, 0x05, 0x88, 0xB1, 0x02, 0xC9, 0xA0, 0xB0, 0x3C, 0xA2, 0x00,
    0x8A, 0x20, 0x63, 0xA6, 0xA0, 0x01, 0xB1, 0x02, 0xC9, 0x00, 0xD0, 0x05,
    0x88, 0xB1, 0x02, 0xC9, 0xFA, 0xB0, 0x1B, 0xAD, 0x00, 0x54, 0xA0, 0x04,
    0xD1, 0x02, 0xD0, 0x08, 0xA2, 0x00, 0xAD, 0x02, 0x54, 0x4C, 0x35, 0xA3,
    0xA2, 0x00, 0xA9, 0x01, 0x20, 0x25, 0xA1, 0x4C, 0xE8, 0xA0, 0xA0, 0x02,
    0xA2, 0x00, 0xA9, 0x01, 0x20, 0x27, 0xA1, 0x4C, 0xD3, 0xA0, 0xA2, 0x00,
    0xA9, 0xFF, 0x4C, 0x35, 0xA3, 0xA0, 0x00, 0x18, 0x71, 0x02, 0x91, 0x02,
    0x48, 0xC8, 0x8A, 0x71, 0x02, 0x91, 0x02, 0xAA, 0x68, 0x60, 0xC8, 0x48,
    0x18, 0x98, 0x65, 0x02, 0x85, 0x02, 0x90, 0x02, 0xE6, 0x03, 0x68, 0x60,
    0xA2, 0x00, 0xA0, 0x00, 0x31, 0x02, 0xC8, 0x48, 0x8A, 0x31, 0x02, 0xAA,
    0x68, 0x4C, 0x36, 0xA1, 0x86, 0x12, 0x0A, 0x26, 0x12, 0xA6, 0x12, 0x60,
    0x86, 0x12, 0x0A, 0x26, 0x12, 0x0A, 0x26, 0x12, 0x0A, 0x26, 0x12, 0x0A,
    0x26, 0x12, 0xA6, 0x12, 0x60, 0x85, 0x0A, 0x86, 0x0B, 0x6C, 0x0A, 0x00,
    0xAD, 0x0A, 0x60, 0xAE, 0x0B, 0x60, 0x20, 0x5C, 0xA5, 0xAD, 0x0C, 0x60,
    0xAE, 0x0D, 0x60, 0x20, 0x5C, 0xA5, 0xA0, 0x04, 0x4C, 0xC8, 0x81, 0x48,
    0x20, 0xE5, 0xA2, 0x68, 0xC9, 0x00, 0xF0, 0x0B, 0x85, 0x12, 0xA9, 0x20,
    0x20, 0x44, 0xA2, 0xC6, 0x12, 0xD0, 0xF7, 0x60, 0xA0, 0x00, 0x84, 0x05,
    0x84, 0x04, 0xA6, 0x6C, 0xA5, 0x6B, 0xE4, 0x6C, 0xD0, 0xF8, 0x60, 0x20,
    0x92, 0xA4, 0xA9, 0x00, 0x85, 0x70, 0xA5, 0x70, 0xF0, 0xFC, 0xA9, 0x00,
    0x8D, 0x01, 0x20, 0xA9, 0x20, 0x8D, 0x06, 0x20, 0xA9, 0x00, 0x8D, 0x06,
    0x20, 0xA9, 0x20, 0xA2, 0xF0, 0x8D, 0x07, 0x20, 0x8D, 0x07, 0x20, 0x8D,
    0x07, 0x20, 0x8D, 0x07, 0x20, 0xCA, 0xD0, 0xF1, 0xA9, 0x23, 0x8D, 0x06,
    0x20, 0xA9, 0xC0, 0x8D, 0x06, 0x20, 0xA2, 0x00, 0xA9, 0x00, 0x8D, 0x07,
    0x20, 0xE8, 0xE0, 0x40, 0xD0, 0xF6, 0xA9, 0x1E, 0x8D, 0x01, 0x20, 0x60,
    0xA0, 0x00, 0xF0, 0x07, 0xA9, 0xF6, 0xA2, 0xAA, 0x4C, 0x0E, 0x60, 0x60,
    0xA9, 0xF6, 0x85, 0x0A, 0xA9, 0xAA, 0x85, 0x0B, 0xA9, 0x00, 0x85, 0x0C,
    0xA9, 0x60, 0x85, 0x0D, 0xA2, 0xB2, 0xA9, 0xFF, 0x85, 0x12, 0xA0, 0x00,
    0xE8, 0xF0, 0x0D, 0xB1, 0x0A, 0x91, 0x0C, 0xC8, 0xD0, 0xF6, 0xE6, 0x0B,
    0xE6, 0x0D, 0xD0, 0xF0, 0xE6, 0x12, 0xD0, 0xEF, 0x60, 0x48, 0x20, 0xE5,
    0xA2, 0x68, 0xC9, 0x0D, 0xD0, 0x06, 0xA9, 0x00, 0x85, 0x69, 0xF0, 0x19,
    0xC9, 0x0A, 0xF0, 0x13, 0x20, 0x60, 0xA2, 0xA4, 0x69, 0xC8, 0xC0, 0x20,
    0xD0, 0x04, 0xE6, 0x6A, 0xA0, 0x00, 0x84, 0x69, 0x4C, 0x59, 0xA2, 0xE6,
    0x6A, 0xA4, 0x69, 0xA6, 0x6A, 0x4C, 0xB1, 0xA5, 0x05, 0x68, 0xA4, 0x63,
    0xA6, 0x62, 0x4C, 0x9E, 0xA4, 0x38, 0xE9, 0x01, 0xB0, 0x01, 0xCA, 0x60,
    0x84, 0x12, 0x38, 0xE5, 0x12, 0xB0, 0x01, 0xCA, 0x60, 0xA4, 0x02, 0xD0,
    0x02, 0xC6, 0x03, 0xC6, 0x02, 0x60, 0xA5, 0x02, 0x38, 0xE9, 0x02, 0x85,
    0x02, 0x90, 0x01, 0x60, 0xC6, 0x03, 0x60, 0xA5, 0x02, 0x38, 0xE9, 0x03,
    0x85, 0x02, 0x90, 0x01, 0x60, 0xC6, 0x03, 0x60, 0xA5, 0x02, 0x38, 0xE9,
    0x04, 0x85, 0x02, 0x90, 0x01, 0x60, 0xC6, 0x03, 0x60, 0xA5, 0x02, 0x38,
    0xE9, 0x05, 0x85, 0x02, 0x90, 0x01, 0x60, 0xC6, 0x03, 0x60, 0xA5, 0x02,
    0x38, 0xE9, 0x06, 0x85, 0x02, 0x90, 0x01, 0x60, 0xC6, 0x03, 0x60, 0xA5,
    0x02, 0x38, 0xE9, 0x07, 0x85, 0x02, 0x90, 0x01, 0x60, 0xC6, 0x03, 0x60,
    0xA2, 0x00, 0x20, 0xFA, 0xA5, 0xA6, 0x0B, 0xA5, 0x12, 0x45, 0x13, 0x10,
    0x05, 0xA5, 0x0A, 0x4C, 0x58, 0xA4, 0xA5, 0x0A, 0x60, 0x20, 0x78, 0xA4,
    0x85, 0x6A, 0x20, 0x78, 0xA4, 0x85, 0x69, 0xA8, 0xA6, 0x6A, 0x4C, 0xB1,
    0xA5, 0x18, 0x69, 0x01, 0x90, 0x01, 0xE8, 0x60, 0x18, 0x69, 0x02, 0x90,
    0x01, 0xE8, 0x60, 0xA0, 0x04, 0x84, 0x12, 0x18, 0x65, 0x12, 0x90, 0x01,
    0xE8, 0x60, 0xE6, 0x02, 0xD0, 0x02, 0xE6, 0x03, 0x60, 0xA0, 0x01, 0xB1,
    0x02, 0xAA, 0x88, 0xB1, 0x02, 0xE6, 0x02, 0xF0, 0x05, 0xE6, 0x02, 0xF0,
    0x03, 0x60, 0xE6, 0x02, 0xE6, 0x03, 0x60, 0xA0, 0x03, 0x4C, 0x37, 0xA1,
    0xA0, 0x04, 0x4C, 0x37, 0xA1, 0xA0, 0x05, 0x4C, 0x37, 0xA1, 0xA0, 0x06,
    0x4C, 0x37, 0xA1, 0xA0, 0x07, 0x4C, 0x37, 0xA1, 0x8D, 0x01, 0x65, 0x85,
    0x0A, 0x8E, 0x02, 0x65, 0x86, 0x0B, 0xA0, 0x03, 0xB1, 0x0A, 0xD9, 0xD2,
    0xAA, 0xD0, 0x20, 0x88, 0x10, 0xF6, 0xA0, 0x04, 0xA9, 0x2F, 0x91, 0x0A,
    0xC8, 0xA9, 0x80, 0x91, 0x0A, 0xA0, 0x06, 0xA2, 0x00, 0xE8, 0x20, 0x7C,
    0xA3, 0x20, 0x7C, 0xA3, 0xC0, 0x0E, 0xD0, 0xF5, 0x4C, 0x33, 0x60, 0xA9,
    0x03, 0xA2, 0x00, 0x60, 0xB1, 0x0A, 0xC8, 0x9D, 0x33, 0x60, 0xE8, 0x60,
    0x20, 0x36, 0x60, 0xA9, 0x00, 0x8D, 0x01, 0x65, 0x8D, 0x02, 0x65, 0xAA,
    0x60, 0xA0, 0x01, 0xB1, 0x02, 0xAA, 0x88, 0xB1, 0x02, 0x60, 0xA2, 0x00,
    0x18, 0x65, 0x02, 0x48, 0x8A, 0x65, 0x03, 0xAA, 0x68, 0x60, 0xD0, 0x06,
    0xA2, 0x00, 0x8A, 0x60, 0xD0, 0xFA, 0xA2, 0x00, 0xA9, 0x01, 0x60, 0xF0,
    0xF9, 0x30, 0xF7, 0xA2, 0x00, 0x8A, 0x60, 0xF0, 0x02, 0x10, 0xEF, 0xA2,
    0x00, 0x8A, 0x60, 0xF0, 0xE9, 0x90, 0xE7, 0xA2, 0x00, 0x8A, 0x60, 0xF0,
    0xDB, 0xA2, 0x00, 0x8A, 0x2A, 0x60, 0x85, 0x0E, 0x86, 0x0F, 0xA2, 0x00,
    0xF0, 0x08, 0x85, 0x0E, 0x86, 0x0F, 0x20, 0x15, 0xA3, 0xAA, 0xA0, 0x01,
    0xB1, 0x02, 0x85, 0x0B, 0x88, 0xB1, 0x02, 0x85, 0x0A, 0x46, 0x0F, 0x66,
    0x0E, 0x90, 0x09, 0x8A, 0x91, 0x0A, 0xE6, 0x0A, 0xD0, 0x02, 0xE6, 0x0B,
    0xA5, 0x0A, 0x18, 0x65, 0x0E, 0x85, 0x0C, 0xA5, 0x0B, 0x65, 0x0F, 0x85,
    0x0D, 0x8A, 0xA6, 0x0F, 0xF0, 0x13, 0x91, 0x0A, 0x91, 0x0C, 0xC8, 0x91,
    0x0A, 0x91, 0x0C, 0xC8, 0xD0, 0xF4, 0xE6, 0x0B, 0xE6, 0x0D, 0xCA, 0xD0,
    0xED, 0xA4, 0x0E, 0xF0, 0x07, 0x88, 0x91, 0x0A, 0x91, 0x0C, 0xD0, 0xF9,
    0x4C, 0x15, 0xA3, 0x85, 0x0A, 0x86, 0x0B, 0x0A, 0x26, 0x0B, 0x18, 0x65,
    0x0A, 0x48, 0x8A, 0x65, 0x0B, 0xAA, 0x68, 0x60, 0x85, 0x0A, 0x86, 0x0B,
    0x0A, 0x26, 0x0B, 0x0A, 0x26, 0x0B, 0x18, 0x65, 0x0A, 0x48, 0x8A, 0x65,
    0x0B, 0xAA, 0x68, 0x60, 0xE0, 0x00, 0x10, 0x0D, 0x18, 0x49, 0xFF, 0x69,
    0x01, 0x48, 0x8A, 0x49, 0xFF, 0x69, 0x00, 0xAA, 0x68, 0x60, 0xA2, 0x00,
    0xA0, 0x00, 0x11, 0x02, 0xC8, 0x85, 0x12, 0x8A, 0x11, 0x02, 0xAA, 0xA5,
    0x12, 0x4C, 0x36, 0xA1, 0xA0, 0x00, 0xB1, 0x02, 0xE6, 0x02, 0xF0, 0x01,
    0x60, 0xE6, 0x03, 0x60, 0xA0, 0x01, 0xB1, 0x02, 0x85, 0x0B, 0x88, 0xB1,
    0x02, 0x85, 0x0A, 0x4C, 0x1D, 0xA3, 0xA5, 0x73, 0xD0, 0xFC, 0x60, 0xA9,
    0x44, 0xC5, 0x73, 0xF0, 0xFC, 0x60, 0x85, 0x76, 0x84, 0x74, 0x86, 0x75,
    0x20, 0x97, 0xA4, 0xA4, 0x71, 0xA5, 0x74, 0x99, 0x00, 0x02, 0xA5, 0x75,
    0x99, 0x00, 0x03, 0xA5, 0x76, 0x99, 0x00, 0x04, 0xC8, 0x84, 0x71, 0xE6,
    0x73, 0x60, 0xA4, 0x73, 0xD0, 0x01, 0x60, 0xA6, 0x72, 0xA9, 0x0E, 0x8D,
    0x03, 0x65, 0xBD, 0x00, 0x02, 0x8D, 0x06, 0x20, 0xBD, 0x00, 0x03, 0x8D,
    0x06, 0x20, 0xBD, 0x00, 0x04, 0x8D, 0x07, 0x20, 0xE8, 0x88, 0xF0, 0x5D,
    0xBD, 0x00, 0x02, 0x8D, 0x06, 0x20, 0xBD, 0x00, 0x03, 0x8D, 0x06, 0x20,
    0xBD, 0x00, 0x04, 0x8D, 0x07, 0x20, 0xE8, 0x88, 0xF0, 0x47, 0xBD, 0x00,
    0x02, 0x8D, 0x06, 0x20, 0xBD, 0x00, 0x03, 0x8D, 0x06, 0x20, 0xBD, 0x00,
    0x04, 0x8D, 0x07, 0x20, 0xE8, 0x88, 0xF0, 0x31, 0xBD, 0x00, 0x02, 0x8D,
    0x06, 0x20, 0xBD, 0x00, 0x03, 0x8D, 0x06, 0x20, 0xBD, 0x00, 0x04, 0x8D,
    0x07, 0x20, 0xE8, 0x88, 0xF0, 0x1B, 0xBD, 0x00, 0x02, 0x8D, 0x06, 0x20,
    0xBD, 0x00, 0x03, 0x8D, 0x06, 0x20, 0xBD, 0x00, 0x04, 0x8D, 0x07, 0x20,
    0xE8, 0x88, 0xF0, 0x05, 0xCE, 0x03, 0x65, 0xD0, 0x8D, 0x86, 0x72, 0x84,
    0x73, 0x60, 0xA0, 0x00, 0xB1, 0x02, 0xA4, 0x02, 0xF0, 0x07, 0xC6, 0x02,
    0xA0, 0x00, 0x91, 0x02, 0x60, 0xC6, 0x03, 0xC6, 0x02, 0x91, 0x02, 0x60,
    0xA9, 0x00, 0xA2, 0x00, 0x48, 0xA5, 0x02, 0x38, 0xE9, 0x02, 0x85, 0x02,
    0xB0, 0x02, 0xC6, 0x03, 0xA0, 0x01, 0x8A, 0x91, 0x02, 0x68, 0x88, 0x91,
    0x02, 0x60, 0xA0, 0x01, 0x85, 0x0A, 0x86, 0x0B, 0xB1, 0x0A, 0xAA, 0x88,
    0xB1, 0x0A, 0x4C, 0x5C, 0xA5, 0xA0, 0x03, 0xA5, 0x02, 0x38, 0xE9, 0x02,
    0x85, 0x02, 0xB0, 0x02, 0xC6, 0x03, 0xB1, 0x02, 0xAA, 0x88, 0xB1, 0x02,
    0xA0, 0x00, 0x91, 0x02, 0xC8, 0x8A, 0x91, 0x02, 0x60, 0xA2, 0x00, 0xA8,
    0xF0, 0x04, 0xA2, 0x80, 0xA0, 0x00, 0xA5, 0x68, 0x86, 0x68, 0xF0, 0x01,
    0xC8, 0xA2, 0x00, 0x98, 0x60, 0x98, 0x18, 0x7D, 0xC0, 0xA5, 0x85, 0x62,
    0xBD, 0xDD, 0xA5, 0x69, 0x00, 0x85, 0x63, 0x60, 0x20, 0x40, 0x60, 0x80,
    0xA0, 0xC0, 0xE0, 0x00, 0x20, 0x40, 0x60, 0x80, 0xA0, 0xC0, 0xE0, 0x00,
    0x20, 0x40, 0x60, 0x80, 0xA0, 0xC0, 0xE0, 0x00, 0x20, 0x40, 0x60, 0x80,
    0xA0, 0x20, 0x20, 0x20, 0x20, 0x20, 0x20, 0x20, 0x21, 0x21, 0x21, 0x21,
    0x21, 0x21, 0x21, 0x21, 0x22, 0x22, 0x22, 0x22, 0x22, 0x22, 0x22, 0x22,
    0x23, 0x23, 0x23, 0x23, 0x23, 0x23, 0x86, 0x13, 0xE0, 0x00, 0x10, 0x03,
    0x20, 0x58, 0xA4, 0x85, 0x10, 0x86, 0x11, 0x20, 0x15, 0xA3, 0x86, 0x12,
    0xE0, 0x00, 0x10, 0x03, 0x20, 0x58, 0xA4, 0x85, 0x0A, 0x86, 0x0B, 0x4C,
    0xD6, 0xA6, 0x85, 0x12, 0x20, 0x15, 0xA3, 0xA4, 0x12, 0x48, 0x98, 0x29,
    0x0F, 0xF0, 0x10, 0x38, 0xE9, 0x08, 0xF0, 0x0D, 0x90, 0x10, 0xA8, 0x68,
    0x0A, 0x88, 0xD0, 0xFC, 0xAA, 0x98, 0x60, 0x68, 0x60, 0x68, 0xAA, 0xA9,
    0x00, 0x60, 0x69, 0x08, 0xA8, 0x68, 0x86, 0x12, 0x0A, 0x26, 0x12, 0x88,
    0xD0, 0xFA, 0xA6, 0x12, 0x60, 0x48, 0x84, 0x12, 0xA0, 0x01, 0xB1, 0x02,
    0x85, 0x0B, 0x88, 0xB1, 0x02, 0x85, 0x0A, 0xA4, 0x12, 0x68, 0x91, 0x0A,
    0x4C, 0x1D, 0xA3, 0xA0, 0x00, 0x91, 0x02, 0xC8, 0x48, 0x8A, 0x91, 0x02,
    0x68, 0x60, 0x85, 0x0A, 0x86, 0x0B, 0x20, 0x15, 0xA3, 0x85, 0x0C, 0x86,
    0x0D, 0xA0, 0x00, 0xB1, 0x0A, 0x91, 0x0C, 0xF0, 0x09, 0xC8, 0xD0, 0xF7,
    0xE6, 0x0B, 0xE6, 0x0D, 0xD0, 0xF1, 0xA5, 0x0C, 0x60, 0x85, 0x10, 0x86,
    0x11, 0xA2, 0x00, 0xA0, 0x00, 0xB1, 0x10, 0xF0, 0x08, 0xC8, 0xD0, 0xF9,
    0xE6, 0x11, 0xE8, 0xD0, 0xF4, 0x98, 0x60, 0xA0, 0x00, 0x38, 0x49, 0xFF,
    0x71, 0x02, 0x91, 0x02, 0x48, 0xC8, 0x8A, 0x49, 0xFF, 0x71, 0x02, 0x91,
    0x02, 0xAA, 0x68, 0x60, 0x98, 0x49, 0xFF, 0x38, 0x65, 0x02, 0x85, 0x02,
    0xB0, 0x02, 0xC6, 0x03, 0x60, 0xA2, 0x00, 0x85, 0x10, 0x86, 0x11, 0x20,
    0x84, 0xA4, 0x20, 0xD6, 0xA6, 0xA5, 0x0A, 0xA6, 0x0B, 0x60, 0xA9, 0x00,
    0x85, 0x05, 0xA0, 0x10, 0xA6, 0x11, 0xF0, 0x1F, 0x06, 0x0A, 0x26, 0x0B,
    0x2A, 0x26, 0x05, 0xAA, 0xC5, 0x10, 0xA5, 0x05, 0xE5, 0x11, 0x90, 0x08,
    0x85, 0x05, 0x8A, 0xE5, 0x10, 0xAA, 0xE6, 0x0A, 0x8A, 0x88, 0xD0, 0xE4,
    0x85, 0x04, 0x60, 0x06, 0x0A, 0x26, 0x0B, 0x2A, 0xB0, 0x04, 0xC5, 0x10,
    0x90, 0x04, 0xE5, 0x10, 0xE6, 0x0A, 0x88, 0xD0, 0xEE, 0x85, 0x04, 0x60,
    0xA2, 0x00, 0x85, 0x10, 0x86, 0x11, 0x20, 0x84, 0xA4, 0x20, 0xD6, 0xA6,
    0xA5, 0x04, 0xA6, 0x05, 0x60, 0x2C, 0x02, 0x20, 0x10, 0xFB, 0x60, 0xA9,
    0x4D, 0x85, 0x0A, 0xA9, 0x60, 0x85, 0x0B, 0xA9, 0x00, 0xA8, 0xA2, 0x04,
    0xF0, 0x0A, 0x91, 0x0A, 0xC8, 0xD0, 0xFB, 0xE6, 0x0B, 0xCA, 0xD0, 0xF6,
    0xC0, 0xB7, 0xF0, 0x05, 0x91, 0x0A, 0xC8, 0xD0, 0xF7, 0x60, 0xA9, 0x00,
    0xAA, 0x60, 0xA9, 0x02, 0xA2, 0x00, 0x60, 0x29, 0x01, 0xA8, 0xA9, 0x01,
    0x8D, 0x16, 0x40, 0xA9, 0x00, 0x8D, 0x16, 0x40, 0xA2, 0x08, 0xB9, 0x16,
    0x40, 0x6A, 0x66, 0x12, 0xCA, 0xD0, 0xF7, 0xA5, 0x12, 0x60, 0xA0, 0x01,
    0xB1, 0x02, 0x85, 0x0B, 0x88, 0xB1, 0x02, 0x85, 0x0A, 0x60, 0x46, 0x55,
    0x4A, 0x49, 0x4E, 0x45, 0x54, 0x20, 0x20, 0x20, 0x43, 0x20, 0x4F, 0x20,
    0x4E, 0x20, 0x46, 0x20, 0x49, 0x20, 0x47, 0x00, 0x4E, 0x4F, 0x20, 0x46,
    0x55, 0x4A, 0x49, 0x4E, 0x45, 0x54, 0x20, 0x43, 0x41, 0x52, 0x54, 0x00,
    0x50, 0x4C, 0x45, 0x41, 0x53, 0x45, 0x20, 0x57, 0x41, 0x49, 0x54, 0x20,
    0x28, 0x42, 0x20, 0x47, 0x49, 0x56, 0x45, 0x53, 0x20, 0x55, 0x50, 0x29,
    0x00, 0x41, 0x20, 0x53, 0x45, 0x4C, 0x45, 0x43, 0x54, 0x20, 0x20, 0x53,
    0x54, 0x41, 0x52, 0x54, 0x20, 0x52, 0x45, 0x53, 0x43, 0x41, 0x4E, 0x00,
    0x4F, 0x54, 0x48, 0x45, 0x52, 0x20, 0x28, 0x54, 0x59, 0x50, 0x45, 0x20,
    0x41, 0x4E, 0x20, 0x53, 0x53, 0x49, 0x44, 0x29, 0x00, 0x4E, 0x45, 0x54,
    0x57, 0x4F, 0x52, 0x4B, 0x20, 0x4E, 0x41, 0x4D, 0x45, 0x20, 0x28, 0x53,
    0x53, 0x49, 0x44, 0x29, 0x00, 0x55, 0x4E, 0x41, 0x42, 0x4C, 0x45, 0x20,
    0x54, 0x4F, 0x20, 0x43, 0x4F, 0x4E, 0x4E, 0x45, 0x43, 0x54, 0x00, 0x4E,
    0x4F, 0x20, 0x53, 0x53, 0x49, 0x44, 0x20, 0x41, 0x56, 0x41, 0x49, 0x4C,
    0x41, 0x42, 0x4C, 0x45, 0x00, 0x42, 0x20, 0x42, 0x41, 0x43, 0x4B, 0x20,
    0x54, 0x4F, 0x20, 0x48, 0x4F, 0x53, 0x54, 0x53, 0x00, 0x53, 0x45, 0x54,
    0x54, 0x49, 0x4E, 0x47, 0x20, 0x53, 0x53, 0x49, 0x44, 0x2E, 0x2E, 0x2E,
    0x00, 0x43, 0x4F, 0x4E, 0x4E, 0x45, 0x43, 0x54, 0x49, 0x4F, 0x4E, 0x20,
    0x4C, 0x4F, 0x53, 0x54, 0x00, 0x4A, 0x4F, 0x49, 0x4E, 0x49, 0x4E, 0x47,
    0x20, 0x4E, 0x45, 0x54, 0x57, 0x4F, 0x52, 0x4B, 0x00, 0x53, 0x45, 0x4C,
    0x45, 0x43, 0x54, 0x20, 0x4E, 0x45, 0x54, 0x57, 0x4F, 0x52, 0x4B, 0x00,
    0x43, 0x4F, 0x4E, 0x4E, 0x45, 0x43, 0x54, 0x20, 0x46, 0x41, 0x49, 0x4C,
    0x45, 0x44, 0x00, 0x57, 0x49, 0x46, 0x49, 0x20, 0x50, 0x41, 0x53, 0x53,
    0x57, 0x4F, 0x52, 0x44, 0x00, 0x53, 0x43, 0x41, 0x4E, 0x4E, 0x49, 0x4E,
    0x47, 0x2E, 0x2E, 0x2E, 0x00, 0x43, 0x4F, 0x4E, 0x4E, 0x45, 0x43, 0x54,
    0x45, 0x44, 0x21, 0x00, 0x45, 0x53, 0x53, 0x49, 0x44, 0x00, 0x2D, 0x00,
    0x20, 0x00, 0x45, 0x4D, 0x50, 0x54, 0x59, 0x20, 0x53, 0x4C, 0x4F, 0x54,
    0x3A, 0x20, 0x53, 0x45, 0x4C, 0x45, 0x43, 0x54, 0x20, 0x53, 0x45, 0x54,
    0x53, 0x20, 0x41, 0x20, 0x4E, 0x41, 0x4D, 0x45, 0x00, 0x53, 0x54, 0x41,
    0x52, 0x54, 0x20, 0x49, 0x4E, 0x46, 0x4F, 0x20, 0x20, 0x42, 0x20, 0x57,
    0x49, 0x46, 0x49, 0x20, 0x53, 0x45, 0x54, 0x55, 0x50, 0x00, 0x41, 0x20,
    0x4F, 0x50, 0x45, 0x4E, 0x20, 0x20, 0x53, 0x45, 0x4C, 0x45, 0x43, 0x54,
    0x20, 0x52, 0x45, 0x4E, 0x41, 0x4D, 0x45, 0x00, 0x4D, 0x4F, 0x55, 0x4E,
    0x54, 0x49, 0x4E, 0x47, 0x20, 0x48, 0x4F, 0x53, 0x54, 0x2E, 0x2E, 0x2E,
    0x00, 0x45, 0x44, 0x49, 0x54, 0x20, 0x48, 0x4F, 0x53, 0x54, 0x20, 0x4E,
    0x41, 0x4D, 0x45, 0x00, 0x53, 0x45, 0x4C, 0x45, 0x43, 0x54, 0x20, 0x41,
    0x20, 0x48, 0x4F, 0x53, 0x54, 0x00, 0x28, 0x65, 0x6D, 0x70, 0x74, 0x79,
    0x29, 0x00, 0x45, 0x48, 0x4F, 0x53, 0x54, 0x53, 0x00, 0x45, 0x57, 0x52,
    0x49, 0x54, 0x45, 0x00, 0x45, 0x4F, 0x50, 0x45, 0x4E, 0x00, 0x45, 0x48,
    0x4F, 0x53, 0x54, 0x00, 0x41, 0x20, 0x4F, 0x50, 0x45, 0x4E, 0x2F, 0x42,
    0x4F, 0x4F, 0x54, 0x20, 0x42, 0x20, 0x55, 0x50, 0x20, 0x53, 0x45, 0x4C,
    0x45, 0x43, 0x54, 0x20, 0x46, 0x49, 0x4C, 0x54, 0x45, 0x52, 0x00, 0x46,
    0x49, 0x4C, 0x54, 0x45, 0x52, 0x20, 0x28, 0x45, 0x4D, 0x50, 0x54, 0x59,
    0x20, 0x53, 0x48, 0x4F, 0x57, 0x53, 0x20, 0x41, 0x4C, 0x4C, 0x29, 0x00,
    0x3C, 0x20, 0x3E, 0x20, 0x50, 0x41, 0x47, 0x45, 0x20, 0x20, 0x53, 0x54,
    0x41, 0x52, 0x54, 0x20, 0x48, 0x4F, 0x53, 0x54, 0x53, 0x00, 0x50, 0x41,
    0x54, 0x48, 0x20, 0x54, 0x4F, 0x4F, 0x20, 0x4C, 0x4F, 0x4E, 0x47, 0x00,
    0x28, 0x6E, 0x6F, 0x20, 0x6D, 0x61, 0x74, 0x63, 0x68, 0x65, 0x73, 0x29,
    0x00, 0x52, 0x45, 0x41, 0x44, 0x49, 0x4E, 0x47, 0x2E, 0x2E, 0x2E, 0x00,
    0x28, 0x65, 0x6D, 0x70, 0x74, 0x79, 0x29, 0x00, 0x45, 0x45, 0x4D, 0x50,
    0x54, 0x59, 0x00, 0x45, 0x52, 0x45, 0x41, 0x44, 0x00, 0x45, 0x4F, 0x50,
    0x45, 0x4E, 0x00, 0x45, 0x53, 0x45, 0x45, 0x4B, 0x00, 0x41, 0x20, 0x4F,
    0x52, 0x20, 0x42, 0x20, 0x47, 0x4F, 0x45, 0x53, 0x20, 0x42, 0x41, 0x43,
    0x4B, 0x00, 0x41, 0x44, 0x41, 0x50, 0x54, 0x45, 0x52, 0x20, 0x49, 0x4E,
    0x46, 0x4F, 0x00, 0x52, 0x45, 0x41, 0x44, 0x49, 0x4E, 0x47, 0x2E, 0x2E,
    0x2E, 0x00, 0x4E, 0x45, 0x54, 0x4D, 0x41, 0x53, 0x4B, 0x00, 0x47, 0x41,
    0x54, 0x45, 0x57, 0x41, 0x59, 0x00, 0x56, 0x45, 0x52, 0x53, 0x49, 0x4F,
    0x4E, 0x00, 0x45, 0x49, 0x4E, 0x46, 0x4F, 0x00, 0x42, 0x53, 0x53, 0x49,
    0x44, 0x00, 0x48, 0x4F, 0x53, 0x54, 0x00, 0x44, 0x4E, 0x53, 0x00, 0x4D,
    0x41, 0x43, 0x00, 0x49, 0x50, 0x00, 0x4D, 0x4F, 0x55, 0x4E, 0x54, 0x49,
    0x4E, 0x47, 0x2E, 0x2E, 0x2E, 0x00, 0x53, 0x45, 0x54, 0x20, 0x50, 0x41,
    0x54, 0x48, 0x2E, 0x2E, 0x2E, 0x00, 0x4C, 0x4F, 0x41, 0x44, 0x49, 0x4E,
    0x47, 0x00, 0x42, 0x4F, 0x4F, 0x54, 0x49, 0x4E, 0x47, 0x00, 0x45, 0x4D,
    0x4F, 0x55, 0x4E, 0x54, 0x00, 0x45, 0x4C, 0x4F, 0x41, 0x44, 0x00, 0x45,
    0x50, 0x41, 0x54, 0x48, 0x00, 0x30, 0x31, 0x32, 0x33, 0x34, 0x35, 0x36,
    0x37, 0x38, 0x39, 0x41, 0x42, 0x43, 0x44, 0x45, 0x46, 0x00, 0x01, 0x08,
    0x0D, 0x13, 0x18, 0x41, 0x20, 0x50, 0x49, 0x43, 0x4B, 0x20, 0x20, 0x42,
    0x20, 0x44, 0x45, 0x4C, 0x20, 0x20, 0x53, 0x45, 0x4C, 0x20, 0x43, 0x41,
    0x53, 0x45, 0x20, 0x20, 0x53, 0x54, 0x41, 0x52, 0x54, 0x20, 0x4F, 0x4B,
    0x00, 0x43, 0x41, 0x53, 0x45, 0x00, 0x53, 0x50, 0x43, 0x00, 0x45, 0x53,
    0x43, 0x00, 0x44, 0x45, 0x4C, 0x00, 0x00, 0x01, 0x02, 0x03, 0x04, 0x02,
    0x04, 0x04, 0x00, 0x01, 0x02, 0x03, 0x04, 0x01, 0x02, 0x01, 0x6A, 0x6F,
    0x79, 0x05, 0x0F, 0x14, 0x3B, 0x3D, 0x38, 0x2D, 0x22, 0x04, 0x18, 0x08,
    0x35, 0x01, 0x10, 0x2B, 0x3D, 0x1A, 0x0F, 0x14, 0x3B, 0x3D, 0x38, 0x2D,
    0x22, 0x04, 0x18, 0x08, 0x35, 0x01, 0x10, 0x2B, 0x3D, 0x1A, 0xB1, 0xAA,
    0xB6, 0xAA, 0xBE, 0xAA, 0xAE, 0xAA, 0xBA, 0xAA, 0x00, 0x00, 0x00, 0x00,
    0x8D, 0x1C, 0x60, 0x8E, 0x1D, 0x60, 0x8D, 0x23, 0x60, 0x8E, 0x24, 0x60,
    0x88, 0xB9, 0xFF, 0xFF, 0x8D, 0x2D, 0x60, 0x88, 0xB9, 0xFF, 0xFF, 0x8D,
    0x2C, 0x60, 0x8C, 0x2F, 0x60, 0x20, 0xFF, 0xFF, 0xA0, 0xFF, 0xD0, 0xE8,
    0x60, 0x4C, 0x00, 0x00, 0x4C, 0x00, 0x00, 0x4C, 0x00, 0x00, 0x4C, 0x00,
    0x00, 0x6A, 0x6F, 0x79, 0x05, 0x00, 0x00, 0x4E, 0xA7, 0x51, 0xA7, 0x52,
    0xA7, 0x57, 0xA7, 0x00, 0x00, 0x00, 0x00, 0x00, 0x00, 0x00, 0x00, 0x00,
    0x00, 0x00, 0x00, 0x00, 0x00, 0x00, 0x00, 0x00, 0x00, 0x00, 0x00, 0x00,
    0x00, 0x00, 0x00, 0x00, 0x00, 0x00, 0x00, 0x00, 0x00, 0x00, 0x00, 0x00,
    0x00, 0x00, 0x00, 0x00, 0x00, 0x00, 0x00, 0x00, 0x00, 0x00, 0x00, 0x00,
    0x00, 0x00, 0x00, 0x00, 0x00, 0x00, 0x00, 0x00, 0x00, 0x00, 0x00, 0x00,
    0x00, 0x00, 0x00, 0x00, 0x00, 0x00, 0x00, 0x00, 0x00, 0x00, 0x00, 0x00,
    0x00, 0x00, 0x00, 0x00, 0x00, 0x00, 0x00, 0x00, 0x00, 0x00, 0x00, 0x00,
    0x00, 0x00, 0x00, 0x00, 0x00, 0x00, 0x00, 0x00, 0x00, 0x00, 0x00, 0x00,
    0x00, 0x00, 0x00, 0x00, 0x00, 0x00, 0x00, 0x00, 0x00, 0x00, 0x00, 0x00,
    0x00, 0x00, 0x00, 0x00, 0x00, 0x00, 0x00, 0x00, 0x00, 0x00, 0x00, 0x00,
    0x00, 0x00, 0x00, 0x00, 0x00, 0x00, 0x00, 0x00, 0x00, 0x00, 0x00, 0x00,
    0x00, 0x00, 0x00, 0x00, 0x00, 0x00, 0x00, 0x00, 0x00, 0x00, 0x00, 0x00,
    0x00, 0x00, 0x00, 0x00, 0x00, 0x00, 0x00, 0x00, 0x00, 0x00, 0x00, 0x00,
    0x00, 0x00, 0x00, 0x00, 0x00, 0x00, 0x00, 0x00, 0x00, 0x00, 0x00, 0x00,
    0x00, 0x00, 0x00, 0x00, 0x00, 0x00, 0x00, 0x00, 0x00, 0x00, 0x00, 0x00,
    0x00, 0x00, 0x00, 0x00, 0x00, 0x00, 0x00, 0x00, 0x00, 0x00, 0x00, 0x00,
    0x00, 0x00, 0x00, 0x00, 0x00, 0x00, 0x00, 0x00, 0x00, 0x00, 0x00, 0x00,
    0x00, 0x00, 0x00, 0x00, 0x00, 0x00, 0x00, 0x00, 0x00, 0x00, 0x00, 0x00,
    0x00, 0x00, 0x00, 0x00, 0x00, 0x00, 0x00, 0x00, 0x00, 0x00, 0x00, 0x00,
    0x00, 0x00, 0x00, 0x00, 0x00, 0x00, 0x00, 0x00, 0x00, 0x00, 0x00, 0x00,
    0x00, 0x00, 0x00, 0x00, 0x00, 0x00, 0x00, 0x00, 0x00, 0x00, 0x00, 0x00,
    0x00, 0x00, 0x00, 0x00, 0x00, 0x00, 0x00, 0x00, 0x00, 0x00, 0x00, 0x00,
    0x00, 0x00, 0x00, 0x00, 0x00, 0x00, 0x00, 0x00, 0x00, 0x00, 0x00, 0x00,
    0x00, 0x00, 0x00, 0x00, 0x00, 0x00, 0x00, 0x00, 0x00, 0x00, 0x00, 0x00,
    0x00, 0x00, 0x00, 0x00, 0x00, 0x00, 0x00, 0x00, 0x00, 0x00, 0x00, 0x00,
    0x00, 0x00, 0x00, 0x00, 0x00, 0x00, 0x00, 0x00, 0x00, 0x00, 0x00, 0x00,
    0x00, 0x00, 0x00, 0x00, 0x00, 0x00, 0x00, 0x00, 0x00, 0x00, 0x00, 0x00,
    0x00, 0x00, 0x00, 0x00, 0x00, 0x00, 0x00, 0x00, 0x00, 0x00, 0x00, 0x00,
    0x00, 0x00, 0x00, 0x00, 0x00, 0x00, 0x00, 0x00, 0x00, 0x00, 0x00, 0x00,
    0x00, 0x00, 0x00, 0x00, 0x00, 0x00, 0x00, 0x00, 0x00, 0x00, 0x00, 0x00,
    0x00, 0x00, 0x00, 0x00, 0x00, 0x00, 0x00, 0x00, 0x00, 0x00, 0x00, 0x00,
    0x00, 0x00, 0x00, 0x00, 0x00, 0x00, 0x00, 0x00, 0x00, 0x00, 0x00, 0x00,
    0x00, 0x00, 0x00, 0x00, 0x00, 0x00, 0x00, 0x00, 0x00, 0x00, 0x00, 0x00,
    0x00, 0x00, 0x00, 0x00, 0x00, 0x00, 0x00, 0x00, 0x00, 0x00, 0x00, 0x00,
    0x00, 0x00, 0x00, 0x00, 0x00, 0x00, 0x00, 0x00, 0x00, 0x00, 0x00, 0x00,
    0x00, 0x00, 0x00, 0x00, 0x00, 0x00, 0x00, 0x00, 0x00, 0x00, 0x00, 0x00,
    0x00, 0x00, 0x00, 0x00, 0x00, 0x00, 0x00, 0x00, 0x00, 0x00, 0x00, 0x00,
    0x00, 0x00, 0x00, 0x00, 0x00, 0x00, 0x00, 0x00, 0x00, 0x00, 0x00, 0x00,
    0x00, 0x00, 0x00, 0x00, 0x00, 0x00, 0x00, 0x00, 0x00, 0x00, 0x00, 0x00,
    0x00, 0x00, 0x00, 0x00, 0x00, 0x00, 0x00, 0x00, 0x00, 0x00, 0x00, 0x00,
    0x00, 0x00, 0x00, 0x00, 0x00, 0x00, 0x00, 0x00, 0x00, 0x00, 0x00, 0x00,
    0x00, 0x00, 0x00, 0x00, 0x00, 0x00, 0x00, 0x00, 0x00, 0x00, 0x00, 0x00,
    0x00, 0x00, 0x00, 0x00, 0x00, 0x00, 0x00, 0x00, 0x00, 0x00, 0x00, 0x00,
    0x00, 0x00, 0x00, 0x00, 0x00, 0x00, 0x00, 0x00, 0x00, 0x00, 0x00, 0x00,
    0x00, 0x00, 0x00, 0x00, 0x00, 0x00, 0x00, 0x00, 0x00, 0x00, 0x00, 0x00,
    0x00, 0x00, 0x00, 0x00, 0x00, 0x00, 0x00, 0x00, 0x00, 0x00, 0x00, 0x00,
    0x00, 0x00, 0x00, 0x00, 0x00, 0x00, 0x00, 0x00, 0x00, 0x00, 0x00, 0x00,
    0x00, 0x00, 0x00, 0x00, 0x00, 0x00, 0x00, 0x00, 0x00, 0x00, 0x00, 0x00,
    0x00, 0x00, 0x00, 0x00, 0x00, 0x00, 0x00, 0x00, 0x00, 0x00, 0x00, 0x00,
    0x00, 0x00, 0x00, 0x00, 0x00, 0x00, 0x00, 0x00, 0x00, 0x00, 0x00, 0x00,
    0x00, 0x00, 0x00, 0x00, 0x00, 0x00, 0x00, 0x00, 0x00, 0x00, 0x00, 0x00,
    0x00, 0x00, 0x00, 0x00, 0x00, 0x00, 0x00, 0x00, 0x00, 0x00, 0x00, 0x00,
    0x00, 0x00, 0x00, 0x00, 0x00, 0x00, 0x00, 0x00, 0x00, 0x00, 0x00, 0x00,
    0x00, 0x00, 0x00, 0x00, 0x00, 0x00, 0x00, 0x00, 0x00, 0x00, 0x00, 0x00,
    0x00, 0x00, 0x00, 0x00, 0x00, 0x00, 0x00, 0x00, 0x00, 0x00, 0x00, 0x00,
    0x00, 0x00, 0x00, 0x00, 0x00, 0x00, 0x00, 0x00, 0x00, 0x00, 0x00, 0x00,
    0x00, 0x00, 0x00, 0x00, 0x00, 0x00, 0x00, 0x00, 0x00, 0x00, 0x00, 0x00,
    0x00, 0x00, 0x00, 0x00, 0x00, 0x00, 0x00, 0x00, 0x00, 0x00, 0x00, 0x00,
    0x00, 0x00, 0x00, 0x00, 0x00, 0x00, 0x00, 0x00, 0x00, 0x00, 0x00, 0x00,
    0x00, 0x00, 0x00, 0x00, 0x00, 0x00, 0x00, 0x00, 0x00, 0x00, 0x00, 0x00,
    0x00, 0x00, 0x00, 0x00, 0x00, 0x00, 0x00, 0x00, 0x00, 0x00, 0x00, 0x00,
    0x00, 0x00, 0x00, 0x00, 0x00, 0x00, 0x00, 0x00, 0x00, 0x00, 0x00, 0x00,
    0x00, 0x00, 0x00, 0x00, 0x00, 0x00, 0x00, 0x00, 0x00, 0x00, 0x00, 0x00,
    0x00, 0x00, 0x00, 0x00, 0x00, 0x00, 0x00, 0x00, 0x00, 0x00, 0x00, 0x00,
    0x00, 0x00, 0x00, 0x00, 0x00, 0x00, 0x00, 0x00, 0x00, 0x00, 0x00, 0x00,
    0x00, 0x00, 0x00, 0x00, 0x00, 0x00, 0x00, 0x00, 0x00, 0x00, 0x00, 0x00,
    0x00, 0x00, 0x00, 0x00, 0x00, 0x00, 0x00, 0x00, 0x00, 0x00, 0x00, 0x00,
    0x00, 0x00, 0x00, 0x00, 0x00, 0x00, 0x00, 0x00, 0x00, 0x00, 0x00, 0x00,
    0x00, 0x00, 0x00, 0x00, 0x00, 0x00, 0x00, 0x00, 0x00, 0x00, 0x00, 0x00,
    0x00, 0x00, 0x00, 0x00, 0x00, 0x00, 0x00, 0x00, 0x00, 0x00, 0x00, 0x00,
    0x00, 0x00, 0x00, 0x00, 0x00, 0x00, 0x00, 0x00, 0x00, 0x00, 0x00, 0x00,
    0x00, 0x00, 0x00, 0x00, 0x00, 0x00, 0x00, 0x00, 0x00, 0x00, 0x00, 0x00,
    0x00, 0x00, 0x00, 0x00, 0x00, 0x00, 0x00, 0x00, 0x00, 0x00, 0x00, 0x00,
    0x00, 0x00, 0x00, 0x00, 0x00, 0x00, 0x00, 0x00, 0x00, 0x00, 0x00, 0x00,
    0x00, 0x00, 0x00, 0x00, 0x00, 0x00, 0x00, 0x00, 0x00, 0x00, 0x00, 0x00,
    0x00, 0x00, 0x00, 0x00, 0x00, 0x00, 0x00, 0x00, 0x00, 0x00, 0x00, 0x00,
    0x00, 0x00, 0x00, 0x00, 0x00, 0x00, 0x00, 0x00, 0x00, 0x00, 0x00, 0x00,
    0x00, 0x00, 0x00, 0x00, 0x00, 0x00, 0x00, 0x00, 0x00, 0x00, 0x00, 0x00,
    0x00, 0x00, 0x00, 0x00, 0x00, 0x00, 0x00, 0x00, 0x00, 0x00, 0x00, 0x00,
    0x00, 0x00, 0x00, 0x00, 0x00, 0x00, 0x00, 0x00, 0x00, 0x00, 0x00, 0x00,
    0x00, 0x00, 0x00, 0x00, 0x00, 0x00, 0x00, 0x00, 0x00, 0x00, 0x00, 0x00,
    0x00, 0x00, 0x00, 0x00, 0x00, 0x00, 0x00, 0x00, 0x00, 0x00, 0x00, 0x00,
    0x00, 0x00, 0x00, 0x00, 0x00, 0x00, 0x00, 0x00, 0x00, 0x00, 0x00, 0x00,
    0x00, 0x00, 0x00, 0x00, 0x00, 0x00, 0x00, 0x00, 0x00, 0x00, 0x00, 0x00,
    0x00, 0x00, 0x00, 0x00, 0x00, 0x00, 0x00, 0x00, 0x00, 0x00, 0x00, 0x00,
    0x00, 0x00, 0x00, 0x00, 0x00, 0x00, 0x00, 0x00, 0x00, 0x00, 0x00, 0x00,
    0x00, 0x00, 0x00, 0x00, 0x00, 0x00, 0x00, 0x00, 0x00, 0x00, 0x00, 0x00,
    0x00, 0x00, 0x00, 0x00, 0x00, 0x00, 0x00, 0x00, 0x00, 0x00, 0x00, 0x00,
    0x00, 0x00, 0x00, 0x00, 0x00, 0x00, 0x00, 0x00, 0x00, 0x00, 0x00, 0x00,
    0x00, 0x00, 0x00, 0x00, 0x00, 0x00, 0x00, 0x00, 0x00, 0x00, 0x00, 0x00,
    0x00, 0x00, 0x00, 0x00, 0x00, 0x00, 0x00, 0x00, 0x00, 0x00, 0x00, 0x00,
    0x00, 0x00, 0x00, 0x00, 0x00, 0x00, 0x00, 0x00, 0x00, 0x00, 0x00, 0x00,
    0x00, 0x00, 0x00, 0x00, 0x00, 0x00, 0x00, 0x00, 0x00, 0x00, 0x00, 0x00,
    0x00, 0x00, 0x00, 0x00, 0x00, 0x00, 0x00, 0x00, 0x00, 0x00, 0x00, 0x00,
    0x00, 0x00, 0x00, 0x00, 0x00, 0x00, 0x00, 0x00, 0x00, 0x00, 0x00, 0x00,
    0x00, 0x00, 0x00, 0x00, 0x00, 0x00, 0x00, 0x00, 0x00, 0x00, 0x00, 0x00,
    0x00, 0x00, 0x00, 0x00, 0x00, 0x00, 0x00, 0x00, 0x00, 0x00, 0x00, 0x00,
    0x00, 0x00, 0x00, 0x00, 0x00, 0x00, 0x00, 0x00, 0x00, 0x00, 0x00, 0x00,
    0x00, 0x00, 0x00, 0x00, 0x00, 0x00, 0x00, 0x00, 0x00, 0x00, 0x00, 0x00,
    0x00, 0x00, 0x00, 0x00, 0x00, 0x00, 0x00, 0x00, 0x00, 0x00, 0x00, 0x00,
    0x00, 0x00, 0x00, 0x00, 0x00, 0x00, 0x00, 0x00, 0x00, 0x00, 0x00, 0x00,
    0x00, 0x00, 0x00, 0x00, 0x00, 0x00, 0x00, 0x00, 0x00, 0x00, 0x00, 0x00,
    0x00, 0x00, 0x00, 0x00, 0x00, 0x00, 0x00, 0x00, 0x00, 0x00, 0x00, 0x00,
    0x00, 0x00, 0x00, 0x00, 0x00, 0x00, 0x00, 0x00, 0x00, 0x00, 0x00, 0x00,
    0x00, 0x00, 0x00, 0x00, 0x00, 0x00, 0x00, 0x00, 0x00, 0x00, 0x00, 0x00,
    0x00, 0x00, 0x00, 0x00, 0x00, 0x00, 0x00, 0x00, 0x00, 0x00, 0x00, 0x00,
    0x00, 0x00, 0x00, 0x00, 0x00, 0x00, 0x00, 0x00, 0x00, 0x00, 0x00, 0x00,
    0x00, 0x00, 0x00, 0x00, 0x00, 0x00, 0x00, 0x00, 0x00, 0x00, 0x00, 0x00,
    0x00, 0x00, 0x00, 0x00, 0x00, 0x00, 0x00, 0x00, 0x00, 0x00, 0x00, 0x00,
    0x00, 0x00, 0x00, 0x00, 0x00, 0x00, 0x00, 0x00, 0x00, 0x00, 0x00, 0x00,
    0x00, 0x00, 0x00, 0x00, 0x00, 0x00, 0x00, 0x00, 0x00, 0x00, 0x00, 0x00,
    0x00, 0x00, 0x00, 0x00, 0x00, 0x00, 0x00, 0x00, 0x00, 0x00, 0x00, 0x00,
    0x00, 0x00, 0x00, 0x00, 0x00, 0x00, 0x00, 0x00, 0x00, 0x00, 0x00, 0x00,
    0x00, 0x00, 0x00, 0x00, 0x00, 0x00, 0x00, 0x00, 0x00, 0x00, 0x00, 0x00,
    0x00, 0x00, 0x00, 0x00, 0x00, 0x00, 0x00, 0x00, 0x00, 0x00, 0x00, 0x00,
    0x00, 0x00, 0x00, 0x00, 0x00, 0x00, 0x00, 0x00, 0x00, 0x00, 0x00, 0x00,
    0x00, 0x00, 0x00, 0x00, 0x00, 0x00, 0x00, 0x00, 0x00, 0x00, 0x00, 0x00,
    0x00, 0x00, 0x00, 0x00, 0x00, 0x00, 0x00, 0x00, 0x00, 0x00, 0x00, 0x00,
    0x00, 0x00, 0x00, 0x00, 0x00, 0x00, 0x00, 0x00, 0x00, 0x00, 0x00, 0x00,
    0x00, 0x00, 0x00, 0x00, 0x00, 0x00, 0x00, 0x00, 0x00, 0x00, 0x00, 0x00,
    0x00, 0x00, 0x00, 0x00, 0x00, 0x00, 0x00, 0x00, 0x00, 0x00, 0x00, 0x00,
    0x00, 0x00, 0x00, 0x00, 0x00, 0x00, 0x00, 0x00, 0x00, 0x00, 0x00, 0x00,
    0x00, 0x00, 0x00, 0x00, 0x00, 0x00, 0x00, 0x00, 0x00, 0x00, 0x00, 0x00,
    0x00, 0x00, 0x00, 0x00, 0x00, 0x00, 0x00, 0x00, 0x00, 0x00, 0x00, 0x00,
    0x00, 0x00, 0x00, 0x00, 0x00, 0x00, 0x00, 0x00, 0x00, 0x00, 0x00, 0x00,
    0x00, 0x00, 0x00, 0x00, 0x00, 0x00, 0x00, 0x00, 0x00, 0x00, 0x00, 0x00,
    0x00, 0x00, 0x00, 0x00, 0x00, 0x00, 0x00, 0x00, 0x00, 0x00, 0x00, 0x00,
    0x00, 0x00, 0x00, 0x00, 0x00, 0x00, 0x00, 0x00, 0x00, 0x00, 0x00, 0x00,
    0x00, 0x00, 0x00, 0x00, 0x00, 0x00, 0x00, 0x00, 0x00, 0x00, 0x00, 0x00,
    0x00, 0x00, 0x00, 0x00, 0x00, 0x00, 0x00, 0x00, 0x00, 0x00, 0x00, 0x00,
    0x00, 0x00, 0x00, 0x00, 0x00, 0x00, 0x00, 0x00, 0x00, 0x00, 0x00, 0x00,
    0x00, 0x00, 0x00, 0x00, 0x00, 0x00, 0x00, 0x00, 0x00, 0x00, 0x00, 0x00,
    0x00, 0x00, 0x00, 0x00, 0x00, 0x00, 0x00, 0x00, 0x00, 0x00, 0x00, 0x00,
    0x00, 0x00, 0x00, 0x00, 0x00, 0x00, 0x00, 0x00, 0x00, 0x00, 0x00, 0x00,
    0x00, 0x00, 0x00, 0x00, 0x00, 0x00, 0x00, 0x00, 0x00, 0x00, 0x00, 0x00,
    0x00, 0x00, 0x00, 0x00, 0x00, 0x00, 0x00, 0x00, 0x00, 0x00, 0x00, 0x00,
    0x00, 0x00, 0x00, 0x00, 0x00, 0x00, 0x00, 0x00, 0x00, 0x00, 0x00, 0x00,
    0x00, 0x00, 0x00, 0x00, 0x00, 0x00, 0x00, 0x00, 0x00, 0x00, 0x00, 0x00,
    0x00, 0x00, 0x00, 0x00, 0x00, 0x00, 0x00, 0x00, 0x00, 0x00, 0x00, 0x00,
    0x00, 0x00, 0x00, 0x00, 0x00, 0x00, 0x00, 0x00, 0x00, 0x00, 0x00, 0x00,
    0x00, 0x00, 0x00, 0x00, 0x00, 0x00, 0x00, 0x00, 0x00, 0x00, 0x00, 0x00,
    0x00, 0x00, 0x00, 0x00, 0x00, 0x00, 0x00, 0x00, 0x00, 0x00, 0x00, 0x00,
    0x00, 0x00, 0x00, 0x00, 0x00, 0x00, 0x00, 0x00, 0x00, 0x00, 0x00, 0x00,
    0x00, 0x00, 0x00, 0x00, 0x00, 0x00, 0x00, 0x00, 0x00, 0x00, 0x00, 0x00,
    0x00, 0x00, 0x00, 0x00, 0x00, 0x00, 0x00, 0x00, 0x00, 0x00, 0x00, 0x00,
    0x00, 0x00, 0x00, 0x00, 0x00, 0x00, 0x00, 0x00, 0x00, 0x00, 0x00, 0x00,
    0x00, 0x00, 0x00, 0x00, 0x00, 0x00, 0x00, 0x00, 0x00, 0x00, 0x00, 0x00,
    0x00, 0x00, 0x00, 0x00, 0x00, 0x00, 0x00, 0x00, 0x00, 0x00, 0x00, 0x00,
    0x00, 0x00, 0x00, 0x00, 0x00, 0x00, 0x00, 0x00, 0x00, 0x00, 0x00, 0x00,
    0x00, 0x00, 0x00, 0x00, 0x00, 0x00, 0x00, 0x00, 0x00, 0x00, 0x00, 0x00,
    0x00, 0x00, 0x00, 0x00, 0x00, 0x00, 0x00, 0x00, 0x00, 0x00, 0x00, 0x00,
    0x00, 0x00, 0x00, 0x00, 0x00, 0x00, 0x00, 0x00, 0x00, 0x00, 0x00, 0x00,
    0x00, 0x00, 0x00, 0x00, 0x00, 0x00, 0x00, 0x00, 0x00, 0x00, 0x00, 0x00,
    0x00, 0x00, 0x00, 0x00, 0x00, 0x00, 0x00, 0x00, 0x00, 0x00, 0x00, 0x00,
    0x00, 0x00, 0x00, 0x00, 0x00, 0x00, 0x00, 0x00, 0x00, 0x00, 0x00, 0x00,
    0x00, 0x00, 0x00, 0x00, 0x00, 0x00, 0x00, 0x00, 0x00, 0x00, 0x00, 0x00,
    0x00, 0x00, 0x00, 0x00, 0x00, 0x00, 0x00, 0x00, 0x00, 0x00, 0x00, 0x00,
    0x00, 0x00, 0x00, 0x00, 0x00, 0x00, 0x00, 0x00, 0x00, 0x00, 0x00, 0x00,
    0x00, 0x00, 0x00, 0x00, 0x00, 0x00, 0x00, 0x00, 0x00, 0x00, 0x00, 0x00,
    0x00, 0x00, 0x00, 0x00, 0x00, 0x00, 0x00, 0x00, 0x00, 0x00, 0x00, 0x00,
    0x00, 0x00, 0x00, 0x00, 0x00, 0x00, 0x00, 0x00, 0x00, 0x00, 0x00, 0x00,
    0x00, 0x00, 0x00, 0x00, 0x00, 0x00, 0x00, 0x00, 0x00, 0x00, 0x00, 0x00,
    0x00, 0x00, 0x00, 0x00, 0x00, 0x00, 0x00, 0x00, 0x00, 0x00, 0x00, 0x00,
    0x00, 0x00, 0x00, 0x00, 0x00, 0x00, 0x00, 0x00, 0x00, 0x00, 0x00, 0x00,
    0x00, 0x00, 0x00, 0x00, 0x00, 0x00, 0x00, 0x00, 0x00, 0x00, 0x00, 0x00,
    0x00, 0x00, 0x00, 0x00, 0x00, 0x00, 0x00, 0x00, 0x00, 0x00, 0x00, 0x00,
    0x00, 0x00, 0x00, 0x00, 0x00, 0x00, 0x00, 0x00, 0x00, 0x00, 0x00, 0x00,
    0x00, 0x00, 0x00, 0x00, 0x00, 0x00, 0x00, 0x00, 0x00, 0x00, 0x00, 0x00,
    0x00, 0x00, 0x00, 0x00, 0x00, 0x00, 0x00, 0x00, 0x00, 0x00, 0x00, 0x00,
    0x00, 0x00, 0x00, 0x00, 0x00, 0x00, 0x00, 0x00, 0x00, 0x00, 0x00, 0x00,
    0x00, 0x00, 0x00, 0x00, 0x00, 0x00, 0x00, 0x00, 0x00, 0x00, 0x00, 0x00,
    0x00, 0x00, 0x00, 0x00, 0x00, 0x00, 0x00, 0x00, 0x00, 0x00, 0x00, 0x00,
    0x00, 0x00, 0x00, 0x00, 0x00, 0x00, 0x00, 0x00, 0x00, 0x00, 0x00, 0x00,
    0x00, 0x00, 0x00, 0x00, 0x00, 0x00, 0x00, 0x00, 0x00, 0x00, 0x00, 0x00,
    0x00, 0x00, 0x00, 0x00, 0x00, 0x00, 0x00, 0x00, 0x00, 0x00, 0x00, 0x00,
    0x00, 0x00, 0x00, 0x00, 0x00, 0x00, 0x00, 0x00, 0x00, 0x00, 0x00, 0x00,
    0x00, 0x00, 0x00, 0x00, 0x00, 0x00, 0x00, 0x00, 0x00, 0x00, 0x00, 0x00,
    0x00, 0x00, 0x00, 0x00, 0x00, 0x00, 0x00, 0x00, 0x00, 0x00, 0x00, 0x00,
    0x00, 0x00, 0x00, 0x00, 0x00, 0x00, 0x00, 0x00, 0x00, 0x00, 0x00, 0x00,
    0x00, 0x00, 0x00, 0x00, 0x00, 0x00, 0x00, 0x00, 0x00, 0x00, 0x00, 0x00,
    0x00, 0x00, 0x00, 0x00, 0x00, 0x00, 0x00, 0x00, 0x00, 0x00, 0x00, 0x00,
    0x00, 0x00, 0x00, 0x00, 0x00, 0x00, 0x00, 0x00, 0x00, 0x00, 0x00, 0x00,
    0x00, 0x00, 0x00, 0x00, 0x00, 0x00, 0x00, 0x00, 0x00, 0x00, 0x00, 0x00,
    0x00, 0x00, 0x00, 0x00, 0x00, 0x00, 0x00, 0x00, 0x00, 0x00, 0x00, 0x00,
    0x00, 0x00, 0x00, 0x00, 0x00, 0x00, 0x00, 0x00, 0x00, 0x00, 0x00, 0x00,
    0x00, 0x00, 0x00, 0x00, 0x00, 0x00, 0x00, 0x00, 0x00, 0x00, 0x00, 0x00,
    0x00, 0x00, 0x00, 0x00, 0x00, 0x00, 0x00, 0x00, 0x00, 0x00, 0x00, 0x00,
    0x00, 0x00, 0x00, 0x00, 0x00, 0x00, 0x00, 0x00, 0x00, 0x00, 0x00, 0x00,
    0x00, 0x00, 0x00, 0x00, 0x00, 0x00, 0x00, 0x00, 0x00, 0x00, 0x00, 0x00,
    0x00, 0x00, 0x00, 0x00, 0x00, 0x00, 0x00, 0x00, 0x00, 0x00, 0x00, 0x00,
    0x00, 0x00, 0x00, 0x00, 0x00, 0x00, 0x00, 0x00, 0x00, 0x00, 0x00, 0x00,
    0x00, 0x00, 0x00, 0x00, 0x00, 0x00, 0x00, 0x00, 0x00, 0x00, 0x00, 0x00,
    0x00, 0x00, 0x00, 0x00, 0x00, 0x00, 0x00, 0x00, 0x00, 0x00, 0x00, 0x00,
    0x00, 0x00, 0x00, 0x00, 0x00, 0x00, 0x00, 0x00, 0x00, 0x00, 0x00, 0x00,
    0x00, 0x00, 0x00, 0x00, 0x00, 0x00, 0x00, 0x00, 0x00, 0x00, 0x00, 0x00,
    0x00, 0x00, 0x00, 0x00, 0x00, 0x00, 0x00, 0x00, 0x00, 0x00, 0x00, 0x00,
    0x00, 0x00, 0x00, 0x00, 0x00, 0x00, 0x00, 0x00, 0x00, 0x00, 0x00, 0x00,
    0x00, 0x00, 0x00, 0x00, 0x00, 0x00, 0x00, 0x00, 0x00, 0x00, 0x00, 0x00,
    0x00, 0x00, 0x00, 0x00, 0x00, 0x00, 0x00, 0x00, 0x00, 0x00, 0x00, 0x00,
    0x00, 0x00, 0x00, 0x00, 0x00, 0x00, 0x00, 0x00, 0x00, 0x00, 0x00, 0x00,
    0x00, 0x00, 0x00, 0x00, 0x00, 0x00, 0x00, 0x00, 0x00, 0x00, 0x00, 0x00,
    0x00, 0x00, 0x00, 0x00, 0x00, 0x00, 0x00, 0x00, 0x00, 0x00, 0x00, 0x00,
    0x00, 0x00, 0x00, 0x00, 0x00, 0x00, 0x00, 0x00, 0x00, 0x00, 0x00, 0x00,
    0x00, 0x00, 0x00, 0x00, 0x00, 0x00, 0x00, 0x00, 0x00, 0x00, 0x00, 0x00,
    0x00, 0x00, 0x00, 0x00, 0x00, 0x00, 0x00, 0x00, 0x00, 0x00, 0x00, 0x00,
    0x00, 0x00, 0x00, 0x00, 0x00, 0x00, 0x00, 0x00, 0x00, 0x00, 0x00, 0x00,
    0x00, 0x00, 0x00, 0x00, 0x00, 0x00, 0x00, 0x00, 0x00, 0x00, 0x00, 0x00,
    0x00, 0x00, 0x00, 0x00, 0x00, 0x00, 0x00, 0x00, 0x00, 0x00, 0x00, 0x00,
    0x00, 0x00, 0x00, 0x00, 0x00, 0x00, 0x00, 0x00, 0x00, 0x00, 0x00, 0x00,
    0x00, 0x00, 0x00, 0x00, 0x00, 0x00, 0x00, 0x00, 0x00, 0x00, 0x00, 0x00,
    0x00, 0x00, 0x00, 0x00, 0x00, 0x00, 0x00, 0x00, 0x00, 0x00, 0x00, 0x00,
    0x00, 0x00, 0x00, 0x00, 0x00, 0x00, 0x00, 0x00, 0x00, 0x00, 0x00, 0x00,
    0x00, 0x00, 0x00, 0x00, 0x00, 0x00, 0x00, 0x00, 0x00, 0x00, 0x00, 0x00,
    0x00, 0x00, 0x00, 0x00, 0x00, 0x00, 0x00, 0x00, 0x00, 0x00, 0x00, 0x00,
    0x00, 0x00, 0x00, 0x00, 0x00, 0x00, 0x00, 0x00, 0x00, 0x00, 0x00, 0x00,
    0x00, 0x00, 0x00, 0x00, 0x00, 0x00, 0x00, 0x00, 0x00, 0x00, 0x00, 0x00,
    0x00, 0x00, 0x00, 0x00, 0x00, 0x00, 0x00, 0x00, 0x00, 0x00, 0x00, 0x00,
    0x00, 0x00, 0x00, 0x00, 0x00, 0x00, 0x00, 0x00, 0x00, 0x00, 0x00, 0x00,
    0x00, 0x00, 0x00, 0x00, 0x00, 0x00, 0x00, 0x00, 0x00, 0x00, 0x00, 0x00,
    0x00, 0x00, 0x00, 0x00, 0x00, 0x00, 0x00, 0x00, 0x00, 0x00, 0x00, 0x00,
    0x00, 0x00, 0x00, 0x00, 0x00, 0x00, 0x00, 0x00, 0x00, 0x00, 0x00, 0x00,
    0x00, 0x00, 0x00, 0x00, 0x00, 0x00, 0x00, 0x00, 0x00, 0x00, 0x00, 0x00,
    0x00, 0x00, 0x00, 0x00, 0x00, 0x00, 0x00, 0x00, 0x00, 0x00, 0x00, 0x00,
    0x00, 0x00, 0x00, 0x00, 0x00, 0x00, 0x00, 0x00, 0x00, 0x00, 0x00, 0x00,
    0x00, 0x00, 0x00, 0x00, 0x00, 0x00, 0x00, 0x00, 0x00, 0x00, 0x00, 0x00,
    0x00, 0x00, 0x00, 0x00, 0x00, 0x00, 0x00, 0x00, 0x00, 0x00, 0x00, 0x00,
    0x00, 0x00, 0x00, 0x00, 0x00, 0x00, 0x00, 0x00, 0x00, 0x00, 0x00, 0x00,
    0x00, 0x00, 0x00, 0x00, 0x00, 0x00, 0x00, 0x00, 0x00, 0x00, 0x00, 0x00,
    0x00, 0x00, 0x00, 0x00, 0x00, 0x00, 0x00, 0x00, 0x00, 0x00, 0x00, 0x00,
    0x00, 0x00, 0x00, 0x00, 0x00, 0x00, 0x00, 0x00, 0x00, 0x00, 0x00, 0x00,
    0x00, 0x00, 0x00, 0x00, 0x00, 0x00, 0x00, 0x00, 0x00, 0x00, 0x00, 0x00,
    0x00, 0x00, 0x00, 0x00, 0x00, 0x00, 0x00, 0x00, 0x00, 0x00, 0x00, 0x00,
    0x00, 0x00, 0x00, 0x00, 0x00, 0x00, 0x00, 0x00, 0x00, 0x00, 0x00, 0x00,
    0x00, 0x00, 0x00, 0x00, 0x00, 0x00, 0x00, 0x00, 0x00, 0x00, 0x00, 0x00,
    0x00, 0x00, 0x00, 0x00, 0x00, 0x00, 0x00, 0x00, 0x00, 0x00, 0x00, 0x00,
    0x00, 0x00, 0x00, 0x00, 0x00, 0x00, 0x00, 0x00, 0x00, 0x00, 0x00, 0x00,
    0x00, 0x00, 0x00, 0x00, 0x00, 0x00, 0x00, 0x00, 0x00, 0x00, 0x00, 0x00,
    0x00, 0x00, 0x00, 0x00, 0x00, 0x00, 0x00, 0x00, 0x00, 0x00, 0x00, 0x00,
    0x00, 0x00, 0x00, 0x00, 0x00, 0x00, 0x00, 0x00, 0x00, 0x00, 0x00, 0x00,
    0x00, 0x00, 0x00, 0x00, 0x00, 0x00, 0x00, 0x00, 0x00, 0x00, 0x00, 0x00,
    0x00, 0x00, 0x00, 0x00, 0x00, 0x00, 0x00, 0x00, 0x00, 0x00, 0x00, 0x00,
    0x00, 0x00, 0x00, 0x00, 0x00, 0x00, 0x00, 0x00, 0x00, 0x00, 0x00, 0x00,
    0x00, 0x00, 0x00, 0x00, 0x00, 0x00, 0x00, 0x00, 0x00, 0x00, 0x00, 0x00,
    0x00, 0x00, 0x00, 0x00, 0x00, 0x00, 0x00, 0x00, 0x00, 0x00, 0x00, 0x00,
    0x00, 0x00, 0x00, 0x00, 0x00, 0x00, 0x00, 0x00, 0x00, 0x00, 0x00, 0x00,
    0x00, 0x00, 0x00, 0x00, 0x00, 0x00, 0x00, 0x00, 0x00, 0x00, 0x00, 0x00,
    0x00, 0x00, 0x00, 0x00, 0x00, 0x00, 0x00, 0x00, 0x00, 0x00, 0x00, 0x00,
    0x00, 0x00, 0x00, 0x00, 0x00, 0x00, 0x00, 0x00, 0x00, 0x00, 0x00, 0x00,
    0x00, 0x00, 0x00, 0x00, 0x00, 0x00, 0x00, 0x00, 0x00, 0x00, 0x00, 0x00,
    0x00, 0x00, 0x00, 0x00, 0x00, 0x00, 0x00, 0x00, 0x00, 0x00, 0x00, 0x00,
    0x00, 0x00, 0x00, 0x00, 0x00, 0x00, 0x00, 0x00, 0x00, 0x00, 0x00, 0x00,
    0x00, 0x00, 0x00, 0x00, 0x00, 0x00, 0x00, 0x00, 0x00, 0x00, 0x00, 0x00,
    0x00, 0x00, 0x00, 0x00, 0x00, 0x00, 0x00, 0x00, 0x00, 0x00, 0x00, 0x00,
    0x00, 0x00, 0x00, 0x00, 0x00, 0x00, 0x00, 0x00, 0x00, 0x00, 0x00, 0x00,
    0x00, 0x00, 0x00, 0x00, 0x00, 0x00, 0x00, 0x00, 0x00, 0x00, 0x00, 0x00,
    0x00, 0x00, 0x00, 0x00, 0x00, 0x00, 0x00, 0x00, 0x00, 0x00, 0x00, 0x00,
    0x00, 0x00, 0x00, 0x00, 0x00, 0x00, 0x00, 0x00, 0x00, 0x00, 0x00, 0x00,
    0x00, 0x00, 0x00, 0x00, 0x00, 0x00, 0x00, 0x00, 0x00, 0x00, 0x00, 0x00,
    0x00, 0x00, 0x00, 0x00, 0x00, 0x00, 0x00, 0x00, 0x00, 0x00, 0x00, 0x00,
    0x00, 0x00, 0x00, 0x00, 0x00, 0x00, 0x00, 0x00, 0x00, 0x00, 0x00, 0x00,
    0x00, 0x00, 0x00, 0x00, 0x00, 0x00, 0x00, 0x00, 0x00, 0x00, 0x00, 0x00,
    0x00, 0x00, 0x00, 0x00, 0x00, 0x00, 0x00, 0x00, 0x00, 0x00, 0x00, 0x00,
    0x00, 0x00, 0x00, 0x00, 0x00, 0x00, 0x00, 0x00, 0x00, 0x00, 0x00, 0x00,
    0x00, 0x00, 0x00, 0x00, 0x00, 0x00, 0x00, 0x00, 0x00, 0x00, 0x00, 0x00,
    0x00, 0x00, 0x00, 0x00, 0x00, 0x00, 0x00, 0x00, 0x00, 0x00, 0x00, 0x00,
    0x00, 0x00, 0x00, 0x00, 0x00, 0x00, 0x00, 0x00, 0x00, 0x00, 0x00, 0x00,
    0x00, 0x00, 0x00, 0x00, 0x00, 0x00, 0x00, 0x00, 0x00, 0x00, 0x00, 0x00,
    0x00, 0x00, 0x00, 0x00, 0x00, 0x00, 0x00, 0x00, 0x00, 0x00, 0x00, 0x00,
    0x00, 0x00, 0x00, 0x00, 0x00, 0x00, 0x00, 0x00, 0x00, 0x00, 0x00, 0x00,
    0x00, 0x00, 0x00, 0x00, 0x00, 0x00, 0x00, 0x00, 0x00, 0x00, 0x00, 0x00,
    0x00, 0x00, 0x00, 0x00, 0x00, 0x00, 0x00, 0x00, 0x00, 0x00, 0x00, 0x00,
    0x00, 0x00, 0x00, 0x00, 0x00, 0x00, 0x00, 0x00, 0x00, 0x00, 0x00, 0x00,
    0x00, 0x00, 0x00, 0x00, 0x00, 0x00, 0x00, 0x00, 0x00, 0x00, 0x00, 0x00,
    0x00, 0x00, 0x00, 0x00, 0x00, 0x00, 0x00, 0x00, 0x00, 0x00, 0x00, 0x00,
    0x00, 0x00, 0x00, 0x00, 0x00, 0x00, 0x00, 0x00, 0x00, 0x00, 0x00, 0x00,
    0x00, 0x00, 0x00, 0x00, 0x00, 0x00, 0x00, 0x00, 0x00, 0x00, 0x00, 0x00,
    0x00, 0x00, 0x00, 0x00, 0x00, 0x00, 0x00, 0x00, 0x00, 0x00, 0x00, 0x00,
    0x00, 0x00, 0x00, 0x00, 0x00, 0x00, 0x00, 0x00, 0x00, 0x00, 0x00, 0x00,
    0x00, 0x00, 0x00, 0x00, 0x00, 0x00, 0x00, 0x00, 0x00, 0x00, 0x00, 0x00,
    0x00, 0x00, 0x00, 0x00, 0x00, 0x00, 0x00, 0x00, 0x00, 0x00, 0x00, 0x00,
    0x00, 0x00, 0x00, 0x00, 0x00, 0x00, 0x00, 0x00, 0x00, 0x00, 0x00, 0x00,
    0x00, 0x00, 0x00, 0x00, 0x00, 0x00, 0x00, 0x00, 0x00, 0x00, 0x00, 0x00,
    0x00, 0x00, 0x00, 0x00, 0x00, 0x00, 0x00, 0x00, 0x00, 0x00, 0x00, 0x00,
    0x00, 0x00, 0x00, 0x00, 0x00, 0x00, 0x00, 0x00, 0x00, 0x00, 0x00, 0x00,
    0x00, 0x00, 0x00, 0x00, 0x00, 0x00, 0x00, 0x00, 0x00, 0x00, 0x00, 0x00,
    0x00, 0x00, 0x00, 0x00, 0x00, 0x00, 0x00, 0x00, 0x00, 0x00, 0x00, 0x00,
    0x00, 0x00, 0x00, 0x00, 0x00, 0x00, 0x00, 0x00, 0x00, 0x00, 0x00, 0x00,
    0x00, 0x00, 0x00, 0x00, 0x00, 0x00, 0x00, 0x00, 0x00, 0x00, 0x00, 0x00,
    0x00, 0x00, 0x00, 0x00, 0x00, 0x00, 0x00, 0x00, 0x00, 0x00, 0x00, 0x00,
    0x00, 0x00, 0x00, 0x00, 0x00, 0x00, 0x00, 0x00, 0x00, 0x00, 0x00, 0x00,
    0x00, 0x00, 0x00, 0x00, 0x00, 0x00, 0x00, 0x00, 0x00, 0x00, 0x00, 0x00,
    0x00, 0x00, 0x00, 0x00, 0x00, 0x00, 0x00, 0x00, 0x00, 0x00, 0x00, 0x00,
    0x00, 0x00, 0x00, 0x00, 0x00, 0x00, 0x00, 0x00, 0x00, 0x00, 0x00, 0x00,
    0x00, 0x00, 0x00, 0x00, 0x00, 0x00, 0x00, 0x00, 0x00, 0x00, 0x00, 0x00,
    0x00, 0x00, 0x00, 0x00, 0x00, 0x00, 0x00, 0x00, 0x00, 0x00, 0x00, 0x00,
    0x00, 0x00, 0x00, 0x00, 0x00, 0x00, 0x00, 0x00, 0x00, 0x00, 0x00, 0x00,
    0x00, 0x00, 0x00, 0x00, 0x00, 0x00, 0x00, 0x00, 0x00, 0x00, 0x00, 0x00,
    0x00, 0x00, 0x00, 0x00, 0x00, 0x00, 0x00, 0x00, 0x00, 0x00, 0x00, 0x00,
    0x00, 0x00, 0x00, 0x00, 0x00, 0x00, 0x00, 0x00, 0x00, 0x00, 0x00, 0x00,
    0x00, 0x00, 0x00, 0x00, 0x00, 0x00, 0x00, 0x00, 0x00, 0x00, 0x00, 0x00,
    0x00, 0x00, 0x00, 0x00, 0x00, 0x00, 0x00, 0x00, 0x00, 0x00, 0x00, 0x00,
    0x00, 0x00, 0x00, 0x00, 0x00, 0x00, 0x00, 0x00, 0x00, 0x00, 0x00, 0x00,
    0x00, 0x00, 0x00, 0x00, 0x00, 0x00, 0x00, 0x00, 0x00, 0x00, 0x00, 0x00,
    0x00, 0x00, 0x00, 0x00, 0x00, 0x00, 0x00, 0x00, 0x00, 0x00, 0x00, 0x00,
    0x00, 0x00, 0x00, 0x00, 0x00, 0x00, 0x00, 0x00, 0x00, 0x00, 0x00, 0x00,
    0x00, 0x00, 0x00, 0x00, 0x00, 0x00, 0x00, 0x00, 0x00, 0x00, 0x00, 0x00,
    0x00, 0x00, 0x00, 0x00, 0x00, 0x00, 0x00, 0x00, 0x00, 0x00, 0x00, 0x00,
    0x00, 0x00, 0x00, 0x00, 0x00, 0x00, 0x00, 0x00, 0x00, 0x00, 0x00, 0x00,
    0x00, 0x00, 0x00, 0x00, 0x00, 0x00, 0x00, 0x00, 0x00, 0x00, 0x00, 0x00,
    0x00, 0x00, 0x00, 0x00, 0x00, 0x00, 0x00, 0x00, 0x00, 0x00, 0x00, 0x00,
    0x00, 0x00, 0x00, 0x00, 0x00, 0x00, 0x00, 0x00, 0x00, 0x00, 0x00, 0x00,
    0x00, 0x00, 0x00, 0x00, 0x00, 0x00, 0x00, 0x00, 0x00, 0x00, 0x00, 0x00,
    0x00, 0x00, 0x00, 0x00, 0x00, 0x00, 0x00, 0x00, 0x00, 0x00, 0x00, 0x00,
    0x00, 0x00, 0x00, 0x00, 0x00, 0x00, 0x00, 0x00, 0x00, 0x00, 0x00, 0x00,
    0x00, 0x00, 0x00, 0x00, 0x00, 0x00, 0x00, 0x00, 0x00, 0x00, 0x00, 0x00,
    0x00, 0x00, 0x00, 0x00, 0x00, 0x00, 0x00, 0x00, 0x00, 0x00, 0x00, 0x00,
    0x00, 0x00, 0x00, 0x00, 0x00, 0x00, 0x00, 0x00, 0x00, 0x00, 0x00, 0x00,
    0x00, 0x00, 0x00, 0x00, 0x00, 0x00, 0x00, 0x00, 0x00, 0x00, 0x00, 0x00,
    0x00, 0x00, 0x00, 0x00, 0x00, 0x00, 0x00, 0x00, 0x00, 0x00, 0x00, 0x00,
    0x00, 0x00, 0x00, 0x00, 0x00, 0x00, 0x00, 0x00, 0x00, 0x00, 0x00, 0x00,
    0x00, 0x00, 0x00, 0x00, 0x00, 0x00, 0x00, 0x00, 0x00, 0x00, 0x00, 0x00,
    0x00, 0x00, 0x00, 0x00, 0x00, 0x00, 0x00, 0x00, 0x00, 0x00, 0x00, 0x00,
    0x00, 0x00, 0x00, 0x00, 0x00, 0x00, 0x00, 0x00, 0x00, 0x00, 0x00, 0x00,
    0x00, 0x00, 0x00, 0x00, 0x00, 0x00, 0x00, 0x00, 0x00, 0x00, 0x00, 0x00,
    0x00, 0x00, 0x00, 0x00, 0x00, 0x00, 0x00, 0x00, 0x00, 0x00, 0x00, 0x00,
    0x00, 0x00, 0x00, 0x00, 0x00, 0x00, 0x00, 0x00, 0x00, 0x00, 0x00, 0x00,
    0x00, 0x00, 0x00, 0x00, 0x00, 0x00, 0x00, 0x00, 0x00, 0x00, 0x00, 0x00,
    0x00, 0x00, 0x00, 0x00, 0x00, 0x00, 0x00, 0x00, 0x00, 0x00, 0x00, 0x00,
    0x00, 0x00, 0x00, 0x00, 0x00, 0x00, 0x00, 0x00, 0x00, 0x00, 0x00, 0x00,
    0x00, 0x00, 0x00, 0x00, 0x00, 0x00, 0x00, 0x00, 0x00, 0x00, 0x00, 0x00,
    0x00, 0x00, 0x00, 0x00, 0x00, 0x00, 0x00, 0x00, 0x00, 0x00, 0x00, 0x00,
    0x00, 0x00, 0x00, 0x00, 0x00, 0x00, 0x00, 0x00, 0x00, 0x00, 0x00, 0x00,
    0x00, 0x00, 0x00, 0x00, 0x00, 0x00, 0x00, 0x00, 0x00, 0x00, 0x00, 0x00,
    0x00, 0x00, 0x00, 0x00, 0x00, 0x00, 0x00, 0x00, 0x00, 0x00, 0x00, 0x00,
    0x00, 0x00, 0x00, 0x00, 0x00, 0x00, 0x00, 0x00, 0x00, 0x00, 0x00, 0x00,
    0x00, 0x00, 0x00, 0x00, 0x00, 0x00, 0x00, 0x00, 0x00, 0x00, 0x00, 0x00,
    0x00, 0x00, 0x00, 0x00, 0x00, 0x00, 0x00, 0x00, 0x00, 0x00, 0x00, 0x00,
    0x00, 0x00, 0x00, 0x00, 0x00, 0x00, 0x00, 0x00, 0x00, 0x00, 0x00, 0x00,
    0x00, 0x00, 0x00, 0x00, 0x00, 0x00, 0x00, 0x00, 0x00, 0x00, 0x00, 0x00,
    0x00, 0x00, 0x00, 0x00, 0x00, 0x00, 0x00, 0x00, 0x00, 0x00, 0x00, 0x00,
    0x00, 0x00, 0x00, 0x00, 0x00, 0x00, 0x00, 0x00, 0x00, 0x00, 0x00, 0x00,
    0x00, 0x00, 0x00, 0x00, 0x00, 0x00, 0x00, 0x00, 0x00, 0x00, 0x00, 0x00,
    0x00, 0x00, 0x00, 0x00, 0x00, 0x00, 0x00, 0x00, 0x00, 0x00, 0x00, 0x00,
    0x00, 0x00, 0x00, 0x00, 0x00, 0x00, 0x00, 0x00, 0x00, 0x00, 0x00, 0x00,
    0x00, 0x00, 0x00, 0x00, 0x00, 0x00, 0x00, 0x00, 0x00, 0x00, 0x00, 0x00,
    0x00, 0x00, 0x00, 0x00, 0x00, 0x00, 0x00, 0x00, 0x00, 0x00, 0x00, 0x00,
    0x00, 0x00, 0x00, 0x00, 0x00, 0x00, 0x00, 0x00, 0x00, 0x00, 0x00, 0x00,
    0x00, 0x00, 0x00, 0x00, 0x00, 0x00, 0x00, 0x00, 0x00, 0x00, 0x00, 0x00,
    0x00, 0x00, 0x00, 0x00, 0x00, 0x00, 0x00, 0x00, 0x00, 0x00, 0x00, 0x00,
    0x00, 0x00, 0x00, 0x00, 0x00, 0x00, 0x00, 0x00, 0x00, 0x00, 0x00, 0x00,
    0x00, 0x00, 0x00, 0x00, 0x00, 0x00, 0x00, 0x00, 0x00, 0x00, 0x00, 0x00,
    0x00, 0x00, 0x00, 0x00, 0x00, 0x00, 0x00, 0x00, 0x00, 0x00, 0x00, 0x00,
    0x00, 0x00, 0x00, 0x00, 0x00, 0x00, 0x00, 0x00, 0x00, 0x00, 0x00, 0x00,
    0x00, 0x00, 0x00, 0x00, 0x00, 0x00, 0x00, 0x00, 0x00, 0x00, 0x00, 0x00,
    0x00, 0x00, 0x00, 0x00, 0x00, 0x00, 0x00, 0x00, 0x00, 0x00, 0x00, 0x00,
    0x00, 0x00, 0x00, 0x00, 0x00, 0x00, 0x00, 0x00, 0x00, 0x00, 0x00, 0x00,
    0x00, 0x00, 0x00, 0x00, 0x00, 0x00, 0x00, 0x00, 0x00, 0x00, 0x00, 0x00,
    0x00, 0x00, 0x00, 0x00, 0x00, 0x00, 0x00, 0x00, 0x00, 0x00, 0x00, 0x00,
    0x00, 0x00, 0x00, 0x00, 0x00, 0x00, 0x00, 0x00, 0x00, 0x00, 0x00, 0x00,
    0x00, 0x00, 0x00, 0x00, 0x00, 0x00, 0x00, 0x00, 0x00, 0x00, 0x00, 0x00,
    0x00, 0x00, 0x00, 0x00, 0x00, 0x00, 0x00, 0x00, 0x00, 0x00, 0x00, 0x00,
    0x00, 0x00, 0x00, 0x00, 0x00, 0x00, 0x00, 0x00, 0x00, 0x00, 0x00, 0x00,
    0x00, 0x00, 0x00, 0x00, 0x00, 0x00, 0x00, 0x00, 0x00, 0x00, 0x00, 0x00,
    0x00, 0x00, 0x00, 0x00, 0x00, 0x00, 0x00, 0x00, 0x00, 0x00, 0x00, 0x00,
    0x00, 0x00, 0x00, 0x00, 0x00, 0x00, 0x00, 0x00, 0x00, 0x00, 0x00, 0x00,
    0x00, 0x00, 0x00, 0x00, 0x00, 0x00, 0x00, 0x00, 0x00, 0x00, 0x00, 0x00,
    0x00, 0x00, 0x00, 0x00, 0x00, 0x00, 0x00, 0x00, 0x00, 0x00, 0x00, 0x00,
    0x00, 0x00, 0x00, 0x00, 0x00, 0x00, 0x00, 0x00, 0x00, 0x00, 0x00, 0x00,
    0x00, 0x00, 0x00, 0x00, 0x00, 0x00, 0x00, 0x00, 0x00, 0x00, 0x00, 0x00,
    0x00, 0x00, 0x00, 0x00, 0x00, 0x00, 0x00, 0x00, 0x00, 0x00, 0x00, 0x00,
    0x00, 0x00, 0x00, 0x00, 0x00, 0x00, 0x00, 0x00, 0x00, 0x00, 0x00, 0x00,
    0x00, 0x00, 0x00, 0x00, 0x00, 0x00, 0x00, 0x00, 0x00, 0x00, 0x00, 0x00,
    0x00, 0x00, 0x00, 0x00, 0x00, 0x00, 0x00, 0x00, 0x00, 0x00, 0x00, 0x00,
    0x00, 0x00, 0x00, 0x00, 0x00, 0x00, 0x00, 0x00, 0x00, 0x00, 0x00, 0x00,
    0x00, 0x00, 0x00, 0x00, 0x00, 0x00, 0x00, 0x00, 0x00, 0x00, 0x00, 0x00,
    0x00, 0x00, 0x00, 0x00, 0x00, 0x00, 0x00, 0x00, 0x00, 0x00, 0x00, 0x00,
    0x00, 0x00, 0x00, 0x00, 0x00, 0x00, 0x00, 0x00, 0x00, 0x00, 0x00, 0x00,
    0x00, 0x00, 0x00, 0x00, 0x00, 0x00, 0x00, 0x00, 0x00, 0x00, 0x00, 0x00,
    0x00, 0x00, 0x00, 0x00, 0x00, 0x00, 0x00, 0x00, 0x00, 0x00, 0x00, 0x00,
    0x00, 0x00, 0x00, 0x00, 0x00, 0x00, 0x00, 0x00, 0x00, 0x00, 0x00, 0x00,
    0x00, 0x00, 0x00, 0x00, 0x00, 0x00, 0x00, 0x00, 0x00, 0x00, 0x00, 0x00,
    0x00, 0x00, 0x00, 0x00, 0x00, 0x00, 0x00, 0x00, 0x00, 0x00, 0x00, 0x00,
    0x00, 0x00, 0x00, 0x00, 0x00, 0x00, 0x00, 0x00, 0x00, 0x00, 0x00, 0x00,
    0x00, 0x00, 0x00, 0x00, 0x00, 0x00, 0x00, 0x00, 0x00, 0x00, 0x00, 0x00,
    0x00, 0x00, 0x00, 0x00, 0x00, 0x00, 0x00, 0x00, 0x00, 0x00, 0x00, 0x00,
    0x00, 0x00, 0x00, 0x00, 0x00, 0x00, 0x00, 0x00, 0x00, 0x00, 0x00, 0x00,
    0x00, 0x00, 0x00, 0x00, 0x00, 0x00, 0x00, 0x00, 0x00, 0x00, 0x00, 0x00,
    0x00, 0x00, 0x00, 0x00, 0x00, 0x00, 0x00, 0x00, 0x00, 0x00, 0x00, 0x00,
    0x00, 0x00, 0x00, 0x00, 0x00, 0x00, 0x00, 0x00, 0x00, 0x00, 0x00, 0x00,
    0x00, 0x00, 0x00, 0x00, 0x00, 0x00, 0x00, 0x00, 0x00, 0x00, 0x00, 0x00,
    0x00, 0x00, 0x00, 0x00, 0x00, 0x00, 0x00, 0x00, 0x00, 0x00, 0x00, 0x00,
    0x00, 0x00, 0x00, 0x00, 0x00, 0x00, 0x00, 0x00, 0x00, 0x00, 0x00, 0x00,
    0x00, 0x00, 0x00, 0x00, 0x00, 0x00, 0x00, 0x00, 0x00, 0x00, 0x00, 0x00,
    0x00, 0x00, 0x00, 0x00, 0x00, 0x00, 0x00, 0x00, 0x00, 0x00, 0x00, 0x00,
    0x00, 0x00, 0x00, 0x00, 0x00, 0x00, 0x00, 0x00, 0x00, 0x00, 0x00, 0x00,
    0x00, 0x00, 0x00, 0x00, 0x00, 0x00, 0x00, 0x00, 0x00, 0x00, 0x00, 0x00,
    0x00, 0x00, 0x00, 0x00, 0x00, 0x00, 0x00, 0x00, 0x00, 0x00, 0x00, 0x00,
    0x00, 0x00, 0x00, 0x00, 0x00, 0x00, 0x00, 0x00, 0x00, 0x00, 0x00, 0x00,
    0x00, 0x00, 0x00, 0x00, 0x00, 0x00, 0x00, 0x00, 0x00, 0x00, 0x00, 0x00,
    0x00, 0x00, 0x00, 0x00, 0x00, 0x00, 0x00, 0x00, 0x00, 0x00, 0x00, 0x00,
    0x00, 0x00, 0x00, 0x00, 0x00, 0x00, 0x00, 0x00, 0x00, 0x00, 0x00, 0x00,
    0x00, 0x00, 0x00, 0x00, 0x00, 0x00, 0x00, 0x00, 0x00, 0x00, 0x00, 0x00,
    0x00, 0x00, 0x00, 0x00, 0x00, 0x00, 0x00, 0x00, 0x00, 0x00, 0x00, 0x00,
    0x00, 0x00, 0x00, 0x00, 0x00, 0x00, 0x00, 0x00, 0x00, 0x00, 0x00, 0x00,
    0x00, 0x00, 0x00, 0x00, 0x00, 0x00, 0x00, 0x00, 0x00, 0x00, 0x00, 0x00,
    0x00, 0x00, 0x00, 0x00, 0x00, 0x00, 0x00, 0x00, 0x00, 0x00, 0x00, 0x00,
    0x00, 0x00, 0x00, 0x00, 0x00, 0x00, 0x00, 0x00, 0x00, 0x00, 0x00, 0x00,
    0x00, 0x00, 0x00, 0x00, 0x00, 0x00, 0x00, 0x00, 0x00, 0x00, 0x00, 0x00,
    0x00, 0x00, 0x00, 0x00, 0x00, 0x00, 0x00, 0x00, 0x00, 0x00, 0x00, 0x00,
    0x00, 0x00, 0x00, 0x00, 0x00, 0x00, 0x00, 0x00, 0x00, 0x00, 0x00, 0x00,
    0x00, 0x00, 0x00, 0x00, 0x00, 0x00, 0x00, 0x00, 0x00, 0x00, 0x00, 0x00,
    0x00, 0x00, 0x00, 0x00, 0x00, 0x00, 0x00, 0x00, 0x00, 0x00, 0x00, 0x00,
    0x00, 0x00, 0x00, 0x00, 0x00, 0x00, 0x00, 0x00, 0x00, 0x00, 0x00, 0x00,
    0x00, 0x00, 0x00, 0x00, 0x00, 0x00, 0x00, 0x00, 0x00, 0x00, 0x00, 0x00,
    0x00, 0x00, 0x00, 0x00, 0x00, 0x00, 0x00, 0x00, 0x00, 0x00, 0x00, 0x00,
    0x00, 0x00, 0x00, 0x00, 0x00, 0x00, 0x00, 0x00, 0x00, 0x00, 0x00, 0x00,
    0x00, 0x00, 0x00, 0x00, 0x00, 0x00, 0x00, 0x00, 0x00, 0x00, 0x00, 0x00,
    0x00, 0x00, 0x00, 0x00, 0x00, 0x00, 0x00, 0x00, 0x00, 0x00, 0x00, 0x00,
    0x00, 0x00, 0x00, 0x00, 0x00, 0x00, 0x00, 0x00, 0x00, 0x00, 0x00, 0x00,
    0x00, 0x00, 0x00, 0x00, 0x00, 0x00, 0x00, 0x00, 0x00, 0x00, 0x00, 0x00,
    0x00, 0x00, 0x00, 0x00, 0x00, 0x00, 0x00, 0x00, 0x00, 0x00, 0x00, 0x00,
    0x00, 0x00, 0x00, 0x00, 0x00, 0x00, 0x00, 0x00, 0x00, 0x00, 0x00, 0x00,
    0x00, 0x00, 0x00, 0x00, 0x00, 0x00, 0x00, 0x00, 0x00, 0x00, 0x00, 0x00,
    0x00, 0x00, 0x00, 0x00, 0x00, 0x00, 0x00, 0x00, 0x00, 0x00, 0x00, 0x00,
    0x00, 0x00, 0x00, 0x00, 0x00, 0x00, 0x00, 0x00, 0x00, 0x00, 0x00, 0x00,
    0x00, 0x00, 0x00, 0x00, 0x00, 0x00, 0x00, 0x00, 0x00, 0x00, 0x00, 0x00,
    0x00, 0x00, 0x00, 0x00, 0x00, 0x00, 0x00, 0x00, 0x00, 0x00, 0x00, 0x00,
    0x00, 0x00, 0x00, 0x00, 0x00, 0x00, 0x00, 0x00, 0x00, 0x00, 0x00, 0x00,
    0x00, 0x00, 0x00, 0x00, 0x00, 0x00, 0x00, 0x00, 0x00, 0x00, 0x00, 0x00,
    0x00, 0x00, 0x00, 0x00, 0x00, 0x00, 0x00, 0x00, 0x00, 0x00, 0x00, 0x00,
    0x00, 0x00, 0x00, 0x00, 0x00, 0x00, 0x00, 0x00, 0x00, 0x00, 0x00, 0x00,
    0x00, 0x00, 0x00, 0x00, 0x00, 0x00, 0x00, 0x00, 0x00, 0x00, 0x00, 0x00,
    0x00, 0x00, 0x00, 0x00, 0x00, 0x00, 0x00, 0x00, 0x00, 0x00, 0x00, 0x00,
    0x00, 0x00, 0x00, 0x00, 0x00, 0x00, 0x00, 0x00, 0x00, 0x00, 0x00, 0x00,
    0x00, 0x00, 0x00, 0x00, 0x00, 0x00, 0x00, 0x00, 0x00, 0x00, 0x00, 0x00,
    0x00, 0x00, 0x00, 0x00, 0x00, 0x00, 0x00, 0x00, 0x00, 0x00, 0x00, 0x00,
    0x00, 0x00, 0x00, 0x00, 0x00, 0x00, 0x00, 0x00, 0x00, 0x00, 0x00, 0x00,
    0x00, 0x00, 0x00, 0x00, 0x00, 0x00, 0x00, 0x00, 0x00, 0x00, 0x00, 0x00,
    0x00, 0x00, 0x00, 0x00, 0x00, 0x00, 0x00, 0x00, 0x00, 0x00, 0x00, 0x00,
    0x00, 0x00, 0x00, 0x00, 0x00, 0x00, 0x00, 0x00, 0x00, 0x00, 0x00, 0x00,
    0x00, 0x00, 0x00, 0x00, 0x00, 0x00, 0x00, 0x00, 0x00, 0x00, 0x00, 0x00,
    0x00, 0x00, 0x00, 0x00, 0x00, 0x00, 0x00, 0x00, 0x00, 0x00, 0x00, 0x00,
    0x00, 0x00, 0x00, 0x00, 0x00, 0x00, 0x00, 0x00, 0x00, 0x00, 0x00, 0x00,
    0x00, 0x00, 0x00, 0x00, 0x00, 0x00, 0x00, 0x00, 0x00, 0x00, 0x00, 0x00,
    0x00, 0x00, 0x00, 0x00, 0x00, 0x00, 0x00, 0x00, 0x00, 0x00, 0x00, 0x00,
    0x00, 0x00, 0x00, 0x00, 0x00, 0x00, 0x00, 0x00, 0x00, 0x00, 0x00, 0x00,
    0x00, 0x00, 0x00, 0x00, 0x00, 0x00, 0x00, 0x00, 0x00, 0x00, 0x00, 0x00,
    0x00, 0x00, 0x00, 0x00, 0x00, 0x00, 0x00, 0x00, 0x00, 0x00, 0x00, 0x00,
    0x00, 0x00, 0x00, 0x00, 0x00, 0x00, 0x00, 0x00, 0x00, 0x00, 0x00, 0x00,
    0x00, 0x00, 0x00, 0x00, 0x00, 0x00, 0x00, 0x00, 0x00, 0x00, 0x00, 0x00,
    0x00, 0x00, 0x00, 0x00, 0x00, 0x00, 0x00, 0x00, 0x00, 0x00, 0x00, 0x00,
    0x00, 0x00, 0x00, 0x00, 0x00, 0x00, 0x00, 0x00, 0x00, 0x00, 0x00, 0x00,
    0x00, 0x00, 0x00, 0x00, 0x00, 0x00, 0x00, 0x00, 0x00, 0x00, 0x00, 0x00,
    0x00, 0x00, 0x00, 0x00, 0x00, 0x00, 0x00, 0x00, 0x00, 0x00, 0x00, 0x00,
    0x00, 0x00, 0x00, 0x00, 0x00, 0x00, 0x00, 0x00, 0x00, 0x00, 0x00, 0x00,
    0x00, 0x00, 0x00, 0x00, 0x00, 0x00, 0x00, 0x00, 0x00, 0x00, 0x00, 0x00,
    0x00, 0x00, 0x00, 0x00, 0x00, 0x00, 0x00, 0x00, 0x00, 0x00, 0x00, 0x00,
    0x00, 0x00, 0x00, 0x00, 0x00, 0x00, 0x00, 0x00, 0x00, 0x00, 0x00, 0x00,
    0x00, 0x00, 0x00, 0x00, 0x00, 0x00, 0x00, 0x00, 0x00, 0x00, 0x00, 0x00,
    0x00, 0x00, 0x00, 0x00, 0x00, 0x00, 0x00, 0x00, 0x00, 0x00, 0x00, 0x00,
    0x00, 0x00, 0x00, 0x00, 0x00, 0x00, 0x00, 0x00, 0x00, 0x00, 0x00, 0x00,
    0x00, 0x00, 0x00, 0x00, 0x00, 0x00, 0x00, 0x00, 0x00, 0x00, 0x00, 0x00,
    0x00, 0x00, 0x00, 0x00, 0x00, 0x00, 0x00, 0x00, 0x00, 0x00, 0x00, 0x00,
    0x00, 0x00, 0x00, 0x00, 0x00, 0x00, 0x00, 0x00, 0x00, 0x00, 0x00, 0x00,
    0x00, 0x00, 0x00, 0x00, 0x00, 0x00, 0x00, 0x00, 0x00, 0x00, 0x00, 0x00,
    0x00, 0x00, 0x00, 0x00, 0x00, 0x00, 0x00, 0x00, 0x00, 0x00, 0x00, 0x00,
    0x00, 0x00, 0x00, 0x00, 0x00, 0x00, 0x00, 0x00, 0x00, 0x00, 0x00, 0x00,
    0x00, 0x00, 0x00, 0x00, 0x00, 0x00, 0x00, 0x00, 0x00, 0x00, 0x00, 0x00,
    0x00, 0x00, 0x00, 0x00, 0x00, 0x00, 0x00, 0x00, 0x00, 0x00, 0x00, 0x00,
    0x00, 0x00, 0x00, 0x00, 0x00, 0x00, 0x00, 0x00, 0x00, 0x00, 0x00, 0x00,
    0x00, 0x00, 0x00, 0x00, 0x00, 0x00, 0x00, 0x00, 0x00, 0x00, 0x00, 0x00,
    0x00, 0x00, 0x00, 0x00, 0x00, 0x00, 0x00, 0x00, 0x00, 0x00, 0x00, 0x00,
    0x00, 0x00, 0x00, 0x00, 0x00, 0x00, 0x00, 0x00, 0x00, 0x00, 0x00, 0x00,
    0x00, 0x00, 0x00, 0x00, 0x00, 0x00, 0x00, 0x00, 0x00, 0x00, 0x00, 0x00,
    0x00, 0x00, 0x00, 0x00, 0x00, 0x00, 0x00, 0x00, 0x00, 0x00, 0x00, 0x00,
    0x00, 0x00, 0x00, 0x00, 0x00, 0x00, 0x00, 0x00, 0x00, 0x00, 0x00, 0x00,
    0x00, 0x00, 0x00, 0x00, 0x00, 0x00, 0x00, 0x00, 0x00, 0x00, 0x00, 0x00,
    0x00, 0x00, 0x00, 0x00, 0x00, 0x00, 0x00, 0x00, 0x00, 0x00, 0x00, 0x00,
    0x00, 0x00, 0x00, 0x00, 0x00, 0x00, 0x00, 0x00, 0x00, 0x00, 0x00, 0x00,
    0x00, 0x00, 0x00, 0x00, 0x00, 0x00, 0x00, 0x00, 0x00, 0x00, 0x00, 0x00,
    0x00, 0x00, 0x00, 0x00, 0x00, 0x00, 0x00, 0x00, 0x00, 0x00, 0x00, 0x00,
    0x00, 0x00, 0x00, 0x00, 0x00, 0x00, 0x00, 0x00, 0x00, 0x00, 0x00, 0x00,
    0x00, 0x00, 0x00, 0x00, 0x00, 0x00, 0x00, 0x00, 0x00, 0x00, 0x00, 0x00,
    0x00, 0x00, 0x00, 0x00, 0x00, 0x00, 0x00, 0x00, 0x00, 0x00, 0x00, 0x00,
    0x00, 0x00, 0x00, 0x00, 0x00, 0x00, 0x00, 0x00, 0x00, 0x00, 0x00, 0x00,
    0x00, 0x00, 0x00, 0x00, 0x00, 0x00, 0x00, 0x00, 0x00, 0x00, 0x00, 0x00,
    0x00, 0x00, 0x00, 0x00, 0x00, 0x00, 0x00, 0x00, 0x00, 0x00, 0x00, 0x00,
    0x00, 0x00, 0x00, 0x00, 0x00, 0x00, 0x00, 0x00, 0x00, 0x00, 0x00, 0x00,
    0x00, 0x00, 0x00, 0x00, 0x00, 0x00, 0x00, 0x00, 0x00, 0x00, 0x00, 0x00,
    0x00, 0x00, 0x00, 0x00, 0x00, 0x00, 0x00, 0x00, 0x00, 0x00, 0x00, 0x00,
    0x00, 0x00, 0x00, 0x00, 0x00, 0x00, 0x00, 0x00, 0x00, 0x00, 0x00, 0x00,
    0x00, 0x00, 0x00, 0x00, 0x00, 0x00, 0x00, 0x00, 0x00, 0x00, 0x00, 0x00,
    0x00, 0x00, 0x00, 0x00, 0x00, 0x00, 0x00, 0x00, 0x00, 0x00, 0x00, 0x00,
    0x00, 0x00, 0x00, 0x00, 0x00, 0x00, 0x00, 0x00, 0x00, 0x00, 0x00, 0x00,
    0x00, 0x00, 0x00, 0x00, 0x00, 0x00, 0x00, 0x00, 0x00, 0x00, 0x00, 0x00,
    0x00, 0x00, 0x00, 0x00, 0x00, 0x00, 0x00, 0x00, 0x00, 0x00, 0x00, 0x00,
    0x00, 0x00, 0x00, 0x00, 0x00, 0x00, 0x00, 0x00, 0x00, 0x00, 0x00, 0x00,
    0x00, 0x00, 0x00, 0x00, 0x00, 0x00, 0x00, 0x00, 0x00, 0x00, 0x00, 0x00,
    0x00, 0x00, 0x00, 0x00, 0x00, 0x00, 0x00, 0x00, 0x00, 0x00, 0x00, 0x00,
    0x00, 0x00, 0x00, 0x00, 0x00, 0x00, 0x00, 0x00, 0x00, 0x00, 0x00, 0x00,
    0x00, 0x00, 0x00, 0x00, 0x00, 0x00, 0x00, 0x00, 0x00, 0x00, 0x00, 0x00,
    0x00, 0x00, 0x00, 0x00, 0x00, 0x00, 0x00, 0x00, 0x00, 0x00, 0x00, 0x00,
    0x00, 0x00, 0x00, 0x00, 0x00, 0x00, 0x00, 0x00, 0x00, 0x00, 0x00, 0x00,
    0x00, 0x00, 0x00, 0x00, 0x00, 0x00, 0x00, 0x00, 0x00, 0x00, 0x00, 0x00,
    0x00, 0x00, 0x00, 0x00, 0x00, 0x00, 0x00, 0x00, 0x00, 0x00, 0x00, 0x00,
    0x00, 0x00, 0x00, 0x00, 0x00, 0x00, 0x00, 0x00, 0x00, 0x00, 0x00, 0x00,
    0x00, 0x00, 0x00, 0x00, 0x00, 0x00, 0x00, 0x00, 0x00, 0x00, 0x00, 0x00,
    0x00, 0x00, 0x00, 0x00, 0x00, 0x00, 0x00, 0x00, 0x00, 0x00, 0x00, 0x00,
    0x00, 0x00, 0x00, 0x00, 0x00, 0x00, 0x00, 0x00, 0x00, 0x00, 0x00, 0x00,
    0x00, 0x00, 0x00, 0x00, 0x00, 0x00, 0x00, 0x00, 0x00, 0x00, 0x00, 0x00,
    0x00, 0x00, 0x00, 0x00, 0x00, 0x00, 0x00, 0x00, 0x00, 0x00, 0x00, 0x00,
    0x00, 0x00, 0x00, 0x00, 0x00, 0x00, 0x00, 0x00, 0x00, 0x00, 0x00, 0x00,
    0x00, 0x00, 0x00, 0x00, 0x00, 0x00, 0x00, 0x00, 0x00, 0x00, 0x00, 0x00,
    0x00, 0x00, 0x00, 0x00, 0x00, 0x00, 0x00, 0x00, 0x00, 0x00, 0x00, 0x00,
    0x00, 0x00, 0x00, 0x00, 0x00, 0x00, 0x00, 0x00, 0x00, 0x00, 0x00, 0x00,
    0x00, 0x00, 0x00, 0x00, 0x00, 0x00, 0x00, 0x00, 0x00, 0x00, 0x00, 0x00,
    0x00, 0x00, 0x00, 0x00, 0x00, 0x00, 0x00, 0x00, 0x00, 0x00, 0x00, 0x00,
    0x00, 0x00, 0x00, 0x00, 0x00, 0x00, 0x00, 0x00, 0x00, 0x00, 0x00, 0x00,
    0x00, 0x00, 0x00, 0x00, 0x00, 0x00, 0x00, 0x00, 0x00, 0x00, 0x00, 0x00,
    0x00, 0x00, 0x00, 0x00, 0x00, 0x00, 0x00, 0x00, 0x00, 0x00, 0x00, 0x00,
    0x00, 0x00, 0x00, 0x00, 0x00, 0x00, 0x00, 0x00, 0x00, 0x00, 0x00, 0x00,
    0x00, 0x00, 0x00, 0x00, 0x00, 0x00, 0x00, 0x00, 0x00, 0x00, 0x00, 0x00,
    0x00, 0x00, 0x00, 0x00, 0x00, 0x00, 0x00, 0x00, 0x00, 0x00, 0x00, 0x00,
    0x00, 0x00, 0x00, 0x00, 0x00, 0x00, 0x00, 0x00, 0x00, 0x00, 0x00, 0x00,
    0x00, 0x00, 0x00, 0x00, 0x00, 0x00, 0x00, 0x00, 0x00, 0x00, 0x00, 0x00,
    0x00, 0x00, 0x00, 0x00, 0x00, 0x00, 0x00, 0x00, 0x00, 0x00, 0x00, 0x00,
    0x00, 0x00, 0x00, 0x00, 0x00, 0x00, 0x00, 0x00, 0x00, 0x00, 0x00, 0x00,
    0x00, 0x00, 0x00, 0x00, 0x00, 0x00, 0x00, 0x00, 0x00, 0x00, 0x00, 0x00,
    0x00, 0x00, 0x00, 0x00, 0x00, 0x00, 0x00, 0x00, 0x00, 0x00, 0x00, 0x00,
    0x00, 0x00, 0x00, 0x00, 0x00, 0x00, 0x00, 0x00, 0x00, 0x00, 0x00, 0x00,
    0x00, 0x00, 0x00, 0x00, 0x00, 0x00, 0x00, 0x00, 0x00, 0x00, 0x00, 0x00,
    0x00, 0x00, 0x00, 0x00, 0x00, 0x00, 0x00, 0x00, 0x00, 0x00, 0x00, 0x00,
    0x00, 0x00, 0x00, 0x00, 0x00, 0x00, 0x00, 0x00, 0x00, 0x00, 0x00, 0x00,
    0x00, 0x00, 0x00, 0x00, 0x00, 0x00, 0x00, 0x00, 0x00, 0x00, 0x00, 0x00,
    0x00, 0x00, 0x00, 0x00, 0x00, 0x00, 0x00, 0x00, 0x00, 0x00, 0x00, 0x00,
    0x00, 0x00, 0x00, 0x00, 0x00, 0x00, 0x00, 0x00, 0x00, 0x00, 0x00, 0x00,
    0x00, 0x00, 0x00, 0x00, 0x00, 0x00, 0x00, 0x00, 0x00, 0x00, 0x00, 0x00,
    0x00, 0x00, 0x00, 0x00, 0x00, 0x00, 0x00, 0x00, 0x00, 0x00, 0x00, 0x00,
    0x00, 0x00, 0x00, 0x00, 0x00, 0x00, 0x00, 0x00, 0x00, 0x00, 0x00, 0x00,
    0x00, 0x00, 0x00, 0x00, 0x00, 0x00, 0x00, 0x00, 0x00, 0x00, 0x00, 0x00,
    0x00, 0x00, 0x00, 0x00, 0x00, 0x00, 0x00, 0x00, 0x00, 0x00, 0x00, 0x00,
    0x00, 0x00, 0x00, 0x00, 0x00, 0x00, 0x00, 0x00, 0x00, 0x00, 0x00, 0x00,
    0x00, 0x00, 0x00, 0x00, 0x00, 0x00, 0x00, 0x00, 0x00, 0x00, 0x00, 0x00,
    0x00, 0x00, 0x00, 0x00, 0x00, 0x00, 0x00, 0x00, 0x00, 0x00, 0x00, 0x00,
    0x00, 0x00, 0x00, 0x00, 0x00, 0x00, 0x00, 0x00, 0x00, 0x00, 0x00, 0x00,
    0x00, 0x00, 0x00, 0x00, 0x00, 0x00, 0x00, 0x00, 0x00, 0x00, 0x00, 0x00,
    0x00, 0x00, 0x00, 0x00, 0x00, 0x00, 0x00, 0x00, 0x00, 0x00, 0x00, 0x00,
    0x00, 0x00, 0x00, 0x00, 0x00, 0x00, 0x00, 0x00, 0x00, 0x00, 0x00, 0x00,
    0x00, 0x00, 0x00, 0x00, 0x00, 0x00, 0x00, 0x00, 0x00, 0x00, 0x00, 0x00,
    0x00, 0x00, 0x00, 0x00, 0x00, 0x00, 0x00, 0x00, 0x00, 0x00, 0x00, 0x00,
    0x00, 0x00, 0x00, 0x00, 0x00, 0x00, 0x00, 0x00, 0x00, 0x00, 0x00, 0x00,
    0x00, 0x00, 0x00, 0x00, 0x00, 0x00, 0x00, 0x00, 0x00, 0x00, 0x00, 0x00,
    0x00, 0x00, 0x00, 0x00, 0x00, 0x00, 0x00, 0x00, 0x00, 0x00, 0x00, 0x00,
    0x00, 0x00, 0x00, 0x00, 0x00, 0x00, 0x00, 0x00, 0x00, 0x00, 0x00, 0x00,
    0x00, 0x00, 0x00, 0x00, 0x00, 0x00, 0x00, 0x00, 0x00, 0x00, 0x00, 0x00,
    0x00, 0x00, 0x00, 0x00, 0x00, 0x00, 0x00, 0x00, 0x00, 0x00, 0x00, 0x00,
    0x00, 0x00, 0x00, 0x00, 0x00, 0x00, 0x00, 0x00, 0x00, 0x00, 0x00, 0x00,
    0x00, 0x00, 0x00, 0x00, 0x00, 0x00, 0x00, 0x00, 0x00, 0x00, 0x00, 0x00,
    0x00, 0x00, 0x00, 0x00, 0x00, 0x00, 0x00, 0x00, 0x00, 0x00, 0x00, 0x00,
    0x00, 0x00, 0x00, 0x00, 0x00, 0x00, 0x00, 0x00, 0x00, 0x00, 0x00, 0x00,
    0x00, 0x00, 0x00, 0x00, 0x00, 0x00, 0x00, 0x00, 0x00, 0x00, 0x00, 0x00,
    0x00, 0x00, 0x00, 0x00, 0x00, 0x00, 0x00, 0x00, 0x00, 0x00, 0x00, 0x00,
    0x00, 0x00, 0x00, 0x00, 0x00, 0x00, 0x00, 0x00, 0x00, 0x00, 0x00, 0x00,
    0x00, 0x00, 0x00, 0x00, 0x00, 0x00, 0x00, 0x00, 0x00, 0x00, 0x00, 0x00,
    0x00, 0x00, 0x00, 0x00, 0x00, 0x00, 0x00, 0x00, 0x00, 0x00, 0x00, 0x00,
    0x00, 0x00, 0x00, 0x00, 0x00, 0x00, 0x00, 0x00, 0x00, 0x00, 0x00, 0x00,
    0x00, 0x00, 0x00, 0x00, 0x00, 0x00, 0x00, 0x00, 0x00, 0x00, 0x00, 0x00,
    0x00, 0x00, 0x00, 0x00, 0x00, 0x00, 0x00, 0x00, 0x00, 0x00, 0x00, 0x00,
    0x00, 0x00, 0x00, 0x00, 0x00, 0x00, 0x00, 0x00, 0x00, 0x00, 0x00, 0x00,
    0x00, 0x00, 0x00, 0x00, 0x00, 0x00, 0x00, 0x00, 0x00, 0x00, 0x00, 0x00,
    0x00, 0x00, 0x00, 0x00, 0x00, 0x00, 0x00, 0x00, 0x00, 0x00, 0x00, 0x00,
    0x00, 0x00, 0x00, 0x00, 0x00, 0x00, 0x00, 0x00, 0x00, 0x00, 0x00, 0x00,
    0x00, 0x00, 0x00, 0x00, 0x00, 0x00, 0x00, 0x00, 0x00, 0x00, 0x00, 0x00,
    0x00, 0x00, 0x00, 0x00, 0x00, 0x00, 0x00, 0x00, 0x00, 0x00, 0x00, 0x00,
    0x00, 0x00, 0x00, 0x00, 0x00, 0x00, 0x00, 0x00, 0x00, 0x00, 0x00, 0x00,
    0x00, 0x00, 0x00, 0x00, 0x00, 0x00, 0x00, 0x00, 0x00, 0x00, 0x00, 0x00,
    0x00, 0x00, 0x00, 0x00, 0x00, 0x00, 0x00, 0x00, 0x00, 0x00, 0x00, 0x00,
    0x00, 0x00, 0x00, 0x00, 0x00, 0x00, 0x00, 0x00, 0x00, 0x00, 0x00, 0x00,
    0x00, 0x00, 0x00, 0x00, 0x00, 0x00, 0x00, 0x00, 0x00, 0x00, 0x00, 0x00,
    0x00, 0x00, 0x00, 0x00, 0x00, 0x00, 0x00, 0x00, 0x00, 0x00, 0x00, 0x00,
    0x00, 0x00, 0x00, 0x00, 0x00, 0x00, 0x00, 0x00, 0x00, 0x00, 0x00, 0x00,
    0x00, 0x00, 0x00, 0x00, 0x00, 0x00, 0x00, 0x00, 0x00, 0x00, 0x00, 0x00,
    0x00, 0x00, 0x00, 0x00, 0x00, 0x00, 0x00, 0x00, 0x00, 0x00, 0x00, 0x00,
    0x00, 0x00, 0x00, 0x00, 0x00, 0x00, 0x00, 0x00, 0x00, 0x00, 0x00, 0x00,
    0x00, 0x00, 0x00, 0x00, 0x00, 0x00, 0x00, 0x00, 0x00, 0x00, 0x00, 0x00,
    0x00, 0x00, 0x00, 0x00, 0x00, 0x00, 0x00, 0x00, 0x00, 0x00, 0x00, 0x00,
    0x00, 0x00, 0x00, 0x00, 0x00, 0x00, 0x00, 0x00, 0x00, 0x00, 0x00, 0x00,
    0x00, 0x00, 0x00, 0x00, 0x00, 0x00, 0x00, 0x00, 0x00, 0x00, 0x00, 0x00,
    0x00, 0x00, 0x00, 0x00, 0x00, 0x00, 0x00, 0x00, 0x00, 0x00, 0x00, 0x00,
    0x00, 0x00, 0x00, 0x00, 0x00, 0x00, 0x00, 0x00, 0x00, 0x00, 0x00, 0x00,
    0x00, 0x00, 0x00, 0x00, 0x00, 0x00, 0x00, 0x00, 0x00, 0x00, 0x00, 0x00,
    0x00, 0x00, 0x00, 0x00, 0x00, 0x00, 0x00, 0x00, 0x00, 0x00, 0x00, 0x00,
    0x00, 0x00, 0x00, 0x00, 0x00, 0x00, 0x00, 0x00, 0x00, 0x00, 0x00, 0x00,
    0x00, 0x00, 0x00, 0x00, 0x00, 0x00, 0x00, 0x00, 0x00, 0x00, 0x00, 0x00,
    0x00, 0x00, 0x00, 0x00, 0x00, 0x00, 0x00, 0x00, 0x00, 0x00, 0x00, 0x00,
    0x00, 0x00, 0x00, 0x00, 0x00, 0x00, 0x00, 0x00, 0x00, 0x00, 0x00, 0x00,
    0x00, 0x00, 0x00, 0x00, 0x00, 0x00, 0x00, 0x00, 0x00, 0x00, 0x00, 0x00,
    0x00, 0x00, 0x00, 0x00, 0x00, 0x00, 0x00, 0x00, 0x00, 0x00, 0x00, 0x00,
    0x00, 0x00, 0x00, 0x00, 0x00, 0x00, 0x00, 0x00, 0x00, 0x00, 0x00, 0x00,
    0x00, 0x00, 0x00, 0x00, 0x00, 0x00, 0x00, 0x00, 0x00, 0x00, 0x00, 0x00,
    0x00, 0x00, 0x00, 0x00, 0x00, 0x00, 0x00, 0x00, 0x00, 0x00, 0x00, 0x00,
    0x00, 0x00, 0x00, 0x00, 0x00, 0x00, 0x00, 0x00, 0x00, 0x00, 0x00, 0x00,
    0x00, 0x00, 0x00, 0x00, 0x00, 0x00, 0x00, 0x00, 0x00, 0x00, 0x00, 0x00,
    0x00, 0x00, 0x00, 0x00, 0x00, 0x00, 0x00, 0x00, 0x00, 0x00, 0x00, 0x00,
    0x00, 0x00, 0x00, 0x00, 0x00, 0x00, 0x00, 0x00, 0x00, 0x00, 0x00, 0x00,
    0x00, 0x00, 0x00, 0x00, 0x00, 0x00, 0x00, 0x00, 0x00, 0x00, 0x00, 0x00,
    0x00, 0x00, 0x00, 0x00, 0x00, 0x00, 0x00, 0x00, 0x00, 0x00, 0x00, 0x00,
    0x00, 0x00, 0x00, 0x00, 0x00, 0x00, 0x00, 0x00, 0x00, 0x00, 0x00, 0x00,
    0x00, 0x00, 0x00, 0x00, 0x00, 0x00, 0x00, 0x00, 0x00, 0x00, 0x00, 0x00,
    0x00, 0x00, 0x00, 0x00, 0x00, 0x00, 0x00, 0x00, 0x00, 0x00, 0x00, 0x00,
    0x00, 0x00, 0x00, 0x00, 0x00, 0x00, 0x00, 0x00, 0x00, 0x00, 0x00, 0x00,
    0x00, 0x00, 0x00, 0x00, 0x00, 0x00, 0x00, 0x00, 0x00, 0x00, 0x00, 0x00,
    0x00, 0x00, 0x00, 0x00, 0x00, 0x00, 0x00, 0x00, 0x00, 0x00, 0x00, 0x00,
    0x00, 0x00, 0x00, 0x00, 0x00, 0x00, 0x00, 0x00, 0x00, 0x00, 0x00, 0x00,
    0x00, 0x00, 0x00, 0x00, 0x00, 0x00, 0x00, 0x00, 0x00, 0x00, 0x00, 0x00,
    0x00, 0x00, 0x00, 0x00, 0x00, 0x00, 0x00, 0x00, 0x00, 0x00, 0x00, 0x00,
    0x00, 0x00, 0x00, 0x00, 0x00, 0x00, 0x00, 0x00, 0x00, 0x00, 0x00, 0x00,
    0x00, 0x00, 0x00, 0x00, 0x00, 0x00, 0x00, 0x00, 0x00, 0x00, 0x00, 0x00,
    0x00, 0x00, 0x00, 0x00, 0x00, 0x00, 0x00, 0x00, 0x00, 0x00, 0x00, 0x00,
    0x00, 0x00, 0x00, 0x00, 0x00, 0x00, 0x00, 0x00, 0x00, 0x00, 0x00, 0x00,
    0x00, 0x00, 0x00, 0x00, 0x00, 0x00, 0x00, 0x00, 0x00, 0x00, 0x00, 0x00,
    0x00, 0x00, 0x00, 0x00, 0x00, 0x00, 0x00, 0x00, 0x00, 0x00, 0x00, 0x00,
    0x00, 0x00, 0x00, 0x00, 0x00, 0x00, 0x00, 0x00, 0x00, 0x00, 0x00, 0x00,
    0x00, 0x00, 0x00, 0x00, 0x00, 0x00, 0x00, 0x00, 0x00, 0x00, 0x00, 0x00,
    0x00, 0x00, 0x00, 0x00, 0x00, 0x00, 0x00, 0x00, 0x00, 0x00, 0x00, 0x00,
    0x00, 0x00, 0x00, 0x00, 0x00, 0x00, 0x00, 0x00, 0x00, 0x00, 0x00, 0x00,
    0x00, 0x00, 0x00, 0x00, 0x00, 0x00, 0x00, 0x00, 0x00, 0x00, 0x00, 0x00,
    0x00, 0x00, 0x00, 0x00, 0x00, 0x00, 0x00, 0x00, 0x00, 0x00, 0x00, 0x00,
    0x00, 0x00, 0x00, 0x00, 0x00, 0x00, 0x00, 0x00, 0x00, 0x00, 0x00, 0x00,
    0x00, 0x00, 0x00, 0x00, 0x00, 0x00, 0x00, 0x00, 0x00, 0x00, 0x00, 0x00,
    0x00, 0x00, 0x00, 0x00, 0x00, 0x00, 0x00, 0x00, 0x00, 0x00, 0x00, 0x00,
    0x00, 0x00, 0x00, 0x00, 0x00, 0x00, 0x00, 0x00, 0x00, 0x00, 0x00, 0x00,
    0x00, 0x00, 0x00, 0x00, 0x00, 0x00, 0x00, 0x00, 0x00, 0x00, 0x00, 0x00,
    0x00, 0x00, 0x00, 0x00, 0x00, 0x00, 0x00, 0x00, 0x00, 0x00, 0x00, 0x00,
    0x00, 0x00, 0x00, 0x00, 0x00, 0x00, 0x00, 0x00, 0x00, 0x00, 0x00, 0x00,
    0x00, 0x00, 0x00, 0x00, 0x00, 0x00, 0x00, 0x00, 0x00, 0x00, 0x00, 0x00,
    0x00, 0x00, 0x00, 0x00, 0x00, 0x00, 0x00, 0x00, 0x00, 0x00, 0x00, 0x00,
    0x00, 0x00, 0x00, 0x00, 0x00, 0x00, 0x00, 0x00, 0x00, 0x00, 0x00, 0x00,
    0x00, 0x00, 0x00, 0x00, 0x00, 0x00, 0x00, 0x00, 0x00, 0x00, 0x00, 0x00,
    0x00, 0x00, 0x00, 0x00, 0x00, 0x00, 0x00, 0x00, 0x00, 0x00, 0x00, 0x00,
    0x00, 0x00, 0x00, 0x00, 0x00, 0x00, 0x00, 0x00, 0x00, 0x00, 0x00, 0x00,
    0x00, 0x00, 0x00, 0x00, 0x00, 0x00, 0x00, 0x00, 0x00, 0x00, 0x00, 0x00,
    0x00, 0x00, 0x00, 0x00, 0x00, 0x00, 0x00, 0x00, 0x00, 0x00, 0x00, 0x00,
    0x00, 0x00, 0x00, 0x00, 0x00, 0x00, 0x00, 0x00, 0x00, 0x00, 0x00, 0x00,
    0x00, 0x00, 0x00, 0x00, 0x00, 0x00, 0x00, 0x00, 0x00, 0x00, 0x00, 0x00,
    0x00, 0x00, 0x00, 0x00, 0x00, 0x00, 0x00, 0x00, 0x00, 0x00, 0x00, 0x00,
    0x00, 0x00, 0x00, 0x00, 0x00, 0x00, 0x00, 0x00, 0x00, 0x00, 0x00, 0x00,
    0x00, 0x00, 0x00, 0x00, 0x00, 0x00, 0x00, 0x00, 0x00, 0x00, 0x00, 0x00,
    0x00, 0x00, 0x00, 0x00, 0x00, 0x00, 0x00, 0x00, 0x00, 0x00, 0x00, 0x00,
    0x00, 0x00, 0x00, 0x00, 0x00, 0x00, 0x00, 0x00, 0x00, 0x00, 0x00, 0x00,
    0x00, 0x00, 0x00, 0x00, 0x00, 0x00, 0x00, 0x00, 0x00, 0x00, 0x00, 0x00,
    0x00, 0x00, 0x00, 0x00, 0x00, 0x00, 0x00, 0x00, 0x00, 0x00, 0x00, 0x00,
    0x00, 0x00, 0x00, 0x00, 0x00, 0x00, 0x00, 0x00, 0x00, 0x00, 0x00, 0x00,
    0x00, 0x00, 0x00, 0x00, 0x00, 0x00, 0x00, 0x00, 0x00, 0x00, 0x00, 0x00,
    0x00, 0x00, 0x00, 0x00, 0x00, 0x00, 0x00, 0x00, 0x00, 0x00, 0x00, 0x00,
    0x00, 0x00, 0x00, 0x00, 0x00, 0x00, 0x00, 0x00, 0x00, 0x00, 0x00, 0x00,
    0x00, 0x00, 0x00, 0x00, 0x00, 0x00, 0x00, 0x00, 0x00, 0x00, 0x00, 0x00,
    0x00, 0x00, 0x00, 0x00, 0x00, 0x00, 0x00, 0x00, 0x00, 0x00, 0x00, 0x00,
    0x00, 0x00, 0x00, 0x00, 0x00, 0x00, 0x00, 0x00, 0x00, 0x00, 0x00, 0x00,
    0x00, 0x00, 0x00, 0x00, 0x00, 0x00, 0x00, 0x00, 0x00, 0x00, 0x00, 0x00,
    0x00, 0x00, 0x00, 0x00, 0x00, 0x00, 0x00, 0x00, 0x00, 0x00, 0x00, 0x00,
    0x00, 0x00, 0x00, 0x00, 0x00, 0x00, 0x00, 0x00, 0x00, 0x00, 0x00, 0x00,
    0x00, 0x00, 0x00, 0x00, 0x00, 0x00, 0x00, 0x00, 0x00, 0x00, 0x00, 0x00,
    0x00, 0x00, 0x00, 0x00, 0x00, 0x00, 0x00, 0x00, 0x00, 0x00, 0x00, 0x00,
    0x00, 0x00, 0x00, 0x00, 0x00, 0x00, 0x00, 0x00, 0x00, 0x00, 0x00, 0x00,
    0x00, 0x00, 0x00, 0x00, 0x00, 0x00, 0x00, 0x00, 0x00, 0x00, 0x00, 0x00,
    0x00, 0x00, 0x00, 0x00, 0x00, 0x00, 0x00, 0x00, 0x00, 0x00, 0x00, 0x00,
    0x00, 0x00, 0x00, 0x00, 0x00, 0x00, 0x00, 0x00, 0x00, 0x00, 0x00, 0x00,
    0x00, 0x00, 0x00, 0x00, 0x00, 0x00, 0x00, 0x00, 0x00, 0x00, 0x00, 0x00,
    0x00, 0x00, 0x00, 0x00, 0x00, 0x00, 0x00, 0x00, 0x00, 0x00, 0x00, 0x00,
    0x00, 0x00, 0x00, 0x00, 0x00, 0x00, 0x00, 0x00, 0x00, 0x00, 0x00, 0x00,
    0x00, 0x00, 0x00, 0x00, 0x00, 0x00, 0x00, 0x00, 0x00, 0x00, 0x00, 0x00,
    0x00, 0x00, 0x00, 0x00, 0x00, 0x00, 0x00, 0x00, 0x00, 0x00, 0x00, 0x00,
    0x00, 0x00, 0x00, 0x00, 0x00, 0x00, 0x00, 0x00, 0x00, 0x00, 0x00, 0x00,
    0x00, 0x00, 0x00, 0x00, 0x00, 0x00, 0x00, 0x00, 0x00, 0x00, 0x00, 0x00,
    0x00, 0x00, 0x00, 0x00, 0x00, 0x00, 0x00, 0x00, 0x00, 0x00, 0x00, 0x00,
    0x00, 0x00, 0x00, 0x00, 0x00, 0x00, 0x00, 0x00, 0x00, 0x00, 0x00, 0x00,
    0x00, 0x00, 0x00, 0x00, 0x00, 0x00, 0x00, 0x00, 0x00, 0x00, 0x00, 0x00,
    0x00, 0x00, 0x00, 0x00, 0x00, 0x00, 0x00, 0x00, 0x00, 0x00, 0x00, 0x00,
    0x00, 0x00, 0x00, 0x00, 0x00, 0x00, 0x00, 0x00, 0x00, 0x00, 0x00, 0x00,
    0x00, 0x00, 0x00, 0x00, 0x00, 0x00, 0x00, 0x00, 0x00, 0x00, 0x00, 0x00,
    0x00, 0x00, 0x00, 0x00, 0x00, 0x00, 0x00, 0x00, 0x00, 0x00, 0x00, 0x00,
    0x00, 0x00, 0x00, 0x00, 0x00, 0x00, 0x00, 0x00, 0x00, 0x00, 0x00, 0x00,
    0x00, 0x00, 0x00, 0x00, 0x00, 0x00, 0x00, 0x00, 0x00, 0x00, 0x00, 0x00,
    0x00, 0x00, 0x00, 0x00, 0x00, 0x00, 0x00, 0x00, 0x00, 0x00, 0x00, 0x00,
    0x00, 0x00, 0x00, 0x00, 0x00, 0x00, 0x00, 0x00, 0x00, 0x00, 0x00, 0x00,
    0x00, 0x00, 0x00, 0x00, 0x00, 0x00, 0x00, 0x00, 0x00, 0x00, 0x00, 0x00,
    0x00, 0x00, 0x00, 0x00, 0x00, 0x00, 0x00, 0x00, 0x00, 0x00, 0x00, 0x00,
    0x00, 0x00, 0x00, 0x00, 0x00, 0x00, 0x00, 0x00, 0x00, 0x00, 0x00, 0x00,
    0x00, 0x00, 0x00, 0x00, 0x00, 0x00, 0x00, 0x00, 0x00, 0x00, 0x00, 0x00,
    0x00, 0x00, 0x00, 0x00, 0x00, 0x00, 0x00, 0x00, 0x00, 0x00, 0x00, 0x00,
    0x00, 0x00, 0x00, 0x00, 0x00, 0x00, 0x00, 0x00, 0x00, 0x00, 0x00, 0x00,
    0x00, 0x00, 0x00, 0x00, 0x00, 0x00, 0x00, 0x00, 0x00, 0x00, 0x00, 0x00,
    0x00, 0x00, 0x00, 0x00, 0x00, 0x00, 0x00, 0x00, 0x00, 0x00, 0x00, 0x00,
    0x00, 0x00, 0x00, 0x00, 0x00, 0x00, 0x00, 0x00, 0x00, 0x00, 0x00, 0x00,
    0x00, 0x00, 0x00, 0x00, 0x00, 0x00, 0x00, 0x00, 0x00, 0x00, 0x00, 0x00,
    0x00, 0x00, 0x00, 0x00, 0x00, 0x00, 0x00, 0x00, 0x00, 0x00, 0x00, 0x00,
    0x00, 0x00, 0x00, 0x00, 0x00, 0x00, 0x00, 0x00, 0x00, 0x00, 0x00, 0x00,
    0x00, 0x00, 0x00, 0x00, 0x00, 0x00, 0x00, 0x00, 0x00, 0x00, 0x00, 0x00,
    0x00, 0x00, 0x00, 0x00, 0x00, 0x00, 0x00, 0x00, 0x00, 0x00, 0x00, 0x00,
    0x00, 0x00, 0x00, 0x00, 0x00, 0x00, 0x00, 0x00, 0x00, 0x00, 0x00, 0x00,
    0x00, 0x00, 0x00, 0x00, 0x00, 0x00, 0x00, 0x00, 0x00, 0x00, 0x00, 0x00,
    0x00, 0x00, 0x00, 0x00, 0x00, 0x00, 0x00, 0x00, 0x00, 0x00, 0x00, 0x00,
    0x00, 0x00, 0x00, 0x00, 0x00, 0x00, 0x00, 0x00, 0x00, 0x00, 0x00, 0x00,
    0x00, 0x00, 0x00, 0x00, 0x00, 0x00, 0x00, 0x00, 0x00, 0x00, 0x00, 0x00,
    0x00, 0x00, 0x00, 0x00, 0x00, 0x00, 0x00, 0x00, 0x00, 0x00, 0x00, 0x00,
    0x00, 0x00, 0x00, 0x00, 0x00, 0x00, 0x00, 0x00, 0x00, 0x00, 0x00, 0x00,
    0x00, 0x00, 0x00, 0x00, 0x00, 0x00, 0x00, 0x00, 0x00, 0x00, 0x00, 0x00,
    0x00, 0x00, 0x00, 0x00, 0x00, 0x00, 0x00, 0x00, 0x00, 0x00, 0x00, 0x00,
    0x00, 0x00, 0x00, 0x00, 0x00, 0x00, 0x00, 0x00, 0x00, 0x00, 0x00, 0x00,
    0x00, 0x00, 0x00, 0x00, 0x00, 0x00, 0x00, 0x00, 0x00, 0x00, 0x00, 0x00,
    0x00, 0x00, 0x00, 0x00, 0x00, 0x00, 0x00, 0x00, 0x00, 0x00, 0x00, 0x00,
    0x00, 0x00, 0x00, 0x00, 0x00, 0x00, 0x00, 0x00, 0x00, 0x00, 0x00, 0x00,
    0x00, 0x00, 0x00, 0x00, 0x00, 0x00, 0x00, 0x00, 0x00, 0x00, 0x00, 0x00,
    0x00, 0x00, 0x00, 0x00, 0x00, 0x00, 0x00, 0x00, 0x00, 0x00, 0x00, 0x00,
    0x00, 0x00, 0x00, 0x00, 0x00, 0x00, 0x00, 0x00, 0x00, 0x00, 0x00, 0x00,
    0x00, 0x00, 0x00, 0x00, 0x00, 0x00, 0x00, 0x00, 0x00, 0x00, 0x00, 0x00,
    0x00, 0x00, 0x00, 0x00, 0x00, 0x00, 0x00, 0x00, 0x00, 0x00, 0x00, 0x00,
    0x00, 0x00, 0x00, 0x00, 0x00, 0x00, 0x00, 0x00, 0x00, 0x00, 0x00, 0x00,
    0x00, 0x00, 0x00, 0x00, 0x00, 0x00, 0x00, 0x00, 0x00, 0x00, 0x00, 0x00,
    0x00, 0x00, 0x00, 0x00, 0x00, 0x00, 0x00, 0x00, 0x00, 0x00, 0x00, 0x00,
    0x00, 0x00, 0x00, 0x00, 0x00, 0x00, 0x00, 0x00, 0x00, 0x00, 0x00, 0x00,
    0x00, 0x00, 0x00, 0x00, 0x00, 0x00, 0x00, 0x00, 0x00, 0x00, 0x00, 0x00,
    0x00, 0x00, 0x00, 0x00, 0x00, 0x00, 0x00, 0x00, 0x00, 0x00, 0x00, 0x00,
    0x00, 0x00, 0x00, 0x00, 0x00, 0x00, 0x00, 0x00, 0x00, 0x00, 0x00, 0x00,
    0x00, 0x00, 0x00, 0x00, 0x00, 0x00, 0x00, 0x00, 0x00, 0x00, 0x00, 0x00,
    0x00, 0x00, 0x00, 0x00, 0x00, 0x00, 0x00, 0x00, 0x00, 0x00, 0x00, 0x00,
    0x00, 0x00, 0x00, 0x00, 0x00, 0x00, 0x00, 0x00, 0x00, 0x00, 0x00, 0x00,
    0x00, 0x00, 0x00, 0x00, 0x00, 0x00, 0x00, 0x00, 0x00, 0x00, 0x00, 0x00,
    0x00, 0x00, 0x00, 0x00, 0x00, 0x00, 0x00, 0x00, 0x00, 0x00, 0x00, 0x00,
    0x00, 0x00, 0x00, 0x00, 0x00, 0x00, 0x00, 0x00, 0x00, 0x00, 0x00, 0x00,
    0x00, 0x00, 0x00, 0x00, 0x00, 0x00, 0x00, 0x00, 0x00, 0x00, 0x00, 0x00,
    0x00, 0x00, 0x00, 0x00, 0x00, 0x00, 0x00, 0x00, 0x00, 0x00, 0x00, 0x00,
    0x00, 0x00, 0x00, 0x00, 0x00, 0x00, 0x00, 0x00, 0x00, 0x00, 0x00, 0x00,
    0x00, 0x00, 0x00, 0x00, 0x00, 0x00, 0x00, 0x00, 0x00, 0x00, 0x00, 0x00,
    0x00, 0x00, 0x00, 0x00, 0x00, 0x00, 0x00, 0x00, 0x00, 0x00, 0x00, 0x00,
    0x00, 0x00, 0x00, 0x00, 0x00, 0x00, 0x00, 0x00, 0x00, 0x00, 0x00, 0x00,
    0x00, 0x00, 0x00, 0x00, 0x00, 0x00, 0x00, 0x00, 0x00, 0x00, 0x00, 0x00,
    0x00, 0x00, 0x00, 0x00, 0x00, 0x00, 0x00, 0x00, 0x00, 0x00, 0x00, 0x00,
    0x00, 0x00, 0x00, 0x00, 0x00, 0x00, 0x00, 0x00, 0x00, 0x00, 0x00, 0x00,
    0x00, 0x00, 0x00, 0x00, 0x00, 0x00, 0x00, 0x00, 0x00, 0x00, 0x00, 0x00,
    0x00, 0x00, 0x00, 0x00, 0x00, 0x00, 0x00, 0x00, 0x00, 0x00, 0x00, 0x00,
    0x00, 0x00, 0x00, 0x00, 0x00, 0x00, 0x00, 0x00, 0x00, 0x00, 0x00, 0x00,
    0x00, 0x00, 0x00, 0x00, 0x00, 0x00, 0x00, 0x00, 0x00, 0x00, 0x00, 0x00,
    0x00, 0x00, 0x00, 0x00, 0x00, 0x00, 0x00, 0x00, 0x00, 0x00, 0x00, 0x00,
    0x00, 0x00, 0x00, 0x00, 0x00, 0x00, 0x00, 0x00, 0x00, 0x00, 0x00, 0x00,
    0x00, 0x00, 0x00, 0x00, 0x00, 0x00, 0x00, 0x00, 0x00, 0x00, 0x00, 0x00,
    0x00, 0x00, 0x00, 0x00, 0x00, 0x00, 0x00, 0x00, 0x00, 0x00, 0x00, 0x00,
    0x00, 0x00, 0x00, 0x00, 0x00, 0x00, 0x00, 0x00, 0x00, 0x00, 0x00, 0x00,
    0x00, 0x00, 0x00, 0x00, 0x00, 0x00, 0x00, 0x00, 0x00, 0x00, 0x00, 0x00,
    0x00, 0x00, 0x00, 0x00, 0x00, 0x00, 0x00, 0x00, 0x00, 0x00, 0x00, 0x00,
    0x00, 0x00, 0x00, 0x00, 0x00, 0x00, 0x00, 0x00, 0x00, 0x00, 0x00, 0x00,
    0x00, 0x00, 0x00, 0x00, 0x00, 0x00, 0x00, 0x00, 0x00, 0x00, 0x00, 0x00,
    0x00, 0x00, 0x00, 0x00, 0x00, 0x00, 0x00, 0x00, 0x00, 0x00, 0x00, 0x00,
    0x00, 0x00, 0x00, 0x00, 0x00, 0x00, 0x00, 0x00, 0x00, 0x00, 0x00, 0x00,
    0x00, 0x00, 0x00, 0x00, 0x00, 0x00, 0x00, 0x00, 0x00, 0x00, 0x00, 0x00,
    0x00, 0x00, 0x00, 0x00, 0x00, 0x00, 0x00, 0x00, 0x00, 0x00, 0x00, 0x00,
    0x00, 0x00, 0x00, 0x00, 0x00, 0x00, 0x00, 0x00, 0x00, 0x00, 0x00, 0x00,
    0x00, 0x00, 0x00, 0x00, 0x00, 0x00, 0x00, 0x00, 0x00, 0x00, 0x00, 0x00,
    0x00, 0x00, 0x00, 0x00, 0x00, 0x00, 0x00, 0x00, 0x00, 0x00, 0x00, 0x00,
    0x00, 0x00, 0x00, 0x00, 0x00, 0x00, 0x00, 0x00, 0x00, 0x00, 0x00, 0x00,
    0x00, 0x00, 0x00, 0x00, 0x00, 0x00, 0x00, 0x00, 0x00, 0x00, 0x00, 0x00,
    0x00, 0x00, 0x00, 0x00, 0x00, 0x00, 0x00, 0x00, 0x00, 0x00, 0x00, 0x00,
    0x00, 0x00, 0x00, 0x00, 0x00, 0x00, 0x00, 0x00, 0x00, 0x00, 0x00, 0x00,
    0x00, 0x00, 0x00, 0x00, 0x00, 0x00, 0x00, 0x00, 0x00, 0x00, 0x00, 0x00,
    0x00, 0x00, 0x00, 0x00, 0x00, 0x00, 0x00, 0x00, 0x00, 0x00, 0x00, 0x00,
    0x00, 0x00, 0x00, 0x00, 0x00, 0x00, 0x00, 0x00, 0x00, 0x00, 0x00, 0x00,
    0x00, 0x00, 0x00, 0x00, 0x00, 0x00, 0x00, 0x00, 0x00, 0x00, 0x00, 0x00,
    0x00, 0x00, 0x00, 0x00, 0x00, 0x00, 0x00, 0x00, 0x00, 0x00, 0x00, 0x00,
    0x00, 0x00, 0x00, 0x00, 0x00, 0x00, 0x00, 0x00, 0x00, 0x00, 0x00, 0x00,
    0x00, 0x00, 0x00, 0x00, 0x00, 0x00, 0x00, 0x00, 0x00, 0x00, 0x00, 0x00,
    0x00, 0x00, 0x00, 0x00, 0x00, 0x00, 0x00, 0x00, 0x00, 0x00, 0x00, 0x00,
    0x00, 0x00, 0x00, 0x00, 0x00, 0x00, 0x00, 0x00, 0x00, 0x00, 0x00, 0x00,
    0x00, 0x00, 0x00, 0x00, 0x00, 0x00, 0x00, 0x00, 0x00, 0x00, 0x00, 0x00,
    0x00, 0x00, 0x00, 0x00, 0x00, 0x00, 0x00, 0x00, 0x00, 0x00, 0x00, 0x00,
    0x00, 0x00, 0x00, 0x00, 0x00, 0x00, 0x00, 0x00, 0x00, 0x00, 0x00, 0x00,
    0x00, 0x00, 0x00, 0x00, 0x00, 0x00, 0x00, 0x00, 0x00, 0x00, 0x00, 0x00,
    0x00, 0x00, 0x00, 0x00, 0x00, 0x00, 0x00, 0x00, 0x00, 0x00, 0x00, 0x00,
    0x00, 0x00, 0x00, 0x00, 0x00, 0x00, 0x00, 0x00, 0x00, 0x00, 0x00, 0x00,
    0x00, 0x00, 0x00, 0x00, 0x00, 0x00, 0x00, 0x00, 0x00, 0x00, 0x00, 0x00,
    0x00, 0x00, 0x00, 0x00, 0x00, 0x00, 0x00, 0x00, 0x00, 0x00, 0x00, 0x00,
    0x00, 0x00, 0x00, 0x00, 0x00, 0x00, 0x00, 0x00, 0x00, 0x00, 0x00, 0x00,
    0x00, 0x00, 0x00, 0x00, 0x00, 0x00, 0x00, 0x00, 0x00, 0x00, 0x00, 0x00,
    0x00, 0x00, 0x00, 0x00, 0x00, 0x00, 0x00, 0x00, 0x00, 0x00, 0x00, 0x00,
    0x00, 0x00, 0x00, 0x00, 0x00, 0x00, 0x00, 0x00, 0x00, 0x00, 0x00, 0x00,
    0x00, 0x00, 0x00, 0x00, 0x00, 0x00, 0x00, 0x00, 0x00, 0x00, 0x00, 0x00,
    0x00, 0x00, 0x00, 0x00, 0x00, 0x00, 0x00, 0x00, 0x00, 0x00, 0x00, 0x00,
    0x00, 0x00, 0x00, 0x00, 0x00, 0x00, 0x00, 0x00, 0x00, 0x00, 0x00, 0x00,
    0x00, 0x00, 0x00, 0x00, 0x00, 0x00, 0x00, 0x00, 0x00, 0x00, 0x00, 0x00,
    0x00, 0x00, 0x00, 0x00, 0x00, 0x00, 0x00, 0x00, 0x00, 0x00, 0x00, 0x00,
    0x00, 0x00, 0x00, 0x00, 0x00, 0x00, 0x00, 0x00, 0x00, 0x00, 0x00, 0x00,
    0x00, 0x00, 0x00, 0x00, 0x00, 0x00, 0x00, 0x00, 0x00, 0x00, 0x00, 0x00,
    0x00, 0x00, 0x00, 0x00, 0x00, 0x00, 0x00, 0x00, 0x00, 0x00, 0x00, 0x00,
    0x00, 0x00, 0x00, 0x00, 0x00, 0x00, 0x00, 0x00, 0x00, 0x00, 0x00, 0x00,
    0x00, 0x00, 0x00, 0x00, 0x00, 0x00, 0x00, 0x00, 0x00, 0x00, 0x00, 0x00,
    0x00, 0x00, 0x00, 0x00, 0x00, 0x00, 0x00, 0x00, 0x00, 0x00, 0x00, 0x00,
    0x00, 0x00, 0x00, 0x00, 0x00, 0x00, 0x00, 0x00, 0x00, 0x00, 0x00, 0x00,
    0x00, 0x00, 0x00, 0x00, 0x00, 0x00, 0x00, 0x00, 0x00, 0x00, 0x00, 0x00,
    0x00, 0x00, 0x00, 0x00, 0x00, 0x00, 0x00, 0x00, 0x00, 0x00, 0x00, 0x00,
    0x00, 0x00, 0x00, 0x00, 0x00, 0x00, 0x00, 0x00, 0x00, 0x00, 0x00, 0x00,
    0x00, 0x00, 0x00, 0x00, 0x00, 0x00, 0x00, 0x00, 0x00, 0x00, 0x00, 0x00,
    0x00, 0x00, 0x00, 0x00, 0x00, 0x00, 0x00, 0x00, 0x00, 0x00, 0x00, 0x00,
    0x00, 0x00, 0x00, 0x00, 0x00, 0x00, 0x00, 0x00, 0x00, 0x00, 0x00, 0x00,
    0x00, 0x00, 0x00, 0x00, 0x00, 0x00, 0x00, 0x00, 0x00, 0x00, 0x00, 0x00,
    0x00, 0x00, 0x00, 0x00, 0x00, 0x00, 0x00, 0x00, 0x00, 0x00, 0x00, 0x00,
    0x00, 0x00, 0x00, 0x00, 0x00, 0x00, 0x00, 0x00, 0x00, 0x00, 0x00, 0x00,
    0x00, 0x00, 0x00, 0x00, 0x00, 0x00, 0x00, 0x00, 0x00, 0x00, 0x00, 0x00,
    0x00, 0x00, 0x00, 0x00, 0x00, 0x00, 0x00, 0x00, 0x00, 0x00, 0x00, 0x00,
    0x00, 0x00, 0x00, 0x00, 0x00, 0x00, 0x00, 0x00, 0x00, 0x00, 0x00, 0x00,
    0x00, 0x00, 0x00, 0x00, 0x00, 0x00, 0x00, 0x00, 0x00, 0x00, 0x00, 0x00,
    0x00, 0x00, 0x00, 0x00, 0x00, 0x00, 0x00, 0x00, 0x00, 0x00, 0x00, 0x00,
    0x00, 0x00, 0x00, 0x00, 0x00, 0x00, 0x00, 0x00, 0x00, 0x00, 0x00, 0x00,
    0x00, 0x00, 0x00, 0x00, 0x00, 0x00, 0x00, 0x00, 0x00, 0x00, 0x00, 0x00,
    0x00, 0x00, 0x00, 0x00, 0x00, 0x00, 0x00, 0x00, 0x00, 0x00, 0x00, 0x00,
    0x00, 0x00, 0x00, 0x00, 0x00, 0x00, 0x00, 0x00, 0x00, 0x00, 0x00, 0x00,
    0x00, 0x00, 0x00, 0x00, 0x00, 0x00, 0x00, 0x00, 0x00, 0x00, 0x00, 0x00,
    0x00, 0x00, 0x00, 0x00, 0x00, 0x00, 0x00, 0x00, 0x00, 0x00, 0x00, 0x00,
    0x00, 0x00, 0x00, 0x00, 0x00, 0x00, 0x00, 0x00, 0x00, 0x00, 0x00, 0x00,
    0x00, 0x00, 0x00, 0x00, 0x00, 0x00, 0x00, 0x00, 0x00, 0x00, 0x00, 0x00,
    0x00, 0x00, 0x00, 0x00, 0x00, 0x00, 0x00, 0x00, 0x00, 0x00, 0x00, 0x00,
    0x00, 0x00, 0x00, 0x00, 0x00, 0x00, 0x00, 0x00, 0x00, 0x00, 0x00, 0x00,
    0x00, 0x00, 0x00, 0x00, 0x00, 0x00, 0x00, 0x00, 0x00, 0x00, 0x00, 0x00,
    0x00, 0x00, 0x00, 0x00, 0x00, 0x00, 0x00, 0x00, 0x00, 0x00, 0x00, 0x00,
    0x00, 0x00, 0x00, 0x00, 0x00, 0x00, 0x00, 0x00, 0x00, 0x00, 0x00, 0x00,
    0x00, 0x00, 0x00, 0x00, 0x00, 0x00, 0x00, 0x00, 0x00, 0x00, 0x00, 0x00,
    0x00, 0x00, 0x00, 0x00, 0x00, 0x00, 0x00, 0x00, 0x00, 0x00, 0x00, 0x00,
    0x00, 0x00, 0x00, 0x00, 0x00, 0x00, 0x00, 0x00, 0x00, 0x00, 0x00, 0x00,
    0x00, 0x00, 0x00, 0x00, 0x00, 0x00, 0x00, 0x00, 0x00, 0x00, 0x00, 0x00,
    0x00, 0x00, 0x00, 0x00, 0x00, 0x00, 0x00, 0x00, 0x00, 0x00, 0x00, 0x00,
    0x00, 0x00, 0x00, 0x00, 0x00, 0x00, 0x00, 0x00, 0x00, 0x00, 0x00, 0x00,
    0x00, 0x00, 0x00, 0x00, 0x00, 0x00, 0x00, 0x00, 0x00, 0x00, 0x00, 0x00,
    0x00, 0x00, 0x00, 0x00, 0x00, 0x00, 0x00, 0x00, 0x00, 0x00, 0x00, 0x00,
    0x00, 0x00, 0x00, 0x00, 0x00, 0x00, 0x00, 0x00, 0x00, 0x00, 0x00, 0x00,
    0x00, 0x00, 0x00, 0x00, 0x00, 0x00, 0x00, 0x00, 0x00, 0x00, 0x00, 0x00,
    0x00, 0x00, 0x00, 0x00, 0x00, 0x00, 0x00, 0x00, 0x00, 0x00, 0x00, 0x00,
    0x00, 0x00, 0x00, 0x00, 0x00, 0x00, 0x00, 0x00, 0x00, 0x00, 0x00, 0x00,
    0x00, 0x00, 0x00, 0x00, 0x00, 0x00, 0x00, 0x00, 0x00, 0x00, 0x00, 0x00,
    0x00, 0x00, 0x00, 0x00, 0x00, 0x00, 0x00, 0x00, 0x00, 0x00, 0x00, 0x00,
    0x00, 0x00, 0x00, 0x00, 0x00, 0x00, 0x00, 0x00, 0x00, 0x00, 0x00, 0x00,
    0x00, 0x00, 0x00, 0x00, 0x00, 0x00, 0x00, 0x00, 0x00, 0x00, 0x00, 0x00,
    0x00, 0x00, 0x00, 0x00, 0x00, 0x00, 0x00, 0x00, 0x00, 0x00, 0x00, 0x00,
    0x00, 0x00, 0x00, 0x00, 0x00, 0x00, 0x00, 0x00, 0x00, 0x00, 0x00, 0x00,
    0x00, 0x00, 0x00, 0x00, 0x00, 0x00, 0x00, 0x00, 0x00, 0x00, 0x00, 0x00,
    0x00, 0x00, 0x00, 0x00, 0x00, 0x00, 0x00, 0x00, 0x00, 0x00, 0x00, 0x00,
    0x00, 0x00, 0x00, 0x00, 0x00, 0x00, 0x00, 0x00, 0x00, 0x00, 0x00, 0x00,
    0x00, 0x00, 0x00, 0x00, 0x00, 0x00, 0x00, 0x00, 0x00, 0x00, 0x00, 0x00,
    0x00, 0x00, 0x00, 0x00, 0x00, 0x00, 0x00, 0x00, 0x00, 0x00, 0x00, 0x00,
    0x00, 0x00, 0x00, 0x00, 0x00, 0x00, 0x00, 0x00, 0x00, 0x00, 0x00, 0x00,
    0x00, 0x00, 0x00, 0x00, 0x00, 0x00, 0x00, 0x00, 0x00, 0x00, 0x00, 0x00,
    0x00, 0x00, 0x00, 0x00, 0x00, 0x00, 0x00, 0x00, 0x00, 0x00, 0x00, 0x00,
    0x00, 0x00, 0x00, 0x00, 0x00, 0x00, 0x00, 0x00, 0x00, 0x00, 0x00, 0x00,
    0x00, 0x00, 0x00, 0x00, 0x00, 0x00, 0x00, 0x00, 0x00, 0x00, 0x00, 0x00,
    0x00, 0x00, 0x00, 0x00, 0x00, 0x00, 0x00, 0x00, 0x00, 0x00, 0x00, 0x00,
    0x00, 0x00, 0x00, 0x00, 0x00, 0x00, 0x00, 0x00, 0x00, 0x00, 0x00, 0x00,
    0x00, 0x00, 0x00, 0x00, 0x00, 0x00, 0x00, 0x00, 0x00, 0x00, 0x00, 0x00,
    0x00, 0x00, 0x00, 0x00, 0x00, 0x00, 0x00, 0x00, 0x00, 0x00, 0x00, 0x00,
    0x00, 0x00, 0x00, 0x00, 0x00, 0x00, 0x00, 0x00, 0x00, 0x00, 0x00, 0x00,
    0x00, 0x00, 0x00, 0x00, 0x00, 0x00, 0x00, 0x00, 0x00, 0x00, 0x00, 0x00,
    0x00, 0x00, 0x00, 0x00, 0x00, 0x00, 0x00, 0x00, 0x00, 0x00, 0x00, 0x00,
    0x00, 0x00, 0x00, 0x00, 0x00, 0x00, 0x00, 0x00, 0x00, 0x00, 0x00, 0x00,
    0x00, 0x00, 0x00, 0x00, 0x00, 0x00, 0x00, 0x00, 0x00, 0x00, 0x00, 0x00,
    0x00, 0x00, 0x00, 0x00, 0x00, 0x00, 0x00, 0x00, 0x00, 0x00, 0x00, 0x00,
    0x00, 0x00, 0x00, 0x00, 0x00, 0x00, 0x00, 0x00, 0x00, 0x00, 0x00, 0x00,
    0x00, 0x00, 0x00, 0x00, 0x00, 0x00, 0x00, 0x00, 0x00, 0x00, 0x00, 0x00,
    0x00, 0x00, 0x00, 0x00, 0x00, 0x00, 0x00, 0x00, 0x00, 0x00, 0x00, 0x00,
    0x00, 0x00, 0x00, 0x00, 0x00, 0x00, 0x00, 0x00, 0x00, 0x00, 0x00, 0x00,
    0x00, 0x00, 0x00, 0x00, 0x00, 0x00, 0x00, 0x00, 0x00, 0x00, 0x00, 0x00,
    0x00, 0x00, 0x00, 0x00, 0x00, 0x00, 0x00, 0x00, 0x00, 0x00, 0x00, 0x00,
    0x00, 0x00, 0x00, 0x00, 0x00, 0x00, 0x00, 0x00, 0x00, 0x00, 0x00, 0x00,
    0x00, 0x00, 0x00, 0x00, 0x00, 0x00, 0x00, 0x00, 0x00, 0x00, 0x00, 0x00,
    0x00, 0x00, 0x00, 0x00, 0x00, 0x00, 0x00, 0x00, 0x00, 0x00, 0x00, 0x00,
    0x00, 0x00, 0x00, 0x00, 0x00, 0x00, 0x00, 0x00, 0x00, 0x00, 0x00, 0x00,
    0x00, 0x00, 0x00, 0x00, 0x00, 0x00, 0x00, 0x00, 0x00, 0x00, 0x00, 0x00,
    0x00, 0x00, 0x00, 0x00, 0x00, 0x00, 0x00, 0x00, 0x00, 0x00, 0x00, 0x00,
    0x00, 0x00, 0x00, 0x00, 0x00, 0x00, 0x00, 0x00, 0x00, 0x00, 0x00, 0x00,
    0x00, 0x00, 0x00, 0x00, 0x00, 0x00, 0x00, 0x00, 0x00, 0x00, 0x00, 0x00,
    0x00, 0x00, 0x00, 0x00, 0x00, 0x00, 0x00, 0x00, 0x00, 0x00, 0x00, 0x00,
    0x00, 0x00, 0x00, 0x00, 0x00, 0x00, 0x00, 0x00, 0x00, 0x00, 0x00, 0x00,
    0x00, 0x00, 0x00, 0x00, 0x00, 0x00, 0x00, 0x00, 0x00, 0x00, 0x00, 0x00,
    0x00, 0x00, 0x00, 0x00, 0x00, 0x00, 0x00, 0x00, 0x00, 0x00, 0x00, 0x00,
    0x00, 0x00, 0x00, 0x00, 0x00, 0x00, 0x00, 0x00, 0x00, 0x00, 0x00, 0x00,
    0x00, 0x00, 0x00, 0x00, 0x00, 0x00, 0x00, 0x00, 0x00, 0x00, 0x00, 0x00,
    0x00, 0x00, 0x00, 0x00, 0x00, 0x00, 0x00, 0x00, 0x00, 0x00, 0x00, 0x00,
    0x00, 0x00, 0x00, 0x00, 0x00, 0x00, 0x00, 0x00, 0x00, 0x00, 0x00, 0x00,
    0x00, 0x00, 0x00, 0x00, 0x00, 0x00, 0x00, 0x00, 0x00, 0x00, 0x00, 0x00,
    0x00, 0x00, 0x00, 0x00, 0x00, 0x00, 0x00, 0x00, 0x00, 0x00, 0x00, 0x00,
    0x00, 0x00, 0x00, 0x00, 0x00, 0x00, 0x00, 0x00, 0x00, 0x00, 0x00, 0x00,
    0x00, 0x00, 0x00, 0x00, 0x00, 0x00, 0x00, 0x00, 0x00, 0x00, 0x00, 0x00,
    0x00, 0x00, 0x00, 0x00, 0x00, 0x00, 0x00, 0x00, 0x00, 0x00, 0x00, 0x00,
    0x00, 0x00, 0x00, 0x00, 0x00, 0x00, 0x00, 0x00, 0x00, 0x00, 0x00, 0x00,
    0x00, 0x00, 0x00, 0x00, 0x00, 0x00, 0x00, 0x00, 0x00, 0x00, 0x00, 0x00,
    0x00, 0x00, 0x00, 0x00, 0x00, 0x00, 0x00, 0x00, 0x00, 0x00, 0x00, 0x00,
    0x00, 0x00, 0x00, 0x00, 0x00, 0x00, 0x00, 0x00, 0x00, 0x00, 0x00, 0x00,
    0x00, 0x00, 0x00, 0x00, 0x00, 0x00, 0x00, 0x00, 0x00, 0x00, 0x00, 0x00,
    0x00, 0x00, 0x00, 0x00, 0x00, 0x00, 0x00, 0x00, 0x00, 0x00, 0x00, 0x00,
    0x00, 0x00, 0x00, 0x00, 0x00, 0x00, 0x00, 0x00, 0x00, 0x00, 0x00, 0x00,
    0x00, 0x00, 0x00, 0x00, 0x00, 0x00, 0x00, 0x00, 0x00, 0x00, 0x00, 0x00,
    0x00, 0x00, 0x00, 0x00, 0x00, 0x00, 0x00, 0x00, 0x00, 0x00, 0x00, 0x00,
    0x00, 0x00, 0x00, 0x00, 0x00, 0x00, 0x00, 0x00, 0x00, 0x00, 0x00, 0x00,
    0x00, 0x00, 0x00, 0x00, 0x00, 0x00, 0x00, 0x00, 0x00, 0x00, 0x00, 0x00,
    0x00, 0x00, 0x00, 0x00, 0x00, 0x00, 0x00, 0x00, 0x00, 0x00, 0x00, 0x00,
    0x00, 0x00, 0x00, 0x00, 0x00, 0x00, 0x00, 0x00, 0x00, 0x00, 0x00, 0x00,
    0x00, 0x00, 0x00, 0x00, 0x00, 0x00, 0x00, 0x00, 0x00, 0x00, 0x00, 0x00,
    0x00, 0x00, 0x00, 0x00, 0x00, 0x00, 0x00, 0x00, 0x00, 0x00, 0x00, 0x00,
    0x00, 0x00, 0x00, 0x00, 0x00, 0x00, 0x00, 0x00, 0x00, 0x00, 0x00, 0x00,
    0x00, 0x00, 0x00, 0x00, 0x00, 0x00, 0x00, 0x00, 0x00, 0x00, 0x00, 0x00,
    0x00, 0x00, 0x00, 0x00, 0x00, 0x00, 0x00, 0x00, 0x00, 0x00, 0x00, 0x00,
    0x00, 0x00, 0x00, 0x00, 0x00, 0x00, 0x00, 0x00, 0x00, 0x00, 0x00, 0x00,
    0x00, 0x00, 0x00, 0x00, 0x00, 0x00, 0x00, 0x00, 0x00, 0x00, 0x00, 0x00,
    0x00, 0x00, 0x00, 0x00, 0x00, 0x00, 0x00, 0x00, 0x00, 0x00, 0x00, 0x00,
    0x00, 0x00, 0x00, 0x00, 0x00, 0x00, 0x00, 0x00, 0x00, 0x00, 0x00, 0x00,
    0x00, 0x00, 0x00, 0x00, 0x00, 0x00, 0x00, 0x00, 0x00, 0x00, 0x00, 0x00,
    0x00, 0x00, 0x00, 0x00, 0x00, 0x00, 0x00, 0x00, 0x00, 0x00, 0x00, 0x00,
    0x00, 0x00, 0x00, 0x00, 0x00, 0x00, 0x00, 0x00, 0x00, 0x00, 0x00, 0x00,
    0x00, 0x00, 0x00, 0x00, 0x00, 0x00, 0x00, 0x00, 0x00, 0x00, 0x00, 0x00,
    0x00, 0x00, 0x00, 0x00, 0x00, 0x00, 0x00, 0x00, 0x00, 0x00, 0x00, 0x00,
    0x00, 0x00, 0x00, 0x00, 0x00, 0x00, 0x00, 0x00, 0x00, 0x00, 0x00, 0x00,
    0x00, 0x00, 0x00, 0x00, 0x00, 0x00, 0x00, 0x00, 0x00, 0x00, 0x00, 0x00,
    0x00, 0x00, 0x00, 0x00, 0x00, 0x00, 0x00, 0x00, 0x00, 0x00, 0x00, 0x00,
    0x00, 0x00, 0x00, 0x00, 0x00, 0x00, 0x00, 0x00, 0x00, 0x00, 0x00, 0x00,
    0x00, 0x00, 0x00, 0x00, 0x00, 0x00, 0x00, 0x00, 0x00, 0x00, 0x00, 0x00,
    0x00, 0x00, 0x00, 0x00, 0x00, 0x00, 0x00, 0x00, 0x00, 0x00, 0x00, 0x00,
    0x00, 0x00, 0x00, 0x00, 0x00, 0x00, 0x00, 0x00, 0x00, 0x00, 0x00, 0x00,
    0x00, 0x00, 0x00, 0x00, 0x00, 0x00, 0x00, 0x00, 0x00, 0x00, 0x00, 0x00,
    0x00, 0x00, 0x00, 0x00, 0x00, 0x00, 0x00, 0x00, 0x00, 0x00, 0x00, 0x00,
    0x00, 0x00, 0x00, 0x00, 0x00, 0x00, 0x00, 0x00, 0x00, 0x00, 0x00, 0x00,
    0x00, 0x00, 0x00, 0x00, 0x00, 0x00, 0x00, 0x00, 0x00, 0x00, 0x00, 0x00,
    0x00, 0x00, 0x00, 0x00, 0x00, 0x00, 0x00, 0x00, 0x00, 0x00, 0x00, 0x00,
    0x00, 0x00, 0x00, 0x00, 0x00, 0x00, 0x00, 0x00, 0x00, 0x00, 0x00, 0x00,
    0x00, 0x00, 0x00, 0x00, 0x00, 0x00, 0x00, 0x00, 0x00, 0x00, 0x00, 0x00,
    0x00, 0x00, 0x00, 0x00, 0x00, 0x00, 0x00, 0x00, 0x00, 0x00, 0x00, 0x00,
    0x00, 0x00, 0x00, 0x00, 0x00, 0x00, 0x00, 0x00, 0x00, 0x00, 0x00, 0x00,
    0x00, 0x00, 0x00, 0x00, 0x00, 0x00, 0x00, 0x00, 0x00, 0x00, 0x00, 0x00,
    0x00, 0x00, 0x00, 0x00, 0x00, 0x00, 0x00, 0x00, 0x00, 0x00, 0x00, 0x00,
    0x00, 0x00, 0x00, 0x00, 0x00, 0x00, 0x00, 0x00, 0x00, 0x00, 0x00, 0x00,
    0x00, 0x00, 0x00, 0x00, 0x00, 0x00, 0x00, 0x00, 0x00, 0x00, 0x00, 0x00,
    0x00, 0x00, 0x00, 0x00, 0x00, 0x00, 0x00, 0x00, 0x00, 0x00, 0x00, 0x00,
    0x00, 0x00, 0x00, 0x00, 0x00, 0x00, 0x00, 0x00, 0x00, 0x00, 0x00, 0x00,
    0x00, 0x00, 0x00, 0x00, 0x00, 0x00, 0x00, 0x00, 0x00, 0x00, 0x00, 0x00,
    0x00, 0x00, 0x00, 0x00, 0x00, 0x00, 0x00, 0x00, 0x00, 0x00, 0x00, 0x00,
    0x00, 0x00, 0x00, 0x00, 0x00, 0x00, 0x00, 0x00, 0x00, 0x00, 0x00, 0x00,
    0x00, 0x00, 0x00, 0x00, 0x00, 0x00, 0x00, 0x00, 0x00, 0x00, 0x00, 0x00,
    0x00, 0x00, 0x00, 0x00, 0x00, 0x00, 0x00, 0x00, 0x00, 0x00, 0x00, 0x00,
    0x00, 0x00, 0x00, 0x00, 0x00, 0x00, 0x00, 0x00, 0x00, 0x00, 0x00, 0x00,
    0x00, 0x00, 0x00, 0x00, 0x00, 0x00, 0x00, 0x00, 0x00, 0x00, 0x00, 0x00,
    0x00, 0x00, 0x00, 0x00, 0x00, 0x00, 0x00, 0x00, 0x00, 0x00, 0x00, 0x00,
    0x00, 0x00, 0x00, 0x00, 0x00, 0x00, 0x00, 0x00, 0x00, 0x00, 0x00, 0x00,
    0x00, 0x00, 0x00, 0x00, 0x00, 0x00, 0x00, 0x00, 0x00, 0x00, 0x00, 0x00,
    0x00, 0x00, 0x00, 0x00, 0x00, 0x00, 0x00, 0x00, 0x00, 0x00, 0x00, 0x00,
    0x00, 0x00, 0x00, 0x00, 0x00, 0x00, 0x00, 0x00, 0x00, 0x00, 0x00, 0x00,
    0x00, 0x00, 0x00, 0x00, 0x00, 0x00, 0x00, 0x00, 0x00, 0x00, 0x00, 0x00,
    0x00, 0x00, 0x00, 0x00, 0x00, 0x00, 0x00, 0x00, 0x00, 0x00, 0x00, 0x00,
    0x00, 0x00, 0x00, 0x00, 0x00, 0x00, 0x00, 0x00, 0x00, 0x00, 0x00, 0x00,
    0x00, 0x00, 0x00, 0x00, 0x00, 0x00, 0x00, 0x00, 0x00, 0x00, 0x00, 0x00,
    0x00, 0x00, 0x00, 0x00, 0x00, 0x00, 0x00, 0x00, 0x00, 0x00, 0x00, 0x00,
    0x00, 0x00, 0x00, 0x00, 0x00, 0x00, 0x00, 0x00, 0x00, 0x00, 0x00, 0x00,
    0x00, 0x00, 0x00, 0x00, 0x00, 0x00, 0x00, 0x00, 0x00, 0x00, 0x00, 0x00,
    0x00, 0x00, 0x00, 0x00, 0x00, 0x00, 0x00, 0x00, 0x00, 0x00, 0x00, 0x00,
    0x00, 0x00, 0x00, 0x00, 0x00, 0x00, 0x00, 0x00, 0x00, 0x00, 0x00, 0x00,
    0x00, 0x00, 0x00, 0x00, 0x00, 0x00, 0x00, 0x00, 0x00, 0x00, 0x00, 0x00,
    0x00, 0x00, 0x00, 0x00, 0x00, 0x00, 0x00, 0x00, 0x00, 0x00, 0x00, 0x00,
    0x00, 0x00, 0x00, 0x00, 0x00, 0x00, 0x00, 0x00, 0x00, 0x00, 0x00, 0x00,
    0x00, 0x00, 0x00, 0x00, 0x00, 0x00, 0x00, 0x00, 0x00, 0x00, 0x00, 0x00,
    0x00, 0x00, 0x00, 0x00, 0x00, 0x00, 0x00, 0x00, 0x00, 0x00, 0x00, 0x00,
    0x00, 0x00, 0x00, 0x00, 0x00, 0x00, 0x00, 0x00, 0x00, 0x00, 0x00, 0x00,
    0x00, 0x00, 0x00, 0x00, 0x00, 0x00, 0x00, 0x00, 0x00, 0x00, 0x00, 0x00,
    0x00, 0x00, 0x00, 0x00, 0x00, 0x00, 0x00, 0x00, 0x00, 0x00, 0x00, 0x00,
    0x00, 0x00, 0x00, 0x00, 0x00, 0x00, 0x00, 0x00, 0x00, 0x00, 0x00, 0x00,
    0x00, 0x00, 0x00, 0x00, 0x00, 0x00, 0x00, 0x00, 0x00, 0x00, 0x00, 0x00,
    0x00, 0x00, 0x00, 0x00, 0x00, 0x00, 0x00, 0x00, 0x00, 0x00, 0x00, 0x00,
    0x00, 0x00, 0x00, 0x00, 0x00, 0x00, 0x00, 0x00, 0x00, 0x00, 0x00, 0x00,
    0x00, 0x00, 0x00, 0x00, 0x00, 0x00, 0x00, 0x00, 0x00, 0x00, 0x00, 0x00,
    0x00, 0x00, 0x00, 0x00, 0x00, 0x00, 0x00, 0x00, 0x00, 0x00, 0x00, 0x00,
    0x00, 0x00, 0x00, 0x00, 0x00, 0x00, 0x00, 0x00, 0x00, 0x00, 0x00, 0x00,
    0x00, 0x00, 0x00, 0x00, 0x00, 0x00, 0x00, 0x00, 0x00, 0x00, 0x00, 0x00,
    0x00, 0x00, 0x00, 0x00, 0x00, 0x00, 0x00, 0x00, 0x00, 0x00, 0x00, 0x00,
    0x00, 0x00, 0x00, 0x00, 0x00, 0x00, 0x00, 0x00, 0x00, 0x00, 0x00, 0x00,
    0x00, 0x00, 0x00, 0x00, 0x00, 0x00, 0x00, 0x00, 0x00, 0x00, 0x00, 0x00,
    0x00, 0x00, 0x00, 0x00, 0x00, 0x00, 0x00, 0x00, 0x00, 0x00, 0x00, 0x00,
    0x00, 0x00, 0x00, 0x00, 0x00, 0x00, 0x00, 0x00, 0x00, 0x00, 0x00, 0x00,
    0x00, 0x00, 0x00, 0x00, 0x00, 0x00, 0x00, 0x00, 0x00, 0x00, 0x00, 0x00,
    0x00, 0x00, 0x00, 0x00, 0x00, 0x00, 0x00, 0x00, 0x00, 0x00, 0x00, 0x00,
    0x00, 0x00, 0x00, 0x00, 0x00, 0x00, 0x00, 0x00, 0x00, 0x00, 0x00, 0x00,
    0x00, 0x00, 0x00, 0x00, 0x00, 0x00, 0x00, 0x00, 0x00, 0x00, 0x00, 0x00,
    0x00, 0x00, 0x00, 0x00, 0x00, 0x00, 0x00, 0x00, 0x00, 0x00, 0x00, 0x00,
    0x00, 0x00, 0x00, 0x00, 0x00, 0x00, 0x00, 0x00, 0x00, 0x00, 0x00, 0x00,
    0x00, 0x00, 0x00, 0x00, 0x00, 0x00, 0x00, 0x00, 0x00, 0x00, 0x00, 0x00,
    0x00, 0x00, 0x00, 0x00, 0x00, 0x00, 0x00, 0x00, 0x00, 0x00, 0x00, 0x00,
    0x00, 0x00, 0x00, 0x00, 0x00, 0x00, 0x00, 0x00, 0x00, 0x00, 0x00, 0x00,
    0x00, 0x00, 0x00, 0x00, 0x00, 0x00, 0x00, 0x00, 0x00, 0x00, 0x00, 0x00,
    0x00, 0x00, 0x00, 0x00, 0x00, 0x00, 0x00, 0x00, 0x00, 0x00, 0x00, 0x00,
    0x00, 0x00, 0x00, 0x00, 0x00, 0x00, 0x00, 0x00, 0x00, 0x00, 0x00, 0x00,
    0x00, 0x00, 0x00, 0x00, 0x00, 0x00, 0x00, 0x00, 0x00, 0x00, 0x00, 0x00,
    0x00, 0x00, 0x00, 0x00, 0x00, 0x00, 0x00, 0x00, 0x00, 0x00, 0x00, 0x00,
    0x00, 0x00, 0x00, 0x00, 0x00, 0x00, 0x00, 0x00, 0x00, 0x00, 0x00, 0x00,
    0x00, 0x00, 0x00, 0x00, 0x00, 0x00, 0x00, 0x00, 0x00, 0x00, 0x00, 0x00,
    0x00, 0x00, 0x00, 0x00, 0x00, 0x00, 0x00, 0x00, 0x00, 0x00, 0x00, 0x00,
    0x00, 0x00, 0x00, 0x00, 0x00, 0x00, 0x00, 0x00, 0x00, 0x00, 0x00, 0x00,
    0x00, 0x00, 0x00, 0x00, 0x00, 0x00, 0x00, 0x00, 0x00, 0x00, 0x00, 0x00,
    0x00, 0x00, 0x00, 0x00, 0x00, 0x00, 0x00, 0x00, 0x00, 0x00, 0x00, 0x00,
    0x00, 0x00, 0x00, 0x00, 0x00, 0x00, 0x00, 0x00, 0x00, 0x00, 0x00, 0x00,
    0x00, 0x00, 0x00, 0x00, 0x00, 0x00, 0x00, 0x00, 0x00, 0x00, 0x00, 0x00,
    0x00, 0x00, 0x00, 0x00, 0x00, 0x00, 0x00, 0x00, 0x00, 0x00, 0x00, 0x00,
    0x00, 0x00, 0x00, 0x00, 0x00, 0x00, 0x00, 0x00, 0x00, 0x00, 0x00, 0x00,
    0x00, 0x00, 0x00, 0x00, 0x00, 0x00, 0x00, 0x00, 0x00, 0x00, 0x00, 0x00,
    0x00, 0x00, 0x00, 0x00, 0x00, 0x00, 0x00, 0x00, 0x00, 0x00, 0x00, 0x00,
    0x00, 0x00, 0x00, 0x00, 0x00, 0x00, 0x00, 0x00, 0x00, 0x00, 0x00, 0x00,
    0x00, 0x00, 0x00, 0x00, 0x00, 0x00, 0x00, 0x00, 0x00, 0x00, 0x00, 0x00,
    0x00, 0x00, 0x00, 0x00, 0x00, 0x00, 0x00, 0x00, 0x00, 0x00, 0x00, 0x00,
    0x00, 0x00, 0x00, 0x00, 0x00, 0x00, 0x00, 0x00, 0x00, 0x00, 0x00, 0x00,
    0x00, 0x00, 0x00, 0x00, 0x00, 0x00, 0x00, 0x00, 0x00, 0x00, 0x00, 0x00,
    0x00, 0x00, 0x00, 0x00, 0x00, 0x00, 0x00, 0x00, 0x00, 0x00, 0x00, 0x00,
    0x00, 0x00, 0x00, 0x00, 0x00, 0x00, 0x00, 0x00, 0x00, 0x00, 0x00, 0x00,
    0x00, 0x00, 0x00, 0x00, 0x00, 0x00, 0x00, 0x00, 0x00, 0x00, 0x00, 0x00,
    0x00, 0x00, 0x00, 0x00, 0x00, 0x00, 0x00, 0x00, 0x00, 0x00, 0x00, 0x00,
    0x00, 0x00, 0x00, 0x00, 0x00, 0x00, 0x00, 0x00, 0x00, 0x00, 0x00, 0x00,
    0x00, 0x00, 0x00, 0x00, 0x00, 0x00, 0x00, 0x00, 0x00, 0x00, 0x00, 0x00,
    0x00, 0x00, 0x00, 0x00, 0x00, 0x00, 0x00, 0x00, 0x00, 0x00, 0x00, 0x00,
    0x00, 0x00, 0x00, 0x00, 0x00, 0x00, 0x00, 0x00, 0x00, 0x00, 0x00, 0x00,
    0x00, 0x00, 0x00, 0x00, 0x00, 0x00, 0x00, 0x00, 0x00, 0x00, 0x00, 0x00,
    0x00, 0x00, 0x00, 0x00, 0x00, 0x00, 0x00, 0x00, 0x00, 0x00, 0x00, 0x00,
    0x00, 0x00, 0x00, 0x00, 0x00, 0x00, 0x00, 0x00, 0x00, 0x00, 0x00, 0x00,
    0x00, 0x00, 0x00, 0x00, 0x00, 0x00, 0x00, 0x00, 0x00, 0x00, 0x00, 0x00,
    0x00, 0x00, 0x00, 0x00, 0x00, 0x00, 0x00, 0x00, 0x00, 0x00, 0x00, 0x00,
    0x00, 0x00, 0x00, 0x00, 0x00, 0x00, 0x00, 0x00, 0x00, 0x00, 0x00, 0x00,
    0x00, 0x00, 0x00, 0x00, 0x00, 0x00, 0x00, 0x00, 0x00, 0x00, 0x00, 0x00,
    0x00, 0x00, 0x00, 0x00, 0x00, 0x00, 0x00, 0x00, 0x00, 0x00, 0x00, 0x00,
    0x00, 0x00, 0x00, 0x00, 0x00, 0x00, 0x00, 0x00, 0x00, 0x00, 0x00, 0x00,
    0x00, 0x00, 0x00, 0x00, 0x00, 0x00, 0x00, 0x00, 0x00, 0x00, 0x00, 0x00,
    0x00, 0x00, 0x00, 0x00, 0x00, 0x00, 0x00, 0x00, 0x00, 0x00, 0x00, 0x00,
    0x00, 0x00, 0x00, 0x00, 0x00, 0x00, 0x00, 0x00, 0x00, 0x00, 0x00, 0x00,
    0x00, 0x00, 0x00, 0x00, 0x00, 0x00, 0x00, 0x00, 0x00, 0x00, 0x00, 0x00,
    0x00, 0x00, 0x00, 0x00, 0x00, 0x00, 0x00, 0x00, 0x00, 0x00, 0x00, 0x00,
    0x00, 0x00, 0x00, 0x00, 0x00, 0x00, 0x00, 0x00, 0x00, 0x00, 0x00, 0x00,
    0x00, 0x00, 0x00, 0x00, 0x00, 0x00, 0x00, 0x00, 0x00, 0x00, 0x00, 0x00,
    0x00, 0x00, 0x00, 0x00, 0x00, 0x00, 0x00, 0x00, 0x00, 0x00, 0x00, 0x00,
    0x00, 0x00, 0x00, 0x00, 0x00, 0x00, 0x00, 0x00, 0x00, 0x00, 0x00, 0x00,
    0x00, 0x00, 0x00, 0x00, 0x00, 0x00, 0x00, 0x00, 0x00, 0x00, 0x00, 0x00,
    0x00, 0x00, 0x00, 0x00, 0x00, 0x00, 0x00, 0x00, 0x00, 0x00, 0x00, 0x00,
    0x00, 0x00, 0x00, 0x00, 0x00, 0x00, 0x00, 0x00, 0x00, 0x00, 0x00, 0x00,
    0x00, 0x00, 0x00, 0x00, 0x00, 0x00, 0x00, 0x00, 0x00, 0x00, 0x00, 0x00,
    0x00, 0x00, 0x00, 0x00, 0x00, 0x00, 0x00, 0x00, 0x00, 0x00, 0x00, 0x00,
    0x00, 0x00, 0x00, 0x00, 0x00, 0x00, 0x00, 0x00, 0x00, 0x00, 0x00, 0x00,
    0x00, 0x00, 0x00, 0x00, 0x00, 0x00, 0x00, 0x00, 0x00, 0x00, 0x00, 0x00,
    0x00, 0x00, 0x00, 0x00, 0x00, 0x00, 0x00, 0x00, 0x00, 0x00, 0x00, 0x00,
    0x00, 0x00, 0x00, 0x00, 0x00, 0x00, 0x00, 0x00, 0x00, 0x00, 0x00, 0x00,
    0x00, 0x00, 0x00, 0x00, 0x00, 0x00, 0x00, 0x00, 0x00, 0x00, 0x00, 0x00,
    0x00, 0x00, 0x00, 0x00, 0x00, 0x00, 0x00, 0x00, 0x00, 0x00, 0x00, 0x00,
    0x00, 0x00, 0x00, 0x00, 0x00, 0x00, 0x00, 0x00, 0x00, 0x00, 0x00, 0x00,
    0x00, 0x00, 0x00, 0x00, 0x00, 0x00, 0x00, 0x00, 0x00, 0x00, 0x00, 0x00,
    0x00, 0x00, 0x00, 0x00, 0x00, 0x00, 0x00, 0x00, 0x00, 0x00, 0x00, 0x00,
    0x00, 0x00, 0x00, 0x00, 0x00, 0x00, 0x00, 0x00, 0x00, 0x00, 0x00, 0x00,
    0x00, 0x00, 0x00, 0x00, 0x00, 0x00, 0x00, 0x00, 0x00, 0x00, 0x00, 0x00,
    0x00, 0x00, 0x00, 0x00, 0x00, 0x00, 0x00, 0x00, 0x00, 0x00, 0x00, 0x00,
    0x00, 0x00, 0x00, 0x00, 0x00, 0x00, 0x00, 0x00, 0x00, 0x00, 0x00, 0x00,
    0x00, 0x00, 0x00, 0x00, 0x00, 0x00, 0x00, 0x00, 0x00, 0x00, 0x00, 0x00,
    0x00, 0x00, 0x00, 0x00, 0x00, 0x00, 0x00, 0x00, 0x00, 0x00, 0x00, 0x00,
    0x00, 0x00, 0x00, 0x00, 0x00, 0x00, 0x00, 0x00, 0x00, 0x00, 0x00, 0x00,
    0x00, 0x00, 0x00, 0x00, 0x00, 0x00, 0x00, 0x00, 0x00, 0x00, 0x00, 0x00,
    0x00, 0x00, 0x00, 0x00, 0x00, 0x00, 0x00, 0x00, 0x00, 0x00, 0x00, 0x00,
    0x00, 0x00, 0x00, 0x00, 0x00, 0x00, 0x00, 0x00, 0x00, 0x00, 0x00, 0x00,
    0x00, 0x00, 0x00, 0x00, 0x00, 0x00, 0x00, 0x00, 0x00, 0x00, 0x00, 0x00,
    0x00, 0x00, 0x00, 0x00, 0x00, 0x00, 0x00, 0x00, 0x00, 0x00, 0x00, 0x00,
    0x00, 0x00, 0x00, 0x00, 0x00, 0x00, 0x00, 0x00, 0x00, 0x00, 0x00, 0x00,
    0x00, 0x00, 0x00, 0x00, 0x00, 0x00, 0x00, 0x00, 0x00, 0x00, 0x00, 0x00,
    0x00, 0x00, 0x00, 0x00, 0x00, 0x00, 0x00, 0x00, 0x00, 0x00, 0x00, 0x00,
    0x00, 0x00, 0x00, 0x00, 0x00, 0x00, 0x00, 0x00, 0x00, 0x00, 0x00, 0x00,
    0x00, 0x00, 0x00, 0x00, 0x00, 0x00, 0x00, 0x00, 0x00, 0x00, 0x00, 0x00,
    0x00, 0x00, 0x00, 0x00, 0x00, 0x00, 0x00, 0x00, 0x00, 0x00, 0x00, 0x00,
    0x00, 0x00, 0x00, 0x00, 0x00, 0x00, 0x00, 0x00, 0x00, 0x00, 0x00, 0x00,
    0x00, 0x00, 0x00, 0x00, 0x00, 0x00, 0x00, 0x00, 0x00, 0x00, 0x00, 0x00,
    0x00, 0x00, 0x00, 0x00, 0x00, 0x00, 0x00, 0x00, 0x00, 0x00, 0x00, 0x00,
    0x00, 0x00, 0x00, 0x00, 0x00, 0x00, 0x00, 0x00, 0x00, 0x00, 0x00, 0x00,
    0x00, 0x00, 0x00, 0x00, 0x00, 0x00, 0x00, 0x00, 0x00, 0x00, 0x00, 0x00,
    0x00, 0x00, 0x00, 0x00, 0x00, 0x00, 0x00, 0x00, 0x00, 0x00, 0x00, 0x00,
    0x00, 0x00, 0x00, 0x00, 0x00, 0x00, 0x00, 0x00, 0x00, 0x00, 0x00, 0x00,
    0x00, 0x00, 0x00, 0x00, 0x00, 0x00, 0x00, 0x00, 0x00, 0x00, 0x00, 0x00,
    0x00, 0x00, 0x00, 0x00, 0x00, 0x00, 0x00, 0x00, 0x00, 0x00, 0x00, 0x00,
    0x00, 0x00, 0x00, 0x00, 0x00, 0x00, 0x00, 0x00, 0x00, 0x00, 0x00, 0x00,
    0x00, 0x00, 0x00, 0x00, 0x00, 0x00, 0x00, 0x00, 0x00, 0x00, 0x00, 0x00,
    0x00, 0x00, 0x00, 0x00, 0x00, 0x00, 0x00, 0x00, 0x00, 0x00, 0x00, 0x00,
    0x00, 0x00, 0x00, 0x00, 0x00, 0x00, 0x00, 0x00, 0x00, 0x00, 0x00, 0x00,
    0x00, 0x00, 0x00, 0x00, 0x00, 0x00, 0x00, 0x00, 0x00, 0x00, 0x00, 0x00,
    0x00, 0x00, 0x00, 0x00, 0x00, 0x00, 0x00, 0x00, 0x00, 0x00, 0x00, 0x00,
    0x00, 0x00, 0x00, 0x00, 0x00, 0x00, 0x00, 0x00, 0x00, 0x00, 0x00, 0x00,
    0x00, 0x00, 0x00, 0x00, 0x00, 0x00, 0x00, 0x00, 0x00, 0x00, 0x00, 0x00,
    0x00, 0x00, 0x00, 0x00, 0x00, 0x00, 0x00, 0x00, 0x00, 0x00, 0x00, 0x00,
    0x00, 0x00, 0x00, 0x00, 0x00, 0x00, 0x00, 0x00, 0x00, 0x00, 0x00, 0x00,
    0x00, 0x00, 0x00, 0x00, 0x00, 0x00, 0x00, 0x00, 0x00, 0x00, 0x00, 0x00,
    0x00, 0x00, 0x00, 0x00, 0x00, 0x00, 0x00, 0x00, 0x00, 0x00, 0x00, 0x00,
    0x00, 0x00, 0x00, 0x00, 0x00, 0x00, 0x00, 0x00, 0x00, 0x00, 0x00, 0x00,
    0x00, 0x00, 0x00, 0x00, 0x00, 0x00, 0x00, 0x00, 0x00, 0x00, 0x00, 0x00,
    0x00, 0x00, 0x00, 0x00, 0x00, 0x00, 0x00, 0x00, 0x00, 0x00, 0x00, 0x00,
    0x00, 0x00, 0x00, 0x00, 0x00, 0x00, 0x00, 0x00, 0x00, 0x00, 0x00, 0x00,
    0x00, 0x00, 0x00, 0x00, 0x00, 0x00, 0x00, 0x00, 0x00, 0x00, 0x00, 0x00,
    0x00, 0x00, 0x00, 0x00, 0x00, 0x00, 0x00, 0x00, 0x00, 0x00, 0x00, 0x00,
    0x00, 0x00, 0x00, 0x00, 0x00, 0x00, 0x00, 0x00, 0x00, 0x00, 0x00, 0x00,
    0x00, 0x00, 0x00, 0x00, 0x00, 0x00, 0x00, 0x00, 0x00, 0x00, 0x00, 0x00,
    0x00, 0x00, 0x00, 0x00, 0x00, 0x00, 0x00, 0x00, 0x00, 0x00, 0x00, 0x00,
    0x00, 0x00, 0x00, 0x00, 0x00, 0x00, 0x00, 0x00, 0x00, 0x00, 0x00, 0x00,
    0x00, 0x00, 0x00, 0x00, 0x00, 0x00, 0x00, 0x00, 0x00, 0x00, 0x00, 0x00,
    0x00, 0x00, 0x00, 0x00, 0x00, 0x00, 0x00, 0x00, 0x00, 0x00, 0x00, 0x00,
    0x00, 0x00, 0x00, 0x00, 0x00, 0x00, 0x00, 0x00, 0x00, 0x00, 0x00, 0x00,
    0x00, 0x00, 0x00, 0x00, 0x00, 0x00, 0x00, 0x00, 0x00, 0x00, 0x00, 0x00,
    0x00, 0x00, 0x00, 0x00, 0x00, 0x00, 0x00, 0x00, 0x00, 0x00, 0x00, 0x00,
    0x00, 0x00, 0x00, 0x00, 0x00, 0x00, 0x00, 0x00, 0x00, 0x00, 0x00, 0x00,
    0x00, 0x00, 0x00, 0x00, 0x00, 0x00, 0x00, 0x00, 0x00, 0x00, 0x00, 0x00,
    0x00, 0x00, 0x00, 0x00, 0x00, 0x00, 0x00, 0x00, 0x00, 0x00, 0x00, 0x00,
    0x00, 0x00, 0x00, 0x00, 0x00, 0x00, 0x00, 0x00, 0x00, 0x00, 0x00, 0x00,
    0x00, 0x00, 0x00, 0x00, 0x00, 0x00, 0x00, 0x00, 0x00, 0x00, 0x00, 0x00,
    0x00, 0x00, 0x00, 0x00, 0x00, 0x00, 0x00, 0x00, 0x00, 0x00, 0x00, 0x00,
    0x00, 0x00, 0x00, 0x00, 0x00, 0x00, 0x00, 0x00, 0x00, 0x00, 0x00, 0x00,
    0x00, 0x00, 0x00, 0x00, 0x00, 0x00, 0x00, 0x00, 0x00, 0x00, 0x00, 0x00,
    0x00, 0x00, 0x00, 0x00, 0x00, 0x00, 0x00, 0x00, 0x00, 0x00, 0x00, 0x00,
    0x00, 0x00, 0x00, 0x00, 0x00, 0x00, 0x00, 0x00, 0x00, 0x00, 0x00, 0x00,
    0x00, 0x00, 0x00, 0x00, 0x00, 0x00, 0x00, 0x00, 0x00, 0x00, 0x00, 0x00,
    0x00, 0x00, 0x00, 0x00, 0x00, 0x00, 0x00, 0x00, 0x00, 0x00, 0x00, 0x00,
    0x00, 0x00, 0x00, 0x00, 0x00, 0x00, 0x00, 0x00, 0x00, 0x00, 0x00, 0x00,
    0x00, 0x00, 0x00, 0x00, 0x00, 0x00, 0x00, 0x00, 0x00, 0x00, 0x00, 0x00,
    0x00, 0x00, 0x00, 0x00, 0x00, 0x00, 0x00, 0x00, 0x00, 0x00, 0x00, 0x00,
    0x00, 0x00, 0x00, 0x00, 0x00, 0x00, 0x00, 0x00, 0x00, 0x00, 0x00, 0x00,
    0x00, 0x00, 0x00, 0x00, 0x00, 0x00, 0x00, 0x00, 0x00, 0x00, 0x00, 0x00,
    0x00, 0x00, 0x00, 0x00, 0x00, 0x00, 0x00, 0x00, 0x00, 0x00, 0x00, 0x00,
    0x00, 0x00, 0x00, 0x00, 0x00, 0x00, 0x00, 0x00, 0x00, 0x00, 0x00, 0x00,
    0x00, 0x00, 0x00, 0x00, 0x00, 0x00, 0x00, 0x00, 0x00, 0x00, 0x00, 0x00,
    0x00, 0x00, 0x00, 0x00, 0x00, 0x00, 0x00, 0x00, 0x00, 0x00, 0x00, 0x00,
    0x00, 0x00, 0x00, 0x00, 0x00, 0x00, 0x00, 0x00, 0x00, 0x00, 0x00, 0x00,
    0x00, 0x00, 0x00, 0x00, 0x00, 0x00, 0x00, 0x00, 0x00, 0x00, 0x00, 0x00,
    0x00, 0x00, 0x00, 0x00, 0x00, 0x00, 0x00, 0x00, 0x00, 0x00, 0x00, 0x00,
    0x00, 0x00, 0x00, 0x00, 0x00, 0x00, 0x00, 0x00, 0x00, 0x00, 0x00, 0x00,
    0x00, 0x00, 0x00, 0x00, 0x00, 0x00, 0x00, 0x00, 0x00, 0x00, 0x00, 0x00,
    0x00, 0x00, 0x00, 0x00, 0x00, 0x00, 0x00, 0x00, 0x00, 0x00, 0x00, 0x00,
    0x00, 0x00, 0x00, 0x00, 0x00, 0x00, 0x00, 0x00, 0x00, 0x00, 0x00, 0x00,
    0x00, 0x00, 0x00, 0x00, 0x00, 0x00, 0x00, 0x00, 0x00, 0x00, 0x00, 0x00,
    0x00, 0x00, 0x00, 0x00, 0x00, 0x00, 0x00, 0x00, 0x00, 0x00, 0x00, 0x00,
    0x00, 0x00, 0x00, 0x00, 0x00, 0x00, 0x00, 0x00, 0x00, 0x00, 0x00, 0x00,
    0x00, 0x00, 0x00, 0x00, 0x00, 0x00, 0x00, 0x00, 0x00, 0x00, 0x00, 0x00,
    0x00, 0x00, 0x00, 0x00, 0x00, 0x00, 0x00, 0x00, 0x00, 0x00, 0x00, 0x00,
    0x00, 0x00, 0x00, 0x00, 0x00, 0x00, 0x00, 0x00, 0x00, 0x00, 0x00, 0x00,
    0x00, 0x00, 0x00, 0x00, 0x00, 0x00, 0x00, 0x00, 0x00, 0x00, 0x00, 0x00,
    0x00, 0x00, 0x00, 0x00, 0x00, 0x00, 0x00, 0x00, 0x00, 0x00, 0x00, 0x00,
    0x00, 0x00, 0x00, 0x00, 0x00, 0x00, 0x00, 0x00, 0x00, 0x00, 0x00, 0x00,
    0x00, 0x00, 0x00, 0x00, 0x00, 0x00, 0x00, 0x00, 0x00, 0x00, 0x00, 0x00,
    0x00, 0x00, 0x00, 0x00, 0x00, 0x00, 0x00, 0x00, 0x00, 0x00, 0x00, 0x00,
    0x00, 0x00, 0x00, 0x00, 0x00, 0x00, 0x00, 0x00, 0x00, 0x00, 0x00, 0x00,
    0x00, 0x00, 0x00, 0x00, 0x00, 0x00, 0x00, 0x00, 0x00, 0x00, 0x00, 0x00,
    0x00, 0x00, 0x00, 0x00, 0x00, 0x00, 0x00, 0x00, 0x00, 0x00, 0x00, 0x00,
    0x00, 0x00, 0x00, 0x00, 0x00, 0x00, 0x00, 0x00, 0x00, 0x00, 0x00, 0x00,
    0x00, 0x00, 0x00, 0x00, 0x00, 0x00, 0x00, 0x00, 0x00, 0x00, 0x00, 0x00,
    0x00, 0x00, 0x00, 0x00, 0x00, 0x00, 0x00, 0x00, 0x00, 0x00, 0x00, 0x00,
    0x00, 0x00, 0x00, 0x00, 0x00, 0x00, 0x00, 0x00, 0x00, 0x00, 0x00, 0x00,
    0x00, 0x00, 0x00, 0x00, 0x00, 0x00, 0x00, 0x00, 0x00, 0x00, 0x00, 0x00,
    0x00, 0x00, 0x00, 0x00, 0x00, 0x00, 0x00, 0x00, 0x00, 0x00, 0x00, 0x00,
    0x00, 0x00, 0x00, 0x00, 0x00, 0x00, 0x00, 0x00, 0x00, 0x00, 0x00, 0x00,
    0x00, 0x00, 0x00, 0x00, 0x00, 0x00, 0x00, 0x00, 0x00, 0x00, 0x00, 0x00,
    0x00, 0x00, 0x00, 0x00, 0x00, 0x00, 0x00, 0x00, 0x00, 0x00, 0x00, 0x00,
    0x00, 0x00, 0x00, 0x00, 0x00, 0x00, 0x00, 0x00, 0x00, 0x00, 0x00, 0x00,
    0x00, 0x00, 0x00, 0x00, 0x00, 0x00, 0x00, 0x00, 0x00, 0x00, 0x00, 0x00,
    0x00, 0x00, 0x00, 0x00, 0x00, 0x00, 0x00, 0x00, 0x00, 0x00, 0x00, 0x00,
    0x00, 0x00, 0x00, 0x00, 0x00, 0x00, 0x00, 0x00, 0x00, 0x00, 0x00, 0x00,
    0x00, 0x00, 0x00, 0x00, 0x00, 0x00, 0x00, 0x00, 0x00, 0x00, 0x00, 0x00,
    0x00, 0x00, 0x00, 0x00, 0x00, 0x00, 0x00, 0x00, 0x00, 0x00, 0x00, 0x00,
    0x00, 0x00, 0x00, 0x00, 0x00, 0x00, 0x00, 0x00, 0x00, 0x00, 0x00, 0x00,
    0x00, 0x00, 0x00, 0x00, 0x00, 0x00, 0x00, 0x00, 0x00, 0x00, 0x00, 0x00,
    0x00, 0x00, 0x00, 0x00, 0x00, 0x00, 0x00, 0x00, 0x00, 0x00, 0x00, 0x00,
    0x00, 0x00, 0x00, 0x00, 0x00, 0x00, 0x00, 0x00, 0x00, 0x00, 0x00, 0x00,
    0x00, 0x00, 0x00, 0x00, 0x00, 0x00, 0x00, 0x00, 0x00, 0x00, 0x00, 0x00,
    0x00, 0x00, 0x00, 0x00, 0x00, 0x00, 0x00, 0x00, 0x00, 0x00, 0x00, 0x00,
    0x00, 0x00, 0x00, 0x00, 0x00, 0x00, 0x00, 0x00, 0x00, 0x00, 0x00, 0x00,
    0x00, 0x00, 0x00, 0x00, 0x00, 0x00, 0x00, 0x00, 0x00, 0x00, 0x00, 0x00,
    0x00, 0x00, 0x00, 0x00, 0x00, 0x00, 0x00, 0x00, 0x00, 0x00, 0x00, 0x00,
    0x00, 0x00, 0x00, 0x00, 0x00, 0x00, 0x00, 0x00, 0x00, 0x00, 0x00, 0x00,
    0x00, 0x00, 0x00, 0x00, 0x00, 0x00, 0x00, 0x00, 0x00, 0x00, 0x00, 0x00,
    0x00, 0x00, 0x00, 0x00, 0x00, 0x00, 0x00, 0x00, 0x00, 0x00, 0x00, 0x00,
    0x00, 0x00, 0x00, 0x00, 0x00, 0x00, 0x00, 0x00, 0x00, 0x00, 0x00, 0x00,
    0x00, 0x00, 0x00, 0x00, 0x00, 0x00, 0x00, 0x00, 0x00, 0x00, 0x00, 0x00,
    0x00, 0x00, 0x00, 0x00, 0x00, 0x00, 0x00, 0x00, 0x00, 0x00, 0x00, 0x00,
    0x00, 0x00, 0x00, 0x00, 0x00, 0x00, 0x00, 0x00, 0x00, 0x00, 0x00, 0x00,
    0x00, 0x00, 0x00, 0x00, 0x00, 0x00, 0x00, 0x00, 0x00, 0x00, 0x00, 0x00,
    0x00, 0x00, 0x00, 0x00, 0x00, 0x00, 0x00, 0x00, 0x00, 0x00, 0x00, 0x00,
    0x00, 0x00, 0x00, 0x00, 0x00, 0x00, 0x00, 0x00, 0x00, 0x00, 0x00, 0x00,
    0x00, 0x00, 0x00, 0x00, 0x00, 0x00, 0x00, 0x00, 0x00, 0x00, 0x00, 0x00,
    0x00, 0x00, 0x00, 0x00, 0x00, 0x00, 0x00, 0x00, 0x00, 0x00, 0x00, 0x00,
    0x00, 0x00, 0x00, 0x00, 0x00, 0x00, 0x00, 0x00, 0x00, 0x00, 0x00, 0x00,
    0x00, 0x00, 0x00, 0x00, 0x00, 0x00, 0x00, 0x00, 0x00, 0x00, 0x00, 0x00,
    0x00, 0x00, 0x00, 0x00, 0x00, 0x00, 0x00, 0x00, 0x00, 0x00, 0x00, 0x00,
    0x00, 0x00, 0x00, 0x00, 0x00, 0x00, 0x00, 0x00, 0x00, 0x00, 0x00, 0x00,
    0x00, 0x00, 0x00, 0x00, 0x00, 0x00, 0x00, 0x00, 0x00, 0x00, 0x00, 0x00,
    0x00, 0x00, 0x00, 0x00, 0x00, 0x00, 0x00, 0x00, 0x00, 0x00, 0x00, 0x00,
    0x00, 0x00, 0x00, 0x00, 0x00, 0x00, 0x00, 0x00, 0x00, 0x00, 0x00, 0x00,
    0x00, 0x00, 0x00, 0x00, 0x00, 0x00, 0x00, 0x00, 0x00, 0x00, 0x00, 0x00,
    0x00, 0x00, 0x00, 0x00, 0x00, 0x00, 0x00, 0x00, 0x00, 0x00, 0x00, 0x00,
    0x00, 0x00, 0x00, 0x00, 0x00, 0x00, 0x00, 0x00, 0x00, 0x00, 0x00, 0x00,
    0x00, 0x00, 0x00, 0x00, 0x00, 0x00, 0x00, 0x00, 0x00, 0x00, 0x00, 0x00,
    0x00, 0x00, 0x00, 0x00, 0x00, 0x00, 0x00, 0x00, 0x00, 0x00, 0x00, 0x00,
    0x00, 0x00, 0x00, 0x00, 0x00, 0x00, 0x00, 0x00, 0x00, 0x00, 0x00, 0x00,
    0x00, 0x00, 0x00, 0x00, 0x00, 0x00, 0x00, 0x00, 0x00, 0x00, 0x00, 0x00,
    0x00, 0x00, 0x00, 0x00, 0x00, 0x00, 0x00, 0x00, 0x00, 0x00, 0x00, 0x00,
    0x00, 0x00, 0x00, 0x00, 0x00, 0x00, 0x00, 0x00, 0x00, 0x00, 0x00, 0x00,
    0x00, 0x00, 0x00, 0x00, 0x00, 0x00, 0x00, 0x00, 0x00, 0x00, 0x00, 0x00,
    0x00, 0x00, 0x00, 0x00, 0x00, 0x00, 0x00, 0x00, 0x00, 0x00, 0x00, 0x00,
    0x00, 0x00, 0x00, 0x00, 0x00, 0x00, 0x00, 0x00, 0x00, 0x00, 0x00, 0x00,
    0x00, 0x00, 0x00, 0x00, 0x00, 0x00, 0x00, 0x00, 0x00, 0x00, 0x00, 0x00,
    0x00, 0x00, 0x00, 0x00, 0x00, 0x00, 0x00, 0x00, 0x00, 0x00, 0x00, 0x00,
    0x00, 0x00, 0x00, 0x00, 0x00, 0x00, 0x00, 0x00, 0x00, 0x00, 0x00, 0x00,
    0x00, 0x00, 0x00, 0x00, 0x00, 0x00, 0x00, 0x00, 0x00, 0x00, 0x00, 0x00,
    0x00, 0x00, 0x00, 0x00, 0x00, 0x00, 0x00, 0x00, 0x00, 0x00, 0x00, 0x00,
    0x00, 0x00, 0x00, 0x00, 0x00, 0x00, 0x00, 0x00, 0x00, 0x00, 0x00, 0x00,
    0x00, 0x00, 0x00, 0x00, 0x00, 0x00, 0x00, 0x00, 0x00, 0x00, 0x00, 0x00,
    0x00, 0x00, 0x00, 0x00, 0x00, 0x00, 0x00, 0x00, 0x00, 0x00, 0x00, 0x00,
    0x00, 0x00, 0x00, 0x00, 0x00, 0x00, 0x00, 0x00, 0x00, 0x00, 0x00, 0x00,
    0x00, 0x00, 0x00, 0x00, 0x00, 0x00, 0x00, 0x00, 0x00, 0x00, 0x00, 0x00,
    0x00, 0x00, 0x00, 0x00, 0x00, 0x00, 0x00, 0x00, 0x00, 0x00, 0x00, 0x00,
    0x00, 0x00, 0x00, 0x00, 0x00, 0x00, 0x00, 0x00, 0x00, 0x00, 0x00, 0x00,
    0x00, 0x00, 0x00, 0x00, 0x00, 0x00, 0x00, 0x00, 0x00, 0x00, 0x00, 0x00,
    0x00, 0x00, 0x00, 0x00, 0x00, 0x00, 0x00, 0x00, 0x00, 0x00, 0x00, 0x00,
    0x00, 0x00, 0x00, 0x00, 0x00, 0x00, 0x00, 0x00, 0x00, 0x00, 0x00, 0x00,
    0x00, 0x00, 0x00, 0x00, 0x00, 0x00, 0x00, 0x00, 0x00, 0x00, 0x00, 0x00,
    0x00, 0x00, 0x00, 0x00, 0x00, 0x00, 0x00, 0x00, 0x00, 0x00, 0x00, 0x00,
    0x00, 0x00, 0x00, 0x00, 0x00, 0x00, 0x00, 0x00, 0x00, 0x00, 0x00, 0x00,
    0x00, 0x00, 0x00, 0x00, 0x00, 0x00, 0x00, 0x00, 0x00, 0x00, 0x00, 0x00,
    0x00, 0x00, 0x00, 0x00, 0x00, 0x00, 0x00, 0x00, 0x00, 0x00, 0x00, 0x00,
    0x00, 0x00, 0x00, 0x00, 0x00, 0x00, 0x00, 0x00, 0x00, 0x00, 0x00, 0x00,
    0x00, 0x00, 0x00, 0x00, 0x00, 0x00, 0x00, 0x00, 0x00, 0x00, 0x00, 0x00,
    0x00, 0x00, 0x00, 0x00, 0x00, 0x00, 0x00, 0x00, 0x00, 0x00, 0x00, 0x00,
    0x00, 0x00, 0x00, 0x00, 0x00, 0x00, 0x00, 0x00, 0x00, 0x00, 0x00, 0x00,
    0x00, 0x00, 0x00, 0x00, 0x00, 0x00, 0x00, 0x00, 0x00, 0x00, 0x00, 0x00,
    0x00, 0x00, 0x00, 0x00, 0x00, 0x00, 0x00, 0x00, 0x00, 0x00, 0x00, 0x00,
    0x00, 0x00, 0x00, 0x00, 0x00, 0x00, 0x00, 0x00, 0x00, 0x00, 0x00, 0x00,
    0x00, 0x00, 0x00, 0x00, 0x00, 0x00, 0x00, 0x00, 0x00, 0x00, 0x00, 0x00,
    0x00, 0x00, 0x00, 0x00, 0x00, 0x00, 0x00, 0x00, 0x00, 0x00, 0x00, 0x00,
    0x00, 0x00, 0x00, 0x00, 0x00, 0x00, 0x00, 0x00, 0x00, 0x00, 0x00, 0x00,
    0x00, 0x00, 0x00, 0x00, 0x00, 0x00, 0x00, 0x00, 0x00, 0x00, 0x00, 0x00,
    0x00, 0x00, 0x00, 0x00, 0x00, 0x00, 0x00, 0x00, 0x00, 0x00, 0x00, 0x00,
    0x00, 0x00, 0x00, 0x00, 0x00, 0x00, 0x00, 0x00, 0x00, 0x00, 0x00, 0x00,
    0x00, 0x00, 0x00, 0x00, 0x00, 0x00, 0x00, 0x00, 0x00, 0x00, 0x00, 0x00,
    0x00, 0x00, 0x00, 0x00, 0x00, 0x00, 0x00, 0x00, 0x00, 0x00, 0x00, 0x00,
    0x00, 0x00, 0x00, 0x00, 0x00, 0x00, 0x00, 0x00, 0x00, 0x00, 0x00, 0x00,
    0x00, 0x00, 0x00, 0x00, 0x00, 0x00, 0x00, 0x00, 0x00, 0x00, 0x00, 0x00,
    0x00, 0x00, 0x00, 0x00, 0x00, 0x00, 0x00, 0x00, 0x00, 0x00, 0x00, 0x00,
    0x00, 0x00, 0x00, 0x00, 0x00, 0x00, 0x00, 0x00, 0x00, 0x00, 0x00, 0x00,
    0x00, 0x00, 0x00, 0x00, 0x00, 0x00, 0x00, 0x00, 0x00, 0x00, 0x00, 0x00,
    0x00, 0x00, 0x00, 0x00, 0x00, 0x00, 0x00, 0x00, 0x00, 0x00, 0x00, 0x00,
    0x00, 0x00, 0x00, 0x00, 0x00, 0x00, 0x00, 0x00, 0x00, 0x00, 0x00, 0x00,
    0x00, 0x00, 0x00, 0x00, 0x00, 0x00, 0x00, 0x00, 0x00, 0x00, 0x00, 0x00,
    0x00, 0x00, 0x00, 0x00, 0x00, 0x00, 0x00, 0x00, 0x00, 0x00, 0x00, 0x00,
    0x00, 0x00, 0x00, 0x00, 0x00, 0x00, 0x00, 0x00, 0x00, 0x00, 0x00, 0x00,
    0x00, 0x00, 0x00, 0x00, 0x00, 0x00, 0x00, 0x00, 0x00, 0x00, 0x00, 0x00,
    0x00, 0x00, 0x00, 0x00, 0x00, 0x00, 0x00, 0x00, 0x00, 0x00, 0x00, 0x00,
    0x00, 0x00, 0x00, 0x00, 0x00, 0x00, 0x00, 0x00, 0x00, 0x00, 0x00, 0x00,
    0x00, 0x00, 0x00, 0x00, 0x00, 0x00, 0x00, 0x00, 0x00, 0x00, 0x00, 0x00,
    0x00, 0x00, 0x00, 0x00, 0x00, 0x00, 0x00, 0x00, 0x00, 0x00, 0x00, 0x00,
    0x00, 0x00, 0x00, 0x00, 0x00, 0x00, 0x00, 0x00, 0x00, 0x00, 0x00, 0x00,
    0x00, 0x00, 0x00, 0x00, 0x00, 0x00, 0x00, 0x00, 0x00, 0x00, 0x00, 0x00,
    0x00, 0x00, 0x00, 0x00, 0x00, 0x00, 0x00, 0x00, 0x00, 0x00, 0x00, 0x00,
    0x00, 0x00, 0x00, 0x00, 0x00, 0x00, 0x00, 0x00, 0x00, 0x00, 0x00, 0x00,
    0x00, 0x00, 0x00, 0x00, 0x00, 0x00, 0x00, 0x00, 0x00, 0x00, 0x00, 0x00,
    0x00, 0x00, 0x00, 0x00, 0x00, 0x00, 0x00, 0x00, 0x00, 0x00, 0x00, 0x00,
    0x00, 0x00, 0x00, 0x00, 0x00, 0x00, 0x00, 0x00, 0x00, 0x00, 0x00, 0x00,
    0x00, 0x00, 0x00, 0x00, 0x00, 0x00, 0x00, 0x00, 0x00, 0x00, 0x00, 0x00,
    0x00, 0x00, 0x00, 0x00, 0x00, 0x00, 0x00, 0x00, 0x00, 0x00, 0x00, 0x00,
    0x00, 0x00, 0x00, 0x00, 0x00, 0x00, 0x00, 0x00, 0x00, 0x00, 0x00, 0x00,
    0x00, 0x00, 0x00, 0x00, 0x00, 0x00, 0x00, 0x00, 0x00, 0x00, 0x00, 0x00,
    0x00, 0x00, 0x00, 0x00, 0x00, 0x00, 0x00, 0x00, 0x00, 0x00, 0x00, 0x00,
    0x00, 0x00, 0x00, 0x00, 0x00, 0x00, 0x00, 0x00, 0x00, 0x00, 0x00, 0x00,
    0x00, 0x00, 0x00, 0x00, 0x00, 0x00, 0x00, 0x00, 0x00, 0x00, 0x00, 0x00,
    0x00, 0x00, 0x00, 0x00, 0x00, 0x00, 0x00, 0x00, 0x00, 0x00, 0x00, 0x00,
    0x00, 0x00, 0x00, 0x00, 0x00, 0x00, 0x00, 0x00, 0x00, 0x00, 0x00, 0x00,
    0x00, 0x00, 0x00, 0x00, 0x00, 0x00, 0x00, 0x00, 0x00, 0x00, 0x00, 0x00,
    0x00, 0x00, 0x00, 0x00, 0x00, 0x00, 0x00, 0x00, 0x00, 0x00, 0x00, 0x00,
    0x00, 0x00, 0x00, 0x00, 0x00, 0x00, 0x00, 0x00, 0x00, 0x00, 0x00, 0x00,
    0x00, 0x00, 0x00, 0x00, 0x00, 0x00, 0x00, 0x00, 0x00, 0x00, 0x00, 0x00,
    0x00, 0x00, 0x00, 0x00, 0x00, 0x00, 0x00, 0x00, 0x00, 0x00, 0x00, 0x00,
    0x00, 0x00, 0x00, 0x00, 0x00, 0x00, 0x00, 0x00, 0x00, 0x00, 0x00, 0x00,
    0x00, 0x00, 0x00, 0x00, 0x00, 0x00, 0x00, 0x00, 0x00, 0x00, 0x00, 0x00,
    0x00, 0x00, 0x00, 0x00, 0x00, 0x00, 0x00, 0x00, 0x00, 0x00, 0x00, 0x00,
    0x00, 0x00, 0x00, 0x00, 0x00, 0x00, 0x00, 0x00, 0x00, 0x00, 0x00, 0x00,
    0x00, 0x00, 0x00, 0x00, 0x00, 0x00, 0x00, 0x00, 0x00, 0x00, 0x00, 0x00,
    0x00, 0x00, 0x00, 0x00, 0x00, 0x00, 0x00, 0x00, 0x00, 0x00, 0x00, 0x00,
    0x00, 0x00, 0x00, 0x00, 0x00, 0x00, 0x00, 0x00, 0x00, 0x00, 0x00, 0x00,
    0x00, 0x00, 0x00, 0x00, 0x00, 0x00, 0x00, 0x00, 0x00, 0x00, 0x00, 0x00,
    0x00, 0x00, 0x00, 0x00, 0x00, 0x00, 0x00, 0x00, 0x00, 0x00, 0x00, 0x00,
    0x00, 0x00, 0x00, 0x00, 0x00, 0x00, 0x00, 0x00, 0x00, 0x00, 0x00, 0x00,
    0x00, 0x00, 0x00, 0x00, 0x00, 0x00, 0x00, 0x00, 0x00, 0x00, 0x00, 0x00,
    0x00, 0x00, 0x00, 0x00, 0x00, 0x00, 0x00, 0x00, 0x00, 0x00, 0x00, 0x00,
    0x00, 0x00, 0x00, 0x00, 0x00, 0x00, 0x00, 0x00, 0x00, 0x00, 0x00, 0x00,
    0x00, 0x00, 0x00, 0x00, 0x00, 0x00, 0x00, 0x00, 0x00, 0x00, 0x00, 0x00,
    0x00, 0x00, 0x00, 0x00, 0x00, 0x00, 0x00, 0x00, 0x00, 0x00, 0x00, 0x00,
    0x00, 0x00, 0x00, 0x00, 0x00, 0x00, 0x00, 0x00, 0x00, 0x00, 0x00, 0x00,
    0x00, 0x00, 0x00, 0x00, 0x00, 0x00, 0x00, 0x00, 0x00, 0x00, 0x00, 0x00,
    0x00, 0x00, 0x00, 0x00, 0x00, 0x00, 0x00, 0x00, 0x00, 0x00, 0x00, 0x00,
    0x00, 0x00, 0x00, 0x00, 0x00, 0x00, 0x00, 0x00, 0x00, 0x00, 0x00, 0x00,
    0x00, 0x00, 0x00, 0x00, 0x00, 0x00, 0x00, 0x00, 0x00, 0x00, 0x00, 0x00,
    0x00, 0x00, 0x00, 0x00, 0x00, 0x00, 0x00, 0x00, 0x00, 0x00, 0x00, 0x00,
    0x00, 0x00, 0x00, 0x00, 0x00, 0x00, 0x00, 0x00, 0x00, 0x00, 0x00, 0x00,
    0x00, 0x00, 0x00, 0x00, 0x00, 0x00, 0x00, 0x00, 0x00, 0x00, 0x00, 0x00,
    0x00, 0x00, 0x00, 0x00, 0x00, 0x00, 0x00, 0x00, 0x00, 0x00, 0x00, 0x00,
    0x00, 0x00, 0x00, 0x00, 0x00, 0x00, 0x00, 0x00, 0x00, 0x00, 0x00, 0x00,
    0x00, 0x00, 0x00, 0x00, 0x00, 0x00, 0x00, 0x00, 0x00, 0x00, 0x00, 0x00,
    0x00, 0x00, 0x00, 0x00, 0x00, 0x00, 0x00, 0x00, 0x00, 0x00, 0x00, 0x00,
    0x00, 0x00, 0x00, 0x00, 0x00, 0x00, 0x00, 0x00, 0x00, 0x00, 0x00, 0x00,
    0x00, 0x00, 0x00, 0x00, 0x00, 0x00, 0x00, 0x00, 0x00, 0x00, 0x00, 0x00,
    0x00, 0x00, 0x00, 0x00, 0x00, 0x00, 0x00, 0x00, 0x00, 0x00, 0x00, 0x00,
    0x00, 0x00, 0x00, 0x00, 0x00, 0x00, 0x00, 0x00, 0x00, 0x00, 0x00, 0x00,
    0x00, 0x00, 0x00, 0x00, 0x00, 0x00, 0x00, 0x00, 0x00, 0x00, 0x00, 0x00,
    0x00, 0x00, 0x00, 0x00, 0x00, 0x00, 0x00, 0x00, 0x00, 0x00, 0x00, 0x00,
    0x00, 0x00, 0x00, 0x00, 0x00, 0x00, 0x00, 0x00, 0x00, 0x00, 0x00, 0x00,
    0x00, 0x00, 0x00, 0x00, 0x00, 0x00, 0x00, 0x00, 0x00, 0x00, 0x00, 0x00,
    0x00, 0x00, 0x00, 0x00, 0x00, 0x00, 0x00, 0x00, 0x00, 0x00, 0x00, 0x00,
    0x00, 0x00, 0x00, 0x00, 0x00, 0x00, 0x00, 0x00, 0x00, 0x00, 0x00, 0x00,
    0x00, 0x00, 0x00, 0x00, 0x00, 0x00, 0x00, 0x00, 0x00, 0x00, 0x00, 0x00,
    0x00, 0x00, 0x00, 0x00, 0x00, 0x00, 0x00, 0x00, 0x00, 0x00, 0x00, 0x00,
    0x00, 0x00, 0x00, 0x00, 0x00, 0x00, 0x00, 0x00, 0x00, 0x00, 0x00, 0x00,
    0x00, 0x00, 0x00, 0x00, 0x00, 0x00, 0x00, 0x00, 0x00, 0x00, 0x00, 0x00,
    0x00, 0x00, 0x00, 0x00, 0x00, 0x00, 0x00, 0x00, 0x00, 0x00, 0x00, 0x00,
    0x00, 0x00, 0x00, 0x00, 0x00, 0x00, 0x00, 0x00, 0x00, 0x00, 0x00, 0x00,
    0x00, 0x00, 0x00, 0x00, 0x00, 0x00, 0x00, 0x00, 0x00, 0x00, 0x00, 0x00,
    0x00, 0x00, 0x00, 0x00, 0x00, 0x00, 0x00, 0x00, 0x00, 0x00, 0x00, 0x00,
    0x00, 0x00, 0x00, 0x00, 0x00, 0x00, 0x00, 0x00, 0x00, 0x00, 0x00, 0x00,
    0x00, 0x00, 0x00, 0x00, 0x00, 0x00, 0x00, 0x00, 0x00, 0x00, 0x00, 0x00,
    0x00, 0x00, 0x00, 0x00, 0x00, 0x00, 0x00, 0x00, 0x00, 0x00, 0x00, 0x00,
    0x00, 0x00, 0x00, 0x00, 0x00, 0x00, 0x00, 0x00, 0x00, 0x00, 0x00, 0x00,
    0x00, 0x00, 0x00, 0x00, 0x00, 0x00, 0x00, 0x00, 0x00, 0x00, 0x00, 0x00,
    0x00, 0x00, 0x00, 0x00, 0x00, 0x00, 0x00, 0x00, 0x00, 0x00, 0x00, 0x00,
    0x00, 0x00, 0x00, 0x00, 0x00, 0x00, 0x00, 0x00, 0x00, 0x00, 0x00, 0x00,
    0x00, 0x00, 0x00, 0x00, 0x00, 0x00, 0x00, 0x00, 0x00, 0x00, 0x00, 0x00,
    0x00, 0x00, 0x00, 0x00, 0x00, 0x00, 0x00, 0x00, 0x00, 0x00, 0x00, 0x00,
    0x00, 0x00, 0x00, 0x00, 0x00, 0x00, 0x00, 0x00, 0x00, 0x00, 0x00, 0x00,
    0x00, 0x00, 0x00, 0x00, 0x00, 0x00, 0x00, 0x00, 0x00, 0x00, 0x00, 0x00,
    0x00, 0x00, 0x00, 0x00, 0x00, 0x00, 0x00, 0x00, 0x00, 0x00, 0x00, 0x00,
    0x00, 0x00, 0x00, 0x00, 0x00, 0x00, 0x00, 0x00, 0x00, 0x00, 0x00, 0x00,
    0x00, 0x00, 0x00, 0x00, 0x00, 0x00, 0x00, 0x00, 0x00, 0x00, 0x00, 0x00,
    0x00, 0x00, 0x00, 0x00, 0x00, 0x00, 0x00, 0x00, 0x00, 0x00, 0x00, 0x00,
    0x00, 0x00, 0x00, 0x00, 0x00, 0x00, 0x00, 0x00, 0x00, 0x00, 0x00, 0x00,
    0x00, 0x00, 0x00, 0x00, 0x00, 0x00, 0x00, 0x00, 0x00, 0x00, 0x00, 0x00,
    0x00, 0x00, 0x00, 0x00, 0x00, 0x00, 0x00, 0x00, 0x00, 0x00, 0x00, 0x00,
    0x00, 0x00, 0x00, 0x00, 0x00, 0x00, 0x00, 0x00, 0x00, 0x00, 0x00, 0x00,
    0x00, 0x00, 0x00, 0x00, 0x00, 0x00, 0x00, 0x00, 0x00, 0x00, 0x00, 0x00,
    0x00, 0x00, 0x00, 0x00, 0x00, 0x00, 0x00, 0x00, 0x00, 0x00, 0x00, 0x00,
    0x00, 0x00, 0x00, 0x00, 0x00, 0x00, 0x00, 0x00, 0x00, 0x00, 0x00, 0x00,
    0x00, 0x00, 0x00, 0x00, 0x00, 0x00, 0x00, 0x00, 0x00, 0x00, 0x00, 0x00,
    0x00, 0x00, 0x00, 0x00, 0x00, 0x00, 0x00, 0x00, 0x00, 0x00, 0x00, 0x00,
    0x00, 0x00, 0x00, 0x00, 0x00, 0x00, 0x00, 0x00, 0x00, 0x00, 0x00, 0x00,
    0x00, 0x00, 0x00, 0x00, 0x00, 0x00, 0x00, 0x00, 0x00, 0x00, 0x00, 0x00,
    0x00, 0x00, 0x00, 0x00, 0x00, 0x00, 0x00, 0x00, 0x00, 0x00, 0x00, 0x00,
    0x00, 0x00, 0x00, 0x00, 0x00, 0x00, 0x00, 0x00, 0x00, 0x00, 0x00, 0x00,
    0x00, 0x00, 0x00, 0x00, 0x00, 0x00, 0x00, 0x00, 0x00, 0x00, 0x00, 0x00,
    0x00, 0x00, 0x00, 0x00, 0x00, 0x00, 0x00, 0x00, 0x00, 0x00, 0x00, 0x00,
    0x00, 0x00, 0x00, 0x00, 0x00, 0x00, 0x00, 0x00, 0x00, 0x00, 0x00, 0x00,
    0x00, 0x00, 0x00, 0x00, 0x00, 0x00, 0x00, 0x00, 0x00, 0x00, 0x00, 0x00,
    0x00, 0x00, 0x00, 0x00, 0x00, 0x00, 0x00, 0x00, 0x00, 0x00, 0x00, 0x00,
    0x00, 0x00, 0x00, 0x00, 0x00, 0x00, 0x00, 0x00, 0x00, 0x00, 0x00, 0x00,
    0x00, 0x00, 0x00, 0x00, 0x00, 0x00, 0x00, 0x00, 0x00, 0x00, 0x00, 0x00,
    0x00, 0x00, 0x00, 0x00, 0x00, 0x00, 0x00, 0x00, 0x00, 0x00, 0x00, 0x00,
    0x00, 0x00, 0x00, 0x00, 0x00, 0x00, 0x00, 0x00, 0x00, 0x00, 0x00, 0x00,
    0x00, 0x00, 0x00, 0x00, 0x00, 0x00, 0x00, 0x00, 0x00, 0x00, 0x00, 0x00,
    0x00, 0x00, 0x00, 0x00, 0x00, 0x00, 0x00, 0x00, 0x00, 0x00, 0x00, 0x00,
    0x00, 0x00, 0x00, 0x00, 0x00, 0x00, 0x00, 0x00, 0x00, 0x00, 0x00, 0x00,
    0x00, 0x00, 0x00, 0x00, 0x00, 0x00, 0x00, 0x00, 0x00, 0x00, 0x00, 0x00,
    0x00, 0x00, 0x00, 0x00, 0x00, 0x00, 0x00, 0x00, 0x00, 0x00, 0x00, 0x00,
    0x00, 0x00, 0x00, 0x00, 0x00, 0x00, 0x00, 0x00, 0x00, 0x00, 0x00, 0x00,
    0x00, 0x00, 0x00, 0x00, 0x00, 0x00, 0x00, 0x00, 0x00, 0x00, 0x00, 0x00,
    0x00, 0x00, 0x00, 0x00, 0x00, 0x00, 0x00, 0x00, 0x00, 0x00, 0x00, 0x00,
    0x00, 0x00, 0x00, 0x00, 0x00, 0x00, 0x00, 0x00, 0x00, 0x00, 0x00, 0x00,
    0x00, 0x00, 0x00, 0x00, 0x00, 0x00, 0x00, 0x00, 0x00, 0x00, 0x00, 0x00,
    0x00, 0x00, 0x00, 0x00, 0x00, 0x00, 0x00, 0x00, 0x00, 0x00, 0x00, 0x00,
    0x00, 0x00, 0x00, 0x00, 0x00, 0x00, 0x00, 0x00, 0x00, 0x00, 0x00, 0x00,
    0x00, 0x00, 0x00, 0x00, 0x00, 0x00, 0x00, 0x00, 0x00, 0x00, 0x00, 0x00,
    0x00, 0x00, 0x00, 0x00, 0x00, 0x00, 0x00, 0x00, 0x00, 0x00, 0x00, 0x00,
    0x00, 0x00, 0x00, 0x00, 0x00, 0x00, 0x00, 0x00, 0x00, 0x00, 0x00, 0x00,
    0x00, 0x00, 0x00, 0x00, 0x00, 0x00, 0x00, 0x00, 0x00, 0x00, 0x00, 0x00,
    0x00, 0x00, 0x00, 0x00, 0x00, 0x00, 0x00, 0x00, 0x00, 0x00, 0x00, 0x00,
    0x00, 0x00, 0x00, 0x00, 0x00, 0x00, 0x00, 0x00, 0x00, 0x00, 0x00, 0x00,
    0x00, 0x00, 0x00, 0x00, 0x00, 0x00, 0x00, 0x00, 0x00, 0x00, 0x00, 0x00,
    0x00, 0x00, 0x00, 0x00, 0x00, 0x00, 0x00, 0x00, 0x00, 0x00, 0x00, 0x00,
    0x00, 0x00, 0x00, 0x00, 0x00, 0x00, 0x00, 0x00, 0x00, 0x00, 0x00, 0x00,
    0x00, 0x00, 0x00, 0x00, 0x00, 0x00, 0x00, 0x00, 0x00, 0x00, 0x00, 0x00,
    0x00, 0x00, 0x00, 0x00, 0x00, 0x00, 0x00, 0x00, 0x00, 0x00, 0x00, 0x00,
    0x00, 0x00, 0x00, 0x00, 0x00, 0x00, 0x00, 0x00, 0x00, 0x00, 0x00, 0x00,
    0x00, 0x00, 0x00, 0x00, 0x00, 0x00, 0x00, 0x00, 0x00, 0x00, 0x00, 0x00,
    0x00, 0x00, 0x00, 0x00, 0x00, 0x00, 0x00, 0x00, 0x00, 0x00, 0x00, 0x00,
    0x00, 0x00, 0x00, 0x00, 0x00, 0x00, 0x00, 0x00, 0x00, 0x00, 0x00, 0x00,
    0x00, 0x00, 0x00, 0x00, 0x00, 0x00, 0x00, 0x00, 0x00, 0x00, 0x00, 0x00,
    0x00, 0x00, 0x00, 0x00, 0x00, 0x00, 0x00, 0x00, 0x00, 0x00, 0x00, 0x00,
    0x00, 0x00, 0x00, 0x00, 0x00, 0x00, 0x00, 0x00, 0x00, 0x00, 0x00, 0x00,
    0x00, 0x00, 0x00, 0x00, 0x00, 0x00, 0x00, 0x00, 0x00, 0x00, 0x00, 0x00,
    0x00, 0x00, 0x00, 0x00, 0x00, 0x00, 0x00, 0x00, 0x00, 0x00, 0x00, 0x00,
    0x00, 0x00, 0x00, 0x00, 0x00, 0x00, 0x00, 0x00, 0x00, 0x00, 0x00, 0x00,
    0x00, 0x00, 0x00, 0x00, 0x00, 0x00, 0x00, 0x00, 0x00, 0x00, 0x00, 0x00,
    0x00, 0x00, 0x00, 0x00, 0x00, 0x00, 0x00, 0x00, 0x00, 0x00, 0x00, 0x00,
    0x00, 0x00, 0x00, 0x00, 0x00, 0x00, 0x00, 0x00, 0x00, 0x00, 0x00, 0x00,
    0x00, 0x00, 0x00, 0x00, 0x00, 0x00, 0x00, 0x00, 0x00, 0x00, 0x00, 0x00,
    0x00, 0x00, 0x00, 0x00, 0x00, 0x00, 0x00, 0x00, 0x00, 0x00, 0x00, 0x00,
    0x00, 0x00, 0x00, 0x00, 0x00, 0x00, 0x00, 0x00, 0x00, 0x00, 0x00, 0x00,
    0x00, 0x00, 0x00, 0x00, 0x00, 0x00, 0x00, 0x00, 0x00, 0x00, 0x00, 0x00,
    0x00, 0x00, 0x00, 0x00, 0x00, 0x00, 0x00, 0x00, 0x00, 0x00, 0x00, 0x00,
    0x00, 0x00, 0x00, 0x00, 0x00, 0x00, 0x00, 0x00, 0x00, 0x00, 0x00, 0x00,
    0x00, 0x00, 0x00, 0x00, 0x00, 0x00, 0x00, 0x00, 0x00, 0x00, 0x00, 0x00,
    0x00, 0x00, 0x00, 0x00, 0x00, 0x00, 0x00, 0x00, 0x00, 0x00, 0x00, 0x00,
    0x00, 0x00, 0x00, 0x00, 0x00, 0x00, 0x00, 0x00, 0x00, 0x00, 0x00, 0x00,
    0x00, 0x00, 0x00, 0x00, 0x00, 0x00, 0x00, 0x00, 0x00, 0x00, 0x00, 0x00,
    0x00, 0x00, 0x00, 0x00, 0x00, 0x00, 0x00, 0x00, 0x00, 0x00, 0x00, 0x00,
    0x00, 0x00, 0x00, 0x00, 0x00, 0x00, 0x00, 0x00, 0x00, 0x00, 0x00, 0x00,
    0x00, 0x00, 0x00, 0x00, 0x00, 0x00, 0x00, 0x00, 0x00, 0x00, 0x00, 0x00,
    0x00, 0x00, 0x00, 0x00, 0x00, 0x00, 0x00, 0x00, 0x00, 0x00, 0x00, 0x00,
    0x00, 0x00, 0x00, 0x00, 0x00, 0x00, 0x00, 0x00, 0x00, 0x00, 0x00, 0x00,
    0x00, 0x00, 0x00, 0x00, 0x00, 0x00, 0x00, 0x00, 0x00, 0x00, 0x00, 0x00,
    0x00, 0x00, 0x00, 0x00, 0x00, 0x00, 0x00, 0x00, 0x00, 0x00, 0x00, 0x00,
    0x00, 0x00, 0x00, 0x00, 0x00, 0x00, 0x00, 0x00, 0x00, 0x00, 0x00, 0x00,
    0x00, 0x00, 0x00, 0x00, 0x00, 0x00, 0x00, 0x00, 0x00, 0x00, 0x00, 0x00,
    0x00, 0x00, 0x00, 0x00, 0x00, 0x00, 0x00, 0x00, 0x00, 0x00, 0x00, 0x00,
    0x00, 0x00, 0x00, 0x00, 0x00, 0x00, 0x00, 0x00, 0x00, 0x00, 0x00, 0x00,
    0x00, 0x00, 0x00, 0x00, 0x00, 0x00, 0x00, 0x00, 0x00, 0x00, 0x00, 0x00,
    0x00, 0x00, 0x00, 0x00, 0x00, 0x00, 0x00, 0x00, 0x00, 0x00, 0x00, 0x00,
    0x00, 0x00, 0x00, 0x00, 0x00, 0x00, 0x00, 0x00, 0x00, 0x00, 0x00, 0x00,
    0x00, 0x00, 0x00, 0x00, 0x00, 0x00, 0x00, 0x00, 0x00, 0x00, 0x00, 0x00,
    0x00, 0x00, 0x00, 0x00, 0x00, 0x00, 0x00, 0x00, 0x00, 0x00, 0x00, 0x00,
    0x00, 0x00, 0x00, 0x00, 0x00, 0x00, 0x00, 0x00, 0x00, 0x00, 0x00, 0x00,
    0x00, 0x00, 0x00, 0x00, 0x00, 0x00, 0x00, 0x00, 0x00, 0x00, 0x00, 0x00,
    0x00, 0x00, 0x00, 0x00, 0x00, 0x00, 0x00, 0x00, 0x00, 0x00, 0x00, 0x00,
    0x00, 0x00, 0x00, 0x00, 0x00, 0x00, 0x00, 0x00, 0x00, 0x00, 0x00, 0x00,
    0x00, 0x00, 0x00, 0x00, 0x00, 0x00, 0x00, 0x00, 0x00, 0x00, 0x00, 0x00,
    0x00, 0x00, 0x00, 0x00, 0x00, 0x00, 0x00, 0x00, 0x00, 0x00, 0x00, 0x00,
    0x00, 0x00, 0x00, 0x00, 0x00, 0x00, 0x00, 0x00, 0x00, 0x00, 0x00, 0x00,
    0x00, 0x00, 0x00, 0x00, 0x00, 0x00, 0x00, 0x00, 0x00, 0x00, 0x00, 0x00,
    0x00, 0x00, 0x00, 0x00, 0x00, 0x00, 0x00, 0x00, 0x00, 0x00, 0x00, 0x00,
    0x00, 0x00, 0x00, 0x00, 0x00, 0x00, 0x00, 0x00, 0x00, 0x00, 0x00, 0x00,
    0x00, 0x00, 0x00, 0x00, 0x00, 0x00, 0x00, 0x00, 0x00, 0x00, 0x00, 0x00,
    0x00, 0x00, 0x00, 0x00, 0x00, 0x00, 0x00, 0x00, 0x00, 0x00, 0x00, 0x00,
    0x00, 0x00, 0x00, 0x00, 0x00, 0x00, 0x00, 0x00, 0x00, 0x00, 0x00, 0x00,
    0x00, 0x00, 0x00, 0x00, 0x00, 0x00, 0x00, 0x00, 0x00, 0x00, 0x00, 0x00,
    0x00, 0x00, 0x00, 0x00, 0x00, 0x00, 0x00, 0x00, 0x00, 0x00, 0x00, 0x00,
    0x00, 0x00, 0x00, 0x00, 0x00, 0x00, 0x00, 0x00, 0x00, 0x00, 0x00, 0x00,
    0x00, 0x00, 0x00, 0x00, 0x00, 0x00, 0x00, 0x00, 0x00, 0x00, 0x00, 0x00,
    0x00, 0x00, 0x00, 0x00, 0x00, 0x00, 0x00, 0x00, 0x00, 0x00, 0x00, 0x00,
    0x00, 0x00, 0x00, 0x00, 0x00, 0x00, 0x00, 0x00, 0x00, 0x00, 0x00, 0x00,
    0x00, 0x00, 0x00, 0x00, 0x00, 0x00, 0x00, 0x00, 0x00, 0x00, 0x00, 0x00,
    0x00, 0x00, 0x00, 0x00, 0x00, 0x00, 0x00, 0x00, 0x00, 0x00, 0x00, 0x00,
    0x00, 0x00, 0x00, 0x00, 0x00, 0x00, 0x00, 0x00, 0x00, 0x00, 0x00, 0x00,
    0x00, 0x00, 0x00, 0x00, 0x00, 0x00, 0x00, 0x00, 0x00, 0x00, 0x00, 0x00,
    0x00, 0x00, 0x00, 0x00, 0x00, 0x00, 0x00, 0x00, 0x00, 0x00, 0x00, 0x00,
    0x00, 0x00, 0x00, 0x00, 0x00, 0x00, 0x00, 0x00, 0x00, 0x00, 0x00, 0x00,
    0x00, 0x00, 0x00, 0x00, 0x00, 0x00, 0x00, 0x00, 0x00, 0x00, 0x00, 0x00,
    0x00, 0x00, 0x00, 0x00, 0x00, 0x00, 0x00, 0x00, 0x00, 0x00, 0x00, 0x00,
    0x00, 0x00, 0x00, 0x00, 0x00, 0x00, 0x00, 0x00, 0x00, 0x00, 0x00, 0x00,
    0x00, 0x00, 0x00, 0x00, 0x00, 0x00, 0x00, 0x00, 0x00, 0x00, 0x00, 0x00,
    0x00, 0x00, 0x00, 0x00, 0x00, 0x00, 0x00, 0x00, 0x00, 0x00, 0x00, 0x00,
    0x00, 0x00, 0x00, 0x00, 0x00, 0x00, 0x00, 0x00, 0x00, 0x00, 0x00, 0x00,
    0x00, 0x00, 0x00, 0x00, 0x00, 0x00, 0x00, 0x00, 0x00, 0x00, 0x00, 0x00,
    0x00, 0x00, 0x00, 0x00, 0x00, 0x00, 0x00, 0x00, 0x00, 0x00, 0x00, 0x00,
    0x00, 0x00, 0x00, 0x00, 0x00, 0x00, 0x00, 0x00, 0x00, 0x00, 0x00, 0x00,
    0x00, 0x00, 0x00, 0x00, 0x00, 0x00, 0x00, 0x00, 0x00, 0x00, 0x00, 0x00,
    0x00, 0x00, 0x00, 0x00, 0x00, 0x00, 0x00, 0x00, 0x00, 0x00, 0x00, 0x00,
    0x00, 0x00, 0x00, 0x00, 0x00, 0x00, 0x00, 0x00, 0x00, 0x00, 0x00, 0x00,
    0x00, 0x00, 0x00, 0x00, 0x00, 0x00, 0x00, 0x00, 0x00, 0x00, 0x00, 0x00,
    0x00, 0x00, 0x00, 0x00, 0x00, 0x00, 0x00, 0x00, 0x00, 0x00, 0x00, 0x00,
    0x00, 0x00, 0x00, 0x00, 0x00, 0x00, 0x00, 0x00, 0x00, 0x00, 0x00, 0x00,
    0x00, 0x00, 0x00, 0x00, 0x00, 0x00, 0x00, 0x00, 0x00, 0x00, 0x00, 0x00,
    0x00, 0x00, 0x00, 0x00, 0x00, 0x00, 0x00, 0x00, 0x00, 0x00, 0x00, 0x00,
    0x00, 0x00, 0x00, 0x00, 0x00, 0x00, 0x00, 0x00, 0x00, 0x00, 0x00, 0x00,
    0x00, 0x00, 0x00, 0x00, 0x00, 0x00, 0x00, 0x00, 0x00, 0x00, 0x00, 0x00,
    0x00, 0x00, 0x00, 0x00, 0x00, 0x00, 0x00, 0x00, 0x00, 0x00, 0x00, 0x00,
    0x00, 0x00, 0x00, 0x00, 0x00, 0x00, 0x00, 0x00, 0x00, 0x00, 0x00, 0x00,
    0x00, 0x00, 0x00, 0x00, 0x00, 0x00, 0x00, 0x00, 0x00, 0x00, 0x00, 0x00,
    0x00, 0x00, 0x00, 0x00, 0x00, 0x00, 0x00, 0x00, 0x00, 0x00, 0x00, 0x00,
    0x00, 0x00, 0x00, 0x00, 0x00, 0x00, 0x00, 0x00, 0x00, 0x00, 0x00, 0x00,
    0x00, 0x00, 0x00, 0x00, 0x00, 0x00, 0x00, 0x00, 0x00, 0x00, 0x00, 0x00,
    0x00, 0x00, 0x00, 0x00, 0x00, 0x00, 0x00, 0x00, 0x00, 0x00, 0x00, 0x00,
    0x00, 0x00, 0x00, 0x00, 0x00, 0x00, 0x00, 0x00, 0x00, 0x00, 0x00, 0x00,
    0x00, 0x00, 0x00, 0x00, 0x00, 0x00, 0x00, 0x00, 0x00, 0x00, 0x00, 0x00,
    0x00, 0x00, 0x00, 0x00, 0x00, 0x00, 0x00, 0x00, 0x00, 0x00, 0x00, 0x00,
    0x00, 0x00, 0x00, 0x00, 0x00, 0x00, 0x00, 0x00, 0x00, 0x00, 0x00, 0x00,
    0x00, 0x00, 0x00, 0x00, 0x00, 0x00, 0x00, 0x00, 0x00, 0x00, 0x00, 0x00,
    0x00, 0x00, 0x00, 0x00, 0x00, 0x00, 0x00, 0x00, 0x00, 0x00, 0x00, 0x00,
    0x00, 0x00, 0x00, 0x00, 0x00, 0x00, 0x00, 0x00, 0x00, 0x00, 0x00, 0x00,
    0x00, 0x00, 0x00, 0x00, 0x00, 0x00, 0x00, 0x00, 0x00, 0x00, 0x00, 0x00,
    0x00, 0x00, 0x00, 0x00, 0x00, 0x00, 0x00, 0x00, 0x00, 0x00, 0x00, 0x00,
    0x00, 0x00, 0x00, 0x00, 0x00, 0x00, 0x00, 0x00, 0x00, 0x00, 0x00, 0x00,
    0x00, 0x00, 0x00, 0x00, 0x00, 0x00, 0x00, 0x00, 0x00, 0x00, 0x00, 0x00,
    0x00, 0x00, 0x00, 0x00, 0x00, 0x00, 0x00, 0x00, 0x00, 0x00, 0x00, 0x00,
    0x00, 0x00, 0x00, 0x00, 0x00, 0x00, 0x00, 0x00, 0x00, 0x00, 0x00, 0x00,
    0x00, 0x00, 0x00, 0x00, 0x00, 0x00, 0x00, 0x00, 0x00, 0x00, 0x00, 0x00,
    0x00, 0x00, 0x00, 0x00, 0x00, 0x00, 0x00, 0x00, 0x00, 0x00, 0x00, 0x00,
    0x00, 0x00, 0x00, 0x00, 0x00, 0x00, 0x00, 0x00, 0x00, 0x00, 0x00, 0x00,
    0x00, 0x00, 0x00, 0x00, 0x00, 0x00, 0x00, 0x00, 0x00, 0x00, 0x00, 0x00,
    0x00, 0x00, 0x00, 0x00, 0x00, 0x00, 0x00, 0x00, 0x00, 0x00, 0x00, 0x00,
    0x00, 0x00, 0x00, 0x00, 0x00, 0x00, 0x00, 0x00, 0x00, 0x00, 0x00, 0x00,
    0x00, 0x00, 0x00, 0x00, 0x00, 0x00, 0x00, 0x00, 0x00, 0x00, 0x00, 0x00,
    0x00, 0x00, 0x00, 0x00, 0x00, 0x00, 0x00, 0x00, 0x00, 0x00, 0x00, 0x00,
    0x00, 0x00, 0x00, 0x00, 0x00, 0x00, 0x00, 0x00, 0x00, 0x00, 0x00, 0x00,
    0x00, 0x00, 0x00, 0x00, 0x00, 0x00, 0x00, 0x00, 0x00, 0x00, 0x00, 0x00,
    0x00, 0x00, 0x00, 0x00, 0x00, 0x00, 0x00, 0x00, 0x00, 0x00, 0x00, 0x00,
    0x00, 0x00, 0x00, 0x00, 0x00, 0x00, 0x00, 0x00, 0x00, 0x00, 0x00, 0x00,
    0x00, 0x00, 0x00, 0x00, 0x00, 0x00, 0x00, 0x00, 0x00, 0x00, 0x00, 0x00,
    0x00, 0x00, 0x00, 0x00, 0x00, 0x00, 0x00, 0x00, 0x00, 0x00, 0x00, 0x00,
    0x00, 0x00, 0x00, 0x00, 0x00, 0x00, 0x00, 0x00, 0x00, 0x00, 0x00, 0x00,
    0x00, 0x00, 0x00, 0x00, 0x00, 0x00, 0x00, 0x00, 0x00, 0x00, 0x00, 0x00,
    0x00, 0x00, 0x00, 0x00, 0x00, 0x00, 0x00, 0x00, 0x00, 0x00, 0x00, 0x00,
    0x00, 0x00, 0x00, 0x00, 0x00, 0x00, 0x00, 0x00, 0x00, 0x00, 0x00, 0x00,
    0x00, 0x00, 0x00, 0x00, 0x00, 0x00, 0x00, 0x00, 0x00, 0x00, 0x00, 0x00,
    0x00, 0x00, 0x00, 0x00, 0x00, 0x00, 0x00, 0x00, 0x00, 0x00, 0x00, 0x00,
    0x00, 0x00, 0x00, 0x00, 0x00, 0x00, 0x00, 0x00, 0x00, 0x00, 0x00, 0x00,
    0x00, 0x00, 0x00, 0x00, 0x00, 0x00, 0x00, 0x00, 0x00, 0x00, 0x00, 0x00,
    0x00, 0x00, 0x00, 0x00, 0x00, 0x00, 0x00, 0x00, 0x00, 0x00, 0x00, 0x00,
    0x00, 0x00, 0x00, 0x00, 0x00, 0x00, 0x00, 0x00, 0x00, 0x00, 0x00, 0x00,
    0x00, 0x00, 0x00, 0x00, 0x00, 0x00, 0x00, 0x00, 0x00, 0x00, 0x00, 0x00,
    0x00, 0x00, 0x00, 0x00, 0x00, 0x00, 0x00, 0x00, 0x00, 0x00, 0x00, 0x00,
    0x00, 0x00, 0x00, 0x00, 0x00, 0x00, 0x00, 0x00, 0x00, 0x00, 0x00, 0x00,
    0x00, 0x00, 0x00, 0x00, 0x00, 0x00, 0x00, 0x00, 0x00, 0x00, 0x00, 0x00,
    0x00, 0x00, 0x00, 0x00, 0x00, 0x00, 0x00, 0x00, 0x00, 0x00, 0x00, 0x00,
    0x00, 0x00, 0x00, 0x00, 0x00, 0x00, 0x00, 0x00, 0x00, 0x00, 0x00, 0x00,
    0x00, 0x00, 0x00, 0x00, 0x00, 0x00, 0x00, 0x00, 0x00, 0x00, 0x00, 0x00,
    0x00, 0x00, 0x00, 0x00, 0x00, 0x00, 0x00, 0x00, 0x00, 0x00, 0x00, 0x00,
    0x00, 0x00, 0x00, 0x00, 0x00, 0x00, 0x00, 0x00, 0x00, 0x00, 0x00, 0x00,
    0x00, 0x00, 0x00, 0x00, 0x00, 0x00, 0x00, 0x00, 0x00, 0x00, 0x00, 0x00,
    0x00, 0x00, 0x00, 0x00, 0x00, 0x00, 0x00, 0x00, 0x00, 0x00, 0x00, 0x00,
    0x00, 0x00, 0x00, 0x00, 0x00, 0x00, 0x00, 0x00, 0x00, 0x00, 0x00, 0x00,
    0x00, 0x00, 0x00, 0x00, 0x00, 0x00, 0x00, 0x00, 0x00, 0x00, 0x00, 0x00,
    0x00, 0x00, 0x00, 0x00, 0x00, 0x00, 0x00, 0x00, 0x00, 0x00, 0x00, 0x00,
    0x00, 0x00, 0x00, 0x00, 0x00, 0x00, 0x00, 0x00, 0x00, 0x00, 0x00, 0x00,
    0x00, 0x00, 0x00, 0x00, 0x00, 0x00, 0x00, 0x00, 0x00, 0x00, 0x00, 0x00,
    0x00, 0x00, 0x00, 0x00, 0x00, 0x00, 0x00, 0x00, 0x00, 0x00, 0x00, 0x00,
    0x00, 0x00, 0x00, 0x00, 0x00, 0x00, 0x00, 0x00, 0x00, 0x00, 0x00, 0x00,
    0x00, 0x00, 0x00, 0x00, 0x00, 0x00, 0x00, 0x00, 0x00, 0x00, 0x00, 0x00,
    0x00, 0x00, 0x00, 0x00, 0x00, 0x00, 0x00, 0x00, 0x00, 0x00, 0x00, 0x00,
    0x00, 0x00, 0x00, 0x00, 0x00, 0x00, 0x00, 0x00, 0x00, 0x00, 0x00, 0x00,
    0x00, 0x00, 0x00, 0x00, 0x00, 0x00, 0x00, 0x00, 0x00, 0x00, 0x00, 0x00,
    0x00, 0x00, 0x00, 0x00, 0x00, 0x00, 0x00, 0x00, 0x00, 0x00, 0x00, 0x00,
    0x00, 0x00, 0x00, 0x00, 0x00, 0x00, 0x00, 0x00, 0x00, 0x00, 0x00, 0x00,
    0x00, 0x00, 0x00, 0x00, 0x00, 0x00, 0x00, 0x00, 0x00, 0x00, 0x00, 0x00,
    0x00, 0x00, 0x00, 0x00, 0x00, 0x00, 0x00, 0x00, 0x00, 0x00, 0x00, 0x00,
    0x00, 0x00, 0x00, 0x00, 0x00, 0x00, 0x00, 0x00, 0x00, 0x00, 0x00, 0x00,
    0x00, 0x00, 0x00, 0x00, 0x00, 0x00, 0x00, 0x00, 0x00, 0x00, 0x00, 0x00,
    0x00, 0x00, 0x00, 0x00, 0x00, 0x00, 0x00, 0x00, 0x00, 0x00, 0x00, 0x00,
    0x00, 0x00, 0x00, 0x00, 0x00, 0x00, 0x00, 0x00, 0x00, 0x00, 0x00, 0x00,
    0x00, 0x00, 0x00, 0x00, 0x00, 0x00, 0x00, 0x00, 0x00, 0x00, 0x00, 0x00,
    0x00, 0x00, 0x00, 0x00, 0x00, 0x00, 0x00, 0x00, 0x00, 0x00, 0x00, 0x00,
    0x00, 0x00, 0x00, 0x00, 0x00, 0x00, 0x00, 0x00, 0x00, 0x00, 0x00, 0x00,
    0x00, 0x00, 0x00, 0x00, 0x00, 0x00, 0x00, 0x00, 0x00, 0x00, 0x00, 0x00,
    0x00, 0x00, 0x00, 0x00, 0x00, 0x00, 0x00, 0x00, 0x00, 0x00, 0x00, 0x00,
    0x00, 0x00, 0x00, 0x00, 0x00, 0x00, 0x00, 0x00, 0x00, 0x00, 0x00, 0x00,
    0x00, 0x00, 0x00, 0x00, 0x00, 0x00, 0x00, 0x00, 0x00, 0x00, 0x00, 0x00,
    0x00, 0x00, 0x00, 0x00, 0x00, 0x00, 0x00, 0x00, 0x00, 0x00, 0x00, 0x00,
    0x00, 0x00, 0x00, 0x00, 0x00, 0x00, 0x00, 0x00, 0x00, 0x00, 0x00, 0x00,
    0x00, 0x00, 0x00, 0x00, 0x00, 0x00, 0x00, 0x00, 0x00, 0x00, 0x00, 0x00,
    0x00, 0x00, 0x00, 0x00, 0x00, 0x00, 0x00, 0x00, 0x00, 0x00, 0x00, 0x00,
    0x00, 0x00, 0x00, 0x00, 0x00, 0x00, 0x00, 0x00, 0x00, 0x00, 0x00, 0x00,
    0x00, 0x00, 0x00, 0x00, 0x00, 0x00, 0x00, 0x00, 0x00, 0x00, 0x00, 0x00,
    0x00, 0x00, 0x00, 0x00, 0x00, 0x00, 0x00, 0x00, 0x00, 0x00, 0x00, 0x00,
    0x00, 0x00, 0x00, 0x00, 0x00, 0x00, 0x00, 0x00, 0x00, 0x00, 0x00, 0x00,
    0x00, 0x00, 0x00, 0x00, 0x00, 0x00, 0x00, 0x00, 0x00, 0x00, 0x00, 0x00,
    0x00, 0x00, 0x00, 0x00, 0x00, 0x00, 0x00, 0x00, 0x00, 0x00, 0x00, 0x00,
    0x00, 0x00, 0x00, 0x00, 0x00, 0x00, 0x00, 0x00, 0x00, 0x00, 0x00, 0x00,
    0x00, 0x00, 0x00, 0x00, 0x00, 0x00, 0x00, 0x00, 0x00, 0x00, 0x00, 0x00,
    0x00, 0x00, 0x00, 0x00, 0x00, 0x00, 0x00, 0x00, 0x00, 0x00, 0x00, 0x00,
    0x00, 0x00, 0x00, 0x00, 0x00, 0x00, 0x00, 0x00, 0x00, 0x00, 0x00, 0x00,
    0x00, 0x00, 0x00, 0x00, 0x00, 0x00, 0x00, 0x00, 0x00, 0x00, 0x00, 0x00,
    0x00, 0x00, 0x00, 0x00, 0x00, 0x00, 0x00, 0x00, 0x00, 0x00, 0x00, 0x00,
    0x00, 0x00, 0x00, 0x00, 0x00, 0x00, 0x00, 0x00, 0x00, 0x00, 0x00, 0x00,
    0x00, 0x00, 0x00, 0x00, 0x00, 0x00, 0x00, 0x00, 0x00, 0x00, 0x00, 0x00,
    0x00, 0x00, 0x00, 0x00, 0x00, 0x00, 0x00, 0x00, 0x00, 0x00, 0x00, 0x00,
    0x00, 0x00, 0x00, 0x00, 0x00, 0x00, 0x00, 0x00, 0x00, 0x00, 0x00, 0x00,
    0x00, 0x00, 0x00, 0x00, 0x00, 0x00, 0x00, 0x00, 0x00, 0x00, 0x00, 0x00,
    0x00, 0x00, 0x00, 0x00, 0x00, 0x00, 0x00, 0x00, 0x00, 0x00, 0x00, 0x00,
    0x00, 0x00, 0x00, 0x00, 0x00, 0x00, 0x00, 0x00, 0x00, 0x00, 0x00, 0x00,
    0x00, 0x00, 0x00, 0x00, 0x00, 0x00, 0x00, 0x00, 0x00, 0x00, 0x00, 0x00,
    0x00, 0x00, 0x00, 0x00, 0x00, 0x00, 0x00, 0x00, 0x00, 0x00, 0x00, 0x00,
    0x00, 0x00, 0x00, 0x00, 0x00, 0x00, 0x00, 0x00, 0x00, 0x00, 0x00, 0x00,
    0x00, 0x00, 0x00, 0x00, 0x00, 0x00, 0x00, 0x00, 0x00, 0x00, 0x00, 0x00,
    0x00, 0x00, 0x00, 0x00, 0x00, 0x00, 0x00, 0x00, 0x00, 0x00, 0x00, 0x00,
    0x00, 0x00, 0x00, 0x00, 0x00, 0x00, 0x00, 0x00, 0x00, 0x00, 0x00, 0x00,
    0x00, 0x00, 0x00, 0x00, 0x00, 0x00, 0x00, 0x00, 0x00, 0x00, 0x00, 0x00,
    0x00, 0x00, 0x00, 0x00, 0x00, 0x00, 0x00, 0x00, 0x00, 0x00, 0x00, 0x00,
    0x00, 0x00, 0x00, 0x00, 0x00, 0x00, 0x00, 0x00, 0x00, 0x00, 0x00, 0x00,
    0x00, 0x00, 0x00, 0x00, 0x00, 0x00, 0x00, 0x00, 0x00, 0x00, 0x00, 0x00,
    0x00, 0x00, 0x00, 0x00, 0x00, 0x00, 0x00, 0x00, 0x00, 0x00, 0x00, 0x00,
    0x00, 0x00, 0x00, 0x00, 0x00, 0x00, 0x00, 0x00, 0x00, 0x00, 0x00, 0x00,
    0x00, 0x00, 0x00, 0x00, 0x00, 0x00, 0x00, 0x00, 0x00, 0x00, 0x00, 0x00,
    0x00, 0x00, 0x00, 0x00, 0x00, 0x00, 0x00, 0x00, 0x00, 0x00, 0x00, 0x00,
    0x00, 0x00, 0x00, 0x00, 0x00, 0x00, 0x00, 0x00, 0x00, 0x00, 0x00, 0x00,
    0x00, 0x00, 0x00, 0x00, 0x00, 0x00, 0x00, 0x00, 0x00, 0x00, 0x00, 0x00,
    0x00, 0x00, 0x00, 0x00, 0x00, 0x00, 0x00, 0x00, 0x00, 0x00, 0x00, 0x00,
    0x00, 0x00, 0x00, 0x00, 0x00, 0x00, 0x00, 0x00, 0x00, 0x00, 0x00, 0x00,
    0x00, 0x00, 0x00, 0x00, 0x00, 0x00, 0x00, 0x00, 0x00, 0x00, 0x00, 0x00,
    0x00, 0x00, 0x00, 0x00, 0x00, 0x00, 0x00, 0x00, 0x00, 0x00, 0x00, 0x00,
    0x00, 0x00, 0x00, 0x00, 0x00, 0x00, 0x00, 0x00, 0x00, 0x00, 0x00, 0x00,
    0x00, 0x00, 0x00, 0x00, 0x00, 0x00, 0x00, 0x00, 0x00, 0x00, 0x00, 0x00,
    0x00, 0x00, 0x00, 0x00, 0x00, 0x00, 0x00, 0x00, 0x00, 0x00, 0x00, 0x00,
    0x00, 0x00, 0x00, 0x00, 0x00, 0x00, 0x00, 0x00, 0x00, 0x00, 0x00, 0x00,
    0x00, 0x00, 0x00, 0x00, 0x00, 0x00, 0x00, 0x00, 0x00, 0x00, 0x00, 0x00,
    0x00, 0x00, 0x00, 0x00, 0x00, 0x00, 0x00, 0x00, 0x00, 0x00, 0x00, 0x00,
    0x00, 0x00, 0x00, 0x00, 0x00, 0x00, 0x00, 0x00, 0x00, 0x00, 0x00, 0x00,
    0x00, 0x00, 0x00, 0x00, 0x00, 0x00, 0x00, 0x00, 0x00, 0x00, 0x00, 0x00,
    0x00, 0x00, 0x00, 0x00, 0x00, 0x00, 0x00, 0x00, 0x00, 0x00, 0x00, 0x00,
    0x00, 0x00, 0x00, 0x00, 0x00, 0x00, 0x00, 0x00, 0x00, 0x00, 0x00, 0x00,
    0x00, 0x00, 0x00, 0x00, 0x00, 0x00, 0x00, 0x00, 0x00, 0x00, 0x00, 0x00,
    0x00, 0x00, 0x00, 0x00, 0x00, 0x00, 0x00, 0x00, 0x00, 0x00, 0x00, 0x00,
    0x00, 0x00, 0x00, 0x00, 0x00, 0x00, 0x00, 0x00, 0x00, 0x00, 0x00, 0x00,
    0x00, 0x00, 0x00, 0x00, 0x00, 0x00, 0x00, 0x00, 0x00, 0x00, 0x00, 0x00,
    0x00, 0x00, 0x00, 0x00, 0x00, 0x00, 0x00, 0x00, 0x00, 0x00, 0x00, 0x00,
    0x00, 0x00, 0x00, 0x00, 0x00, 0x00, 0x00, 0x00, 0x00, 0x00, 0x00, 0x00,
    0x00, 0x00, 0x00, 0x00, 0x00, 0x00, 0x00, 0x00, 0x00, 0x00, 0x00, 0x00,
    0x00, 0x00, 0x00, 0x00, 0x00, 0x00, 0x00, 0x00, 0x00, 0x00, 0x00, 0x00,
    0x00, 0x00, 0x00, 0x00, 0x00, 0x00, 0x00, 0x00, 0x00, 0x00, 0x00, 0x00,
    0x00, 0x00, 0x00, 0x00, 0x00, 0x00, 0x00, 0x00, 0x00, 0x00, 0x00, 0x00,
    0x00, 0x00, 0x00, 0x00, 0x00, 0x00, 0x00, 0x00, 0x00, 0x00, 0x00, 0x00,
    0x00, 0x00, 0x00, 0x00, 0x00, 0x00, 0x00, 0x00, 0x00, 0x00, 0x00, 0x00,
    0x00, 0x00, 0x00, 0x00, 0x00, 0x00, 0x00, 0x00, 0x00, 0x00, 0x00, 0x00,
    0x00, 0x00, 0x00, 0x00, 0x00, 0x00, 0x00, 0x00, 0x00, 0x00, 0x00, 0x00,
    0x00, 0x00, 0x00, 0x00, 0x00, 0x00, 0x00, 0x00, 0x00, 0x00, 0x00, 0x00,
    0x00, 0x00, 0x00, 0x00, 0x00, 0x00, 0x00, 0x00, 0x00, 0x00, 0x00, 0x00,
    0x00, 0x00, 0x00, 0x00, 0x00, 0x00, 0x00, 0x00, 0x00, 0x00, 0x00, 0x00,
    0x00, 0x00, 0x00, 0x00, 0x00, 0x00, 0x00, 0x00, 0x00, 0x00, 0x00, 0x00,
    0x00, 0x00, 0x00, 0x00, 0x00, 0x00, 0x00, 0x00, 0x00, 0x00, 0x00, 0x00,
    0x00, 0x00, 0x00, 0x00, 0x00, 0x00, 0x00, 0x00, 0x00, 0x00, 0x00, 0x00,
    0x00, 0x00, 0x00, 0x00, 0x00, 0x00, 0x00, 0x00, 0x00, 0x00, 0x00, 0x00,
    0x00, 0x00, 0x00, 0x00, 0x00, 0x00, 0x00, 0x00, 0x00, 0x00, 0x00, 0x00,
    0x00, 0x00, 0x00, 0x00, 0x00, 0x00, 0x00, 0x00, 0x00, 0x00, 0x00, 0x00,
    0x00, 0x00, 0x00, 0x00, 0x00, 0x00, 0x00, 0x00, 0x00, 0x00, 0x00, 0x00,
    0x00, 0x00, 0x00, 0x00, 0x00, 0x00, 0x00, 0x00, 0x00, 0x00, 0x00, 0x00,
    0x00, 0x00, 0x00, 0x00, 0x00, 0x00, 0x00, 0x00, 0x00, 0x00, 0x00, 0x00,
    0x00, 0x00, 0x00, 0x00, 0x00, 0x00, 0x00, 0x00, 0x00, 0x00, 0x00, 0x00,
    0x00, 0x00, 0x00, 0x00, 0x00, 0x00, 0x00, 0x00, 0x00, 0x00, 0x00, 0x00,
    0x00, 0x00, 0x00, 0x00, 0x00, 0x00, 0x00, 0x00, 0x00, 0x00, 0x00, 0x00,
    0x00, 0x00, 0x00, 0x00, 0x00, 0x00, 0x00, 0x00, 0x00, 0x00, 0x00, 0x00,
    0x00, 0x00, 0x00, 0x00, 0x00, 0x00, 0x00, 0x00, 0x00, 0x00, 0x00, 0x00,
    0x00, 0x00, 0x00, 0x00, 0x00, 0x00, 0x00, 0x00, 0x00, 0x00, 0x00, 0x00,
    0x00, 0x00, 0x00, 0x00, 0x00, 0x00, 0x00, 0x00, 0x00, 0x00, 0x00, 0x00,
    0x00, 0x00, 0x00, 0x00, 0x00, 0x00, 0x00, 0x00, 0x00, 0x00, 0x00, 0x00,
    0x00, 0x00, 0x00, 0x00, 0x00, 0x00, 0x00, 0x00, 0x00, 0x00, 0x00, 0x00,
    0x00, 0x00, 0x00, 0x00, 0x00, 0x00, 0x00, 0x00, 0x00, 0x00, 0x00, 0x00,
    0x00, 0x00, 0x00, 0x00, 0x00, 0x00, 0x00, 0x00, 0x00, 0x00, 0x00, 0x00,
    0x00, 0x00, 0x00, 0x00, 0x00, 0x00, 0x00, 0x00, 0x00, 0x00, 0x00, 0x00,
    0x00, 0x00, 0x00, 0x00, 0x00, 0x00, 0x00, 0x00, 0x00, 0x00, 0x00, 0x00,
    0x00, 0x00, 0x00, 0x00, 0x00, 0x00, 0x00, 0x00, 0x00, 0x00, 0x00, 0x00,
    0x00, 0x00, 0x00, 0x00, 0x00, 0x00, 0x00, 0x00, 0x00, 0x00, 0x00, 0x00,
    0x00, 0x00, 0x00, 0x00, 0x00, 0x00, 0x00, 0x00, 0x00, 0x00, 0x00, 0x00,
    0x00, 0x00, 0x00, 0x00, 0x00, 0x00, 0x00, 0x00, 0x00, 0x00, 0x00, 0x00,
    0x00, 0x00, 0x00, 0x00, 0x00, 0x00, 0x00, 0x00, 0x00, 0x00, 0x00, 0x00,
    0x00, 0x00, 0x00, 0x00, 0x00, 0x00, 0x00, 0x00, 0x00, 0x00, 0x00, 0x00,
    0x00, 0x00, 0x00, 0x00, 0x00, 0x00, 0x00, 0x00, 0x00, 0x00, 0x00, 0x00,
    0x00, 0x00, 0x00, 0x00, 0x00, 0x00, 0x00, 0x00, 0x00, 0x00, 0x00, 0x00,
    0x00, 0x00, 0x00, 0x00, 0x00, 0x00, 0x00, 0x00, 0x00, 0x00, 0x00, 0x00,
    0x00, 0x00, 0x00, 0x00, 0x00, 0x00, 0x00, 0x00, 0x00, 0x00, 0x00, 0x00,
    0x00, 0x00, 0x00, 0x00, 0x00, 0x00, 0x00, 0x00, 0x00, 0x00, 0x00, 0x00,
    0x00, 0x00, 0x00, 0x00, 0x00, 0x00, 0x00, 0x00, 0x00, 0x00, 0x00, 0x00,
    0x00, 0x00, 0x00, 0x00, 0x00, 0x00, 0x00, 0x00, 0x00, 0x00, 0x00, 0x00,
    0x00, 0x00, 0x00, 0x00, 0x00, 0x00, 0x00, 0x00, 0x00, 0x00, 0x00, 0x00,
    0x00, 0x00, 0x00, 0x00, 0x00, 0x00, 0x00, 0x00, 0x00, 0x00, 0x00, 0x00,
    0x00, 0x00, 0x00, 0x00, 0x00, 0x00, 0x00, 0x00, 0x00, 0x00, 0x00, 0x00,
    0x00, 0x00, 0x00, 0x00, 0x00, 0x00, 0x00, 0x00, 0x00, 0x00, 0x00, 0x00,
    0x00, 0x00, 0x00, 0x00, 0x00, 0x00, 0x00, 0x00, 0x00, 0x00, 0x00, 0x00,
    0x00, 0x00, 0x00, 0x00, 0x00, 0x00, 0x00, 0x00, 0x00, 0x00, 0x00, 0x00,
    0x00, 0x00, 0x00, 0x00, 0x00, 0x00, 0x00, 0x00, 0x00, 0x00, 0x00, 0x00,
    0x00, 0x00, 0x00, 0x00, 0x00, 0x00, 0x00, 0x00, 0x00, 0x00, 0x00, 0x00,
    0x00, 0x00, 0x00, 0x00, 0x00, 0x00, 0x00, 0x00, 0x00, 0x00, 0x00, 0x00,
    0x00, 0x00, 0x00, 0x00, 0x00, 0x00, 0x00, 0x00, 0x00, 0x00, 0x00, 0x00,
    0x00, 0x00, 0x00, 0x00, 0x00, 0x00, 0x00, 0x00, 0x00, 0x00, 0x00, 0x00,
    0x00, 0x00, 0x00, 0x00, 0x00, 0x00, 0x00, 0x00, 0x00, 0x00, 0x00, 0x00,
    0x00, 0x00, 0x00, 0x00, 0x00, 0x00, 0x00, 0x00, 0x00, 0x00, 0x00, 0x00,
    0x00, 0x00, 0x00, 0x00, 0x00, 0x00, 0x00, 0x00, 0x00, 0x00, 0x00, 0x00,
    0x00, 0x00, 0x00, 0x00, 0x00, 0x00, 0x00, 0x00, 0x00, 0x00, 0x00, 0x00,
    0x00, 0x00, 0x00, 0x00, 0x00, 0x00, 0x00, 0x00, 0x00, 0x00, 0x00, 0x00,
    0x00, 0x00, 0x00, 0x00, 0x00, 0x00, 0x00, 0x00, 0x00, 0x00, 0x00, 0x00,
    0x00, 0x00, 0x00, 0x00, 0x00, 0x00, 0x00, 0x00, 0x00, 0x00, 0x00, 0x00,
    0x00, 0x00, 0x00, 0x00, 0x00, 0x00, 0x00, 0x00, 0x00, 0x00, 0x00, 0x00,
    0x00, 0x00, 0x00, 0x00, 0x00, 0x00, 0x00, 0x00, 0x00, 0x00, 0x00, 0x00,
    0x00, 0x00, 0x00, 0x00, 0x00, 0x00, 0x00, 0x00, 0x00, 0x00, 0x00, 0x00,
    0x00, 0x00, 0x00, 0x00, 0x00, 0x00, 0x00, 0x00, 0x00, 0x00, 0x00, 0x00,
    0x00, 0x00, 0x00, 0x00, 0x00, 0x00, 0x00, 0x00, 0x00, 0x00, 0x00, 0x00,
    0x00, 0x00, 0x00, 0x00, 0x00, 0x00, 0x00, 0x00, 0x00, 0x00, 0x00, 0x00,
    0x00, 0x00, 0x00, 0x00, 0x00, 0x00, 0x00, 0x00, 0x00, 0x00, 0x00, 0x00,
    0x00, 0x00, 0x00, 0x00, 0x00, 0x00, 0x00, 0x00, 0x00, 0x00, 0x00, 0x00,
    0x00, 0x00, 0x00, 0x00, 0x00, 0x00, 0x00, 0x00, 0x00, 0x00, 0x00, 0x00,
    0x00, 0x00, 0x00, 0x00, 0x00, 0x00, 0x00, 0x00, 0x00, 0x00, 0x00, 0x00,
    0x00, 0x00, 0x00, 0x00, 0x00, 0x00, 0x00, 0x00, 0x00, 0x00, 0x00, 0x00,
    0x00, 0x00, 0x00, 0x00, 0x00, 0x00, 0x00, 0x00, 0x00, 0x00, 0x00, 0x00,
    0x00, 0x00, 0x00, 0x00, 0x00, 0x00, 0x00, 0x00, 0x00, 0x00, 0x00, 0x00,
    0x00, 0x00, 0x00, 0x00, 0x00, 0x00, 0x00, 0x00, 0x00, 0x00, 0x00, 0x00,
    0x00, 0x00, 0x00, 0x00, 0x00, 0x00, 0x00, 0x00, 0x00, 0x00, 0x00, 0x00,
    0x00, 0x00, 0x00, 0x00, 0x00, 0x00, 0x00, 0x00, 0x00, 0x00, 0x00, 0x00,
    0x00, 0x00, 0x00, 0x00, 0x00, 0x00, 0x00, 0x00, 0x00, 0x00, 0x00, 0x00,
    0x00, 0x00, 0x00, 0x00, 0x00, 0x00, 0x00, 0x00, 0x00, 0x00, 0x00, 0x00,
    0x00, 0x00, 0x00, 0x00, 0x00, 0x00, 0x00, 0x00, 0x00, 0x00, 0x00, 0x00,
    0x00, 0x00, 0x00, 0x00, 0x00, 0x00, 0x00, 0x00, 0x00, 0x00, 0x00, 0x00,
    0x00, 0x00, 0x00, 0x00, 0x00, 0x00, 0x00, 0x00, 0x00, 0x00, 0x00, 0x00,
    0x00, 0x00, 0x00, 0x00, 0x00, 0x00, 0x00, 0x00, 0x00, 0x00, 0x00, 0x00,
    0x00, 0x00, 0x00, 0x00, 0x00, 0x00, 0x00, 0x00, 0x00, 0x00, 0x00, 0x00,
    0x00, 0x00, 0x00, 0x00, 0x00, 0x00, 0x00, 0x00, 0x00, 0x00, 0x00, 0x00,
    0x00, 0x00, 0x00, 0x00, 0x00, 0x00, 0x00, 0x00, 0x00, 0x00, 0x00, 0x00,
    0x00, 0x00, 0x00, 0x00, 0x00, 0x00, 0x00, 0x00, 0x00, 0x00, 0x00, 0x00,
    0x00, 0x00, 0x00, 0x00, 0x00, 0x00, 0x00, 0x00, 0x00, 0x00, 0x00, 0x00,
    0x00, 0x00, 0x00, 0x00, 0x00, 0x00, 0x00, 0x00, 0x00, 0x00, 0x00, 0x00,
    0x00, 0x00, 0x00, 0x00, 0x00, 0x00, 0x00, 0x00, 0x00, 0x00, 0x00, 0x00,
    0x00, 0x00, 0x00, 0x00, 0x00, 0x00, 0x00, 0x00, 0x00, 0x00, 0x00, 0x00,
    0x00, 0x00, 0x00, 0x00, 0x00, 0x00, 0x00, 0x00, 0x00, 0x00, 0x00, 0x00,
    0x00, 0x00, 0x00, 0x00, 0x00, 0x00, 0x00, 0x00, 0x00, 0x00, 0x00, 0x00,
    0x00, 0x00, 0x00, 0x00, 0x00, 0x00, 0x00, 0x00, 0x00, 0x00, 0x00, 0x00,
    0x00, 0x00, 0x00, 0x00, 0x00, 0x00, 0x00, 0x00, 0x00, 0x00, 0x00, 0x00,
    0x00, 0x00, 0x00, 0x00, 0x00, 0x00, 0x00, 0x00, 0x00, 0x00, 0x00, 0x00,
    0x00, 0x00, 0x00, 0x00, 0x00, 0x00, 0x00, 0x00, 0x00, 0x00, 0x00, 0x00,
    0x00, 0x00, 0x00, 0x00, 0x00, 0x00, 0x00, 0x00, 0x00, 0x00, 0x00, 0x00,
    0x00, 0x00, 0x00, 0x00, 0x00, 0x00, 0x00, 0x00, 0x00, 0x00, 0x00, 0x00,
    0x00, 0x00, 0x00, 0x00, 0x00, 0x00, 0x00, 0x00, 0x00, 0x00, 0x00, 0x00,
    0x00, 0x00, 0x00, 0x00, 0x00, 0x00, 0x00, 0x00, 0x00, 0x00, 0x00, 0x00,
    0x00, 0x00, 0x00, 0x00, 0x00, 0x00, 0x00, 0x00, 0x00, 0x00, 0x00, 0x00,
    0x00, 0x00, 0x00, 0x00, 0x00, 0x00, 0x00, 0x00, 0x00, 0x00, 0x00, 0x00,
    0x00, 0x00, 0x00, 0x00, 0x00, 0x00, 0x00, 0x00, 0x00, 0x00, 0x00, 0x00,
    0x00, 0x00, 0x00, 0x00, 0x00, 0x00, 0x00, 0x00, 0x00, 0x00, 0x00, 0x00,
    0x00, 0x00, 0x00, 0x00, 0x00, 0x00, 0x00, 0x00, 0x00, 0x00, 0x00, 0x00,
    0x00, 0x00, 0x00, 0x00, 0x00, 0x00, 0x00, 0x00, 0x00, 0x00, 0x00, 0x00,
    0x00, 0x00, 0x00, 0x00, 0x00, 0x00, 0x00, 0x00, 0x00, 0x00, 0x00, 0x00,
    0x00, 0x00, 0x00, 0x00, 0x00, 0x00, 0x00, 0x00, 0x00, 0x00, 0x00, 0x00,
    0x00, 0x00, 0x00, 0x00, 0x00, 0x00, 0x00, 0x00, 0x00, 0x00, 0x00, 0x00,
    0x00, 0x00, 0x00, 0x00, 0x00, 0x00, 0x00, 0x00, 0x00, 0x00, 0x00, 0x00,
    0x00, 0x00, 0x00, 0x00, 0x00, 0x00, 0x00, 0x00, 0x00, 0x00, 0x00, 0x00,
    0x00, 0x00, 0x00, 0x00, 0x00, 0x00, 0x00, 0x00, 0x00, 0x00, 0x00, 0x00,
    0x00, 0x00, 0x00, 0x00, 0x00, 0x00, 0x00, 0x00, 0x00, 0x00, 0x00, 0x00,
    0x00, 0x00, 0x00, 0x00, 0x00, 0x00, 0x00, 0x00, 0x00, 0x00, 0x00, 0x00,
    0x00, 0x00, 0x00, 0x00, 0x00, 0x00, 0x00, 0x00, 0x00, 0x00, 0x00, 0x00,
    0x00, 0x00, 0x00, 0x00, 0x00, 0x00, 0x00, 0x00, 0x00, 0x00, 0x00, 0x00,
    0x00, 0x00, 0x00, 0x00, 0x00, 0x00, 0x00, 0x00, 0x00, 0x00, 0x00, 0x00,
    0x00, 0x00, 0x00, 0x00, 0x00, 0x00, 0x00, 0x00, 0x00, 0x00, 0x00, 0x00,
    0x00, 0x00, 0x00, 0x00, 0x00, 0x00, 0x00, 0x00, 0x00, 0x00, 0x00, 0x00,
    0x00, 0x00, 0x00, 0x00, 0x00, 0x00, 0x00, 0x00, 0x00, 0x00, 0x00, 0x00,
    0x00, 0x00, 0x00, 0x00, 0x00, 0x00, 0x00, 0x00, 0x00, 0x00, 0x00, 0x00,
    0x00, 0x00, 0x00, 0x00, 0x00, 0x00, 0x00, 0x00, 0x00, 0x00, 0x00, 0x00,
    0x00, 0x00, 0x00, 0x00, 0x00, 0x00, 0x00, 0x00, 0x00, 0x00, 0x00, 0x00,
    0x00, 0x00, 0x00, 0x00, 0x00, 0x00, 0x00, 0x00, 0x00, 0x00, 0x00, 0x00,
    0x00, 0x00, 0x00, 0x00, 0x00, 0x00, 0x00, 0x00, 0x00, 0x00, 0x00, 0x00,
    0x00, 0x00, 0x00, 0x00, 0x00, 0x00, 0x00, 0x00, 0x00, 0x00, 0x00, 0x00,
    0x00, 0x00, 0x00, 0x00, 0x00, 0x00, 0x00, 0x00, 0x00, 0x00, 0x00, 0x00,
    0x00, 0x00, 0x00, 0x00, 0x00, 0x00, 0x00, 0x00, 0x00, 0x00, 0x00, 0x00,
    0x00, 0x00, 0x00, 0x00, 0x00, 0x00, 0x00, 0x00, 0x00, 0x00, 0x00, 0x00,
    0x00, 0x00, 0x00, 0x00, 0x00, 0x00, 0x00, 0x00, 0x00, 0x00, 0x00, 0x00,
    0x00, 0x00, 0x00, 0x00, 0x00, 0x00, 0x00, 0x00, 0x00, 0x00, 0x00, 0x00,
    0x00, 0x00, 0x00, 0x00, 0x00, 0x00, 0x00, 0x00, 0x00, 0x00, 0x00, 0x00,
    0x00, 0x00, 0x00, 0x00, 0x00, 0x00, 0x00, 0x00, 0x00, 0x00, 0x00, 0x00,
    0x00, 0x00, 0x00, 0x00, 0x00, 0x00, 0x00, 0x00, 0x00, 0x00, 0x00, 0x00,
    0x00, 0x00, 0x00, 0x00, 0x00, 0x00, 0x00, 0x00, 0x00, 0x00, 0x00, 0x00,
    0x00, 0x00, 0x00, 0x00, 0x00, 0x00, 0x00, 0x00, 0x00, 0x00, 0x00, 0x00,
    0x00, 0x00, 0x00, 0x00, 0x00, 0x00, 0x00, 0x00, 0x00, 0x00, 0x00, 0x00,
    0x00, 0x00, 0x00, 0x00, 0x00, 0x00, 0x00, 0x00, 0x00, 0x00, 0x00, 0x00,
    0x00, 0x00, 0x00, 0x00, 0x00, 0x00, 0x00, 0x00, 0x00, 0x00, 0x00, 0x00,
    0x00, 0x00, 0x00, 0x00, 0x00, 0x00, 0x00, 0x00, 0x00, 0x00, 0x00, 0x00,
    0x00, 0x00, 0x00, 0x00, 0x00, 0x00, 0x00, 0x00, 0x00, 0x00, 0x00, 0x00,
    0x00, 0x00, 0x00, 0x00, 0x00, 0x00, 0x00, 0x00, 0x00, 0x00, 0x00, 0x00,
    0x00, 0x00, 0x00, 0x00, 0x00, 0x00, 0x00, 0x00, 0x00, 0x00, 0x00, 0x00,
    0x00, 0x00, 0x00, 0x00, 0x00, 0x00, 0x00, 0x00, 0x00, 0x00, 0x00, 0x00,
    0x00, 0x00, 0x00, 0x00, 0x00, 0x00, 0x00, 0x00, 0x00, 0x00, 0x00, 0x00,
    0x00, 0x00, 0x00, 0x00, 0x00, 0x00, 0x00, 0x00, 0x00, 0x00, 0x00, 0x00,
    0x00, 0x00, 0x00, 0x00, 0x00, 0x00, 0x00, 0x00, 0x00, 0x00, 0x00, 0x00,
    0x00, 0x00, 0x00, 0x00, 0x00, 0x00, 0x00, 0x00, 0x00, 0x00, 0x00, 0x00,
    0x00, 0x00, 0x00, 0x00, 0x00, 0x00, 0x00, 0x00, 0x00, 0x00, 0x00, 0x00,
    0x00, 0x00, 0x00, 0x00, 0x00, 0x00, 0x00, 0x00, 0x00, 0x00, 0x00, 0x00,
    0x00, 0x00, 0x00, 0x00, 0x00, 0x00, 0x00, 0x00, 0x00, 0x00, 0x00, 0x00,
    0x00, 0x00, 0x00, 0x00, 0x00, 0x00, 0x00, 0x00, 0x00, 0x00, 0x00, 0x00,
    0x00, 0x00, 0x00, 0x00, 0x00, 0x00, 0x00, 0x00, 0x00, 0x00, 0x00, 0x00,
    0x00, 0x00, 0x00, 0x00, 0x00, 0x00, 0x00, 0x00, 0x00, 0x00, 0x00, 0x00,
    0x00, 0x00, 0x00, 0x00, 0x00, 0x00, 0x00, 0x00, 0x00, 0x00, 0x00, 0x00,
    0x00, 0x00, 0x00, 0x00, 0x00, 0x00, 0x00, 0x00, 0x00, 0x00, 0x00, 0x00,
    0x00, 0x00, 0x00, 0x00, 0x00, 0x00, 0x00, 0x00, 0x00, 0x00, 0x00, 0x00,
    0x00, 0x00, 0x00, 0x00, 0x00, 0x00, 0x00, 0x00, 0x00, 0x00, 0x00, 0x00,
    0x00, 0x00, 0x00, 0x00, 0x00, 0x00, 0x00, 0x00, 0x00, 0x00, 0x00, 0x00,
    0x00, 0x00, 0x00, 0x00, 0x00, 0x00, 0x00, 0x00, 0x00, 0x00, 0x00, 0x00,
    0x00, 0x00, 0x00, 0x00, 0x00, 0x00, 0x00, 0x00, 0x00, 0x00, 0x00, 0x00,
    0x00, 0x00, 0x00, 0x00, 0x00, 0x00, 0x00, 0x00, 0x00, 0x00, 0x00, 0x00,
    0x00, 0x00, 0x00, 0x00, 0x00, 0x00, 0x00, 0x00, 0x00, 0x00, 0x00, 0x00,
    0x00, 0x00, 0x00, 0x00, 0x00, 0x00, 0x00, 0x00, 0x00, 0x00, 0x00, 0x00,
    0x00, 0x00, 0x00, 0x00, 0x00, 0x00, 0x00, 0x00, 0x00, 0x00, 0x00, 0x00,
    0x00, 0x00, 0x00, 0x00, 0x00, 0x00, 0x00, 0x00, 0x00, 0x00, 0x00, 0x00,
    0x00, 0x00, 0x00, 0x00, 0x00, 0x00, 0x00, 0x00, 0x00, 0x00, 0x00, 0x00,
    0x00, 0x00, 0x00, 0x00, 0x00, 0x00, 0x00, 0x00, 0x00, 0x00, 0x00, 0x00,
    0x00, 0x00, 0x00, 0x00, 0x00, 0x00, 0x00, 0x00, 0x00, 0x00, 0x00, 0x00,
    0x00, 0x00, 0x00, 0x00, 0x00, 0x00, 0x00, 0x00, 0x00, 0x00, 0x00, 0x00,
    0x00, 0x00, 0x00, 0x00, 0x00, 0x00, 0x00, 0x00, 0x00, 0x00, 0x00, 0x00,
    0x00, 0x00, 0x00, 0x00, 0x00, 0x00, 0x00, 0x00, 0x00, 0x00, 0x00, 0x00,
    0x00, 0x00, 0x00, 0x00, 0x00, 0x00, 0x00, 0x00, 0x00, 0x00, 0x00, 0x00,
    0x00, 0x00, 0x00, 0x00, 0x00, 0x00, 0x00, 0x00, 0x00, 0x00, 0x00, 0x00,
    0x00, 0x00, 0x00, 0x00, 0x00, 0x00, 0x00, 0x00, 0x00, 0x00, 0x00, 0x00,
    0x00, 0x00, 0x00, 0x00, 0x00, 0x00, 0x00, 0x00, 0x00, 0x00, 0x00, 0x00,
    0x00, 0x00, 0x00, 0x00, 0x00, 0x00, 0x00, 0x00, 0x00, 0x00, 0x00, 0x00,
    0x00, 0x00, 0x00, 0x00, 0x00, 0x00, 0x00, 0x00, 0x00, 0x00, 0x00, 0x00,
    0x00, 0x00, 0x00, 0x00, 0x00, 0x00, 0x00, 0x00, 0x00, 0x00, 0x00, 0x00,
    0x00, 0x00, 0x00, 0x00, 0x00, 0x00, 0x00, 0x00, 0x00, 0x00, 0x00, 0x00,
    0x00, 0x00, 0x00, 0x00, 0x00, 0x00, 0x00, 0x00, 0x00, 0x00, 0x00, 0x00,
    0x00, 0x00, 0x00, 0x00, 0x00, 0x00, 0x00, 0x00, 0x00, 0x00, 0x00, 0x00,
    0x00, 0x00, 0x00, 0x00, 0x00, 0x00, 0x00, 0x00, 0x00, 0x00, 0x00, 0x00,
    0x00, 0x00, 0x00, 0x00, 0x00, 0x00, 0x00, 0x00, 0x00, 0x00, 0x00, 0x00,
    0x00, 0x00, 0x00, 0x00, 0x00, 0x00, 0x00, 0x00, 0x00, 0x00, 0x00, 0x00,
    0x00, 0x00, 0x00, 0x00, 0x00, 0x00, 0x00, 0x00, 0x00, 0x00, 0x00, 0x00,
    0x00, 0x00, 0x00, 0x00, 0x00, 0x00, 0x00, 0x00, 0x00, 0x00, 0x00, 0x00,
    0x00, 0x00, 0x00, 0x00, 0x00, 0x00, 0x00, 0x00, 0x00, 0x00, 0x00, 0x00,
    0x00, 0x00, 0x00, 0x00, 0x00, 0x00, 0x00, 0x00, 0x00, 0x00, 0x00, 0x00,
    0x00, 0x00, 0x00, 0x00, 0x00, 0x00, 0x00, 0x00, 0x00, 0x00, 0x00, 0x00,
    0x00, 0x00, 0x00, 0x00, 0x00, 0x00, 0x00, 0x00, 0x00, 0x00, 0x00, 0x00,
    0x00, 0x00, 0x00, 0x00, 0x00, 0x00, 0x00, 0x00, 0x00, 0x00, 0x00, 0x00,
    0x00, 0x00, 0x00, 0x00, 0x00, 0x00, 0x00, 0x00, 0x00, 0x00, 0x00, 0x00,
    0x00, 0x00, 0x00, 0x00, 0x00, 0x00, 0x00, 0x00, 0x00, 0x00, 0x00, 0x00,
    0x00, 0x00, 0x00, 0x00, 0x00, 0x00, 0x00, 0x00, 0x00, 0x00, 0x00, 0x00,
    0x00, 0x00, 0x00, 0x00, 0x00, 0x00, 0x00, 0x00, 0x00, 0x00, 0x00, 0x00,
    0x00, 0x00, 0x00, 0x00, 0x00, 0x00, 0x00, 0x00, 0x00, 0x00, 0x00, 0x00,
    0x00, 0x00, 0x00, 0x00, 0x00, 0x00, 0x00, 0x00, 0x00, 0x00, 0x00, 0x00,
    0x00, 0x00, 0x00, 0x00, 0x00, 0x00, 0x00, 0x00, 0x00, 0x00, 0x00, 0x00,
    0x00, 0x00, 0x00, 0x00, 0x00, 0x00, 0x00, 0x00, 0x00, 0x00, 0x00, 0x00,
    0x00, 0x00, 0x00, 0x00, 0x00, 0x00, 0x00, 0x00, 0x00, 0x00, 0x00, 0x00,
    0x00, 0x00, 0x00, 0x00, 0x00, 0x00, 0x00, 0x00, 0x46, 0x55, 0x4A, 0x49,
    0xFF, 0xFF, 0xFF, 0xFF, 0xFF, 0xFF, 0x35, 0x80, 0x00, 0x80, 0x5C, 0x80,
    0x00, 0x00, 0x00, 0x00, 0x00, 0x00, 0x00, 0x00, 0x00, 0x00, 0x00, 0x00,
    0x00, 0x00, 0x00, 0x00, 0xCC, 0xCC, 0x33, 0x33, 0xCC, 0xCC, 0x33, 0x33,
    0xCC, 0xCC, 0x33, 0x33, 0xCC, 0xCC, 0x33, 0x33, 0x00, 0x18, 0x3C, 0x7E,
    0x18, 0x18, 0x18, 0x18, 0x00, 0x18, 0x3C, 0x7E, 0x18, 0x18, 0x18, 0x18,
    0x00, 0x10, 0x30, 0x7F, 0x7F, 0x30, 0x10, 0x00, 0x00, 0x10, 0x30, 0x7F,
    0x7F, 0x30, 0x10, 0x00, 0x0C, 0x12, 0x30, 0x7C, 0x30, 0x62, 0xFC, 0x00,
    0x0C, 0x12, 0x30, 0x7C, 0x30, 0x62, 0xFC, 0x00, 0x00, 0x00, 0x03, 0x3E,
    0x76, 0x36, 0x36, 0x00, 0x00, 0x00, 0x03, 0x3E, 0x76, 0x36, 0x36, 0x00,
    0x7F, 0x7F, 0x00, 0x00, 0x00, 0x00, 0x00, 0x00, 0x7F, 0x7F, 0x00, 0x00,
    0x00, 0x00, 0x00, 0x00, 0xE0, 0xE0, 0x60, 0x60, 0x60, 0x60, 0x60, 0x60,
    0xE0, 0xE0, 0x60, 0x60, 0x60, 0x60, 0x60, 0x60, 0x18, 0x18, 0x18, 0xF8,
    0xF8, 0x00, 0x00, 0x00, 0x18, 0x18, 0x18, 0xF8, 0xF8, 0x00, 0x00, 0x00,
    0xCC, 0x99, 0x33, 0x66, 0xCC, 0x99, 0x33, 0x66, 0xCC, 0x99, 0x33, 0x66,
    0xCC, 0x99, 0x33, 0x66, 0x33, 0x99, 0xCC, 0x66, 0x33, 0x99, 0xCC, 0x66,
    0x33, 0x99, 0xCC, 0x66, 0x33, 0x99, 0xCC, 0x66, 0x00, 0x00, 0x00, 0xFF,
    0xFF, 0x00, 0x00, 0x00, 0x00, 0x00, 0x00, 0xFF, 0xFF, 0x00, 0x00, 0x00,
    0x03, 0x03, 0x03, 0x03, 0x03, 0x03, 0x03, 0x03, 0x03, 0x03, 0x03, 0x03,
    0x03, 0x03, 0x03, 0x03, 0x00, 0x00, 0x00, 0x00, 0xCC, 0xCC, 0x33, 0x33,
    0x00, 0x00, 0x00, 0x00, 0xCC, 0xCC, 0x33, 0x33, 0x18, 0x18, 0x18, 0x18,
    0x18, 0x18, 0x18, 0x18, 0x18, 0x18, 0x18, 0x18, 0x18, 0x18, 0x18, 0x18,
    0x18, 0x18, 0x18, 0x1F, 0x1F, 0x18, 0x18, 0x18, 0x18, 0x18, 0x18, 0x1F,
    0x1F, 0x18, 0x18, 0x18, 0x18, 0x18, 0x18, 0xFF, 0xFF, 0x18, 0x18, 0x18,
    0x18, 0x18, 0x18, 0xFF, 0xFF, 0x18, 0x18, 0x18, 0x18, 0x18, 0x18, 0x1F,
    0x1F, 0x00, 0x00, 0x00, 0x18, 0x18, 0x18, 0x1F, 0x1F, 0x00, 0x00, 0x00,
    0x00, 0x00, 0x00, 0xF8, 0xF8, 0x18, 0x18, 0x18, 0x00, 0x00, 0x00, 0xF8,
    0xF8, 0x18, 0x18, 0x18, 0x00, 0x00, 0x00, 0x00, 0x00, 0x00, 0xFF, 0xFF,
    0x00, 0x00, 0x00, 0x00, 0x00, 0x00, 0xFF, 0xFF, 0x00, 0x00, 0x00, 0x1F,
    0x1F, 0x18, 0x18, 0x18, 0x00, 0x00, 0x00, 0x1F, 0x1F, 0x18, 0x18, 0x18,
    0x18, 0x18, 0x18, 0xFF, 0xFF, 0x00, 0x00, 0x00, 0x18, 0x18, 0x18, 0xFF,
    0xFF, 0x00, 0x00, 0x00, 0x00, 0x00, 0x00, 0xFF, 0xFF, 0x18, 0x18, 0x18,
    0x00, 0x00, 0x00, 0xFF, 0xFF, 0x18, 0x18, 0x18, 0x18, 0x18, 0x18, 0xF8,
    0xF8, 0x18, 0x18, 0x18, 0x18, 0x18, 0x18, 0xF8, 0xF8, 0x18, 0x18, 0x18,
    0xF0, 0xF0, 0xF0, 0xF0, 0xF0, 0xF0, 0xF0, 0xF0, 0xF0, 0xF0, 0xF0, 0xF0,
    0xF0, 0xF0, 0xF0, 0xF0, 0x00, 0x00, 0x00, 0x00, 0xFF, 0xFF, 0xFF, 0xFF,
    0x00, 0x00, 0x00, 0x00, 0xFF, 0xFF, 0xFF, 0xFF, 0x00, 0x00, 0x00, 0x00,
    0xF0, 0xF0, 0xF0, 0xF0, 0x00, 0x00, 0x00, 0x00, 0xF0, 0xF0, 0xF0, 0xF0,
    0xC0, 0xC0, 0x30, 0x30, 0xC0, 0xC0, 0x30, 0x30, 0xC0, 0xC0, 0x30, 0x30,
    0xC0, 0xC0, 0x30, 0x30, 0x0F, 0x0F, 0x0F, 0x0F, 0x00, 0x00, 0x00, 0x00,
    0x0F, 0x0F, 0x0F, 0x0F, 0x00, 0x00, 0x00, 0x00, 0x00, 0x00, 0x00, 0x00,
    0x0F, 0x0F, 0x0F, 0x0F, 0x00, 0x00, 0x00, 0x00, 0x0F, 0x0F, 0x0F, 0x0F,
    0xF0, 0xF0, 0xF0, 0xF0, 0x00, 0x00, 0x00, 0x00, 0xF0, 0xF0, 0xF0, 0xF0,
    0x00, 0x00, 0x00, 0x00, 0xF0, 0xF0, 0xF0, 0xF0, 0x0F, 0x0F, 0x0F, 0x0F,
    0xF0, 0xF0, 0xF0, 0xF0, 0x0F, 0x0F, 0x0F, 0x0F, 0x00, 0x00, 0x00, 0x00,
    0x00, 0x00, 0x00, 0x00, 0x00, 0x00, 0x00, 0x00, 0x00, 0x00, 0x00, 0x00,
    0x18, 0x18, 0x18, 0x18, 0x00, 0x00, 0x18, 0x00, 0x18, 0x18, 0x18, 0x18,
    0x00, 0x00, 0x18, 0x00, 0x66, 0x66, 0x66, 0x00, 0x00, 0x00, 0x00, 0x00,
    0x66, 0x66, 0x66, 0x00, 0x00, 0x00, 0x00, 0x00, 0x66, 0x66, 0xFF, 0x66,
    0xFF, 0x66, 0x66, 0x00, 0x66, 0x66, 0xFF, 0x66, 0xFF, 0x66, 0x66, 0x00,
    0x18, 0x3E, 0x60, 0x3C, 0x06, 0x7C, 0x18, 0x00, 0x18, 0x3E, 0x60, 0x3C,
    0x06, 0x7C, 0x18, 0x00, 0x00, 0x66, 0x0C, 0x18, 0x30, 0x66, 0x46, 0x00,
    0x00, 0x66, 0x0C, 0x18, 0x30, 0x66, 0x46, 0x00, 0x3C, 0x66, 0x3C, 0x38,
    0x67, 0x66, 0x3F, 0x00, 0x3C, 0x66, 0x3C, 0x38, 0x67, 0x66, 0x3F, 0x00,
    0x06, 0x0C, 0x18, 0x00, 0x00, 0x00, 0x00, 0x00, 0x06, 0x0C, 0x18, 0x00,
    0x00, 0x00, 0x00, 0x00, 0x0C, 0x18, 0x30, 0x30, 0x30, 0x18, 0x0C, 0x00,
    0x0C, 0x18, 0x30, 0x30, 0x30, 0x18, 0x0C, 0x00, 0x30, 0x18, 0x0C, 0x0C,
    0x0C, 0x18, 0x30, 0x00, 0x30, 0x18, 0x0C, 0x0C, 0x0C, 0x18, 0x30, 0x00,
    0x00, 0x66, 0x3C, 0xFF, 0x3C, 0x66, 0x00, 0x00, 0x00, 0x66, 0x3C, 0xFF,
    0x3C, 0x66, 0x00, 0x00, 0x00, 0x18, 0x18, 0x7E, 0x18, 0x18, 0x00, 0x00,
    0x00, 0x18, 0x18, 0x7E, 0x18, 0x18, 0x00, 0x00, 0x00, 0x00, 0x00, 0x00,
    0x00, 0x18, 0x18, 0x30, 0x00, 0x00, 0x00, 0x00, 0x00, 0x18, 0x18, 0x30,
    0x00, 0x00, 0x00, 0x7E, 0x00, 0x00, 0x00, 0x00, 0x00, 0x00, 0x00, 0x7E,
    0x00, 0x00, 0x00, 0x00, 0x00, 0x00, 0x00, 0x00, 0x00, 0x18, 0x18, 0x00,
    0x00, 0x00, 0x00, 0x00, 0x00, 0x18, 0x18, 0x00, 0x00, 0x03, 0x06, 0x0C,
    0x18, 0x30, 0x60, 0x00, 0x00, 0x03, 0x06, 0x0C, 0x18, 0x30, 0x60, 0x00,
    0x3C, 0x66, 0x6E, 0x76, 0x66, 0x66, 0x3C, 0x00, 0x3C, 0x66, 0x6E, 0x76,
    0x66, 0x66, 0x3C, 0x00, 0x18, 0x18, 0x38, 0x18, 0x18, 0x18, 0x7E, 0x00,
    0x18, 0x18, 0x38, 0x18, 0x18, 0x18, 0x7E, 0x00, 0x3C, 0x66, 0x06, 0x0C,
    0x30, 0x60, 0x7E, 0x00, 0x3C, 0x66, 0x06, 0x0C, 0x30, 0x60, 0x7E, 0x00,
    0x3C, 0x66, 0x06, 0x1C, 0x06, 0x66, 0x3C, 0x00, 0x3C, 0x66, 0x06, 0x1C,
    0x06, 0x66, 0x3C, 0x00, 0x06, 0x0E, 0x1E, 0x66, 0x7F, 0x06, 0x06, 0x00,
    0x06, 0x0E, 0x1E, 0x66, 0x7F, 0x06, 0x06, 0x00, 0x7E, 0x60, 0x7C, 0x06,
    0x06, 0x66, 0x3C, 0x00, 0x7E, 0x60, 0x7C, 0x06, 0x06, 0x66, 0x3C, 0x00,
    0x3C, 0x66, 0x60, 0x7C, 0x66, 0x66, 0x3C, 0x00, 0x3C, 0x66, 0x60, 0x7C,
    0x66, 0x66, 0x3C, 0x00, 0x7E, 0x66, 0x0C, 0x18, 0x18, 0x18, 0x18, 0x00,
    0x7E, 0x66, 0x0C, 0x18, 0x18, 0x18, 0x18, 0x00, 0x3C, 0x66, 0x66, 0x3C,
    0x66, 0x66, 0x3C, 0x00, 0x3C, 0x66, 0x66, 0x3C, 0x66, 0x66, 0x3C, 0x00,
    0x3C, 0x66, 0x66, 0x3E, 0x06, 0x66, 0x3C, 0x00, 0x3C, 0x66, 0x66, 0x3E,
    0x06, 0x66, 0x3C, 0x00, 0x00, 0x00, 0x18, 0x00, 0x00, 0x18, 0x00, 0x00,
    0x00, 0x00, 0x18, 0x00, 0x00, 0x18, 0x00, 0x00, 0x00, 0x00, 0x18, 0x00,
    0x00, 0x18, 0x18, 0x30, 0x00, 0x00, 0x18, 0x00, 0x00, 0x18, 0x18, 0x30,
    0x0E, 0x18, 0x30, 0x60, 0x30, 0x18, 0x0E, 0x00, 0x0E, 0x18, 0x30, 0x60,
    0x30, 0x18, 0x0E, 0x00, 0x00, 0x00, 0x7E, 0x00, 0x7E, 0x00, 0x00, 0x00,
    0x00, 0x00, 0x7E, 0x00, 0x7E, 0x00, 0x00, 0x00, 0x70, 0x18, 0x0C, 0x06,
    0x0C, 0x18, 0x70, 0x00, 0x70, 0x18, 0x0C, 0x06, 0x0C, 0x18, 0x70, 0x00,
    0x3C, 0x66, 0x06, 0x0C, 0x18, 0x00, 0x18, 0x00, 0x3C, 0x66, 0x06, 0x0C,
    0x18, 0x00, 0x18, 0x00, 0x3C, 0x66, 0x6E, 0x6E, 0x60, 0x62, 0x3C, 0x00,
    0x3C, 0x66, 0x6E, 0x6E, 0x60, 0x62, 0x3C, 0x00, 0x18, 0x3C, 0x66, 0x7E,
    0x66, 0x66, 0x66, 0x00, 0x18, 0x3C, 0x66, 0x7E, 0x66, 0x66, 0x66, 0x00,
    0x7C, 0x66, 0x66, 0x7C, 0x66, 0x66, 0x7C, 0x00, 0x7C, 0x66, 0x66, 0x7C,
    0x66, 0x66, 0x7C, 0x00, 0x3C, 0x66, 0x60, 0x60, 0x60, 0x66, 0x3C, 0x00,
    0x3C, 0x66, 0x60, 0x60, 0x60, 0x66, 0x3C, 0x00, 0x78, 0x6C, 0x66, 0x66,
    0x66, 0x6C, 0x78, 0x00, 0x78, 0x6C, 0x66, 0x66, 0x66, 0x6C, 0x78, 0x00,
    0x7E, 0x60, 0x60, 0x78, 0x60, 0x60, 0x7E, 0x00, 0x7E, 0x60, 0x60, 0x78,
    0x60, 0x60, 0x7E, 0x00, 0x7E, 0x60, 0x60, 0x78, 0x60, 0x60, 0x60, 0x00,
    0x7E, 0x60, 0x60, 0x78, 0x60, 0x60, 0x60, 0x00, 0x3C, 0x66, 0x60, 0x6E,
    0x66, 0x66, 0x3C, 0x00, 0x3C, 0x66, 0x60, 0x6E, 0x66, 0x66, 0x3C, 0x00,
    0x66, 0x66, 0x66, 0x7E, 0x66, 0x66, 0x66, 0x00, 0x66, 0x66, 0x66, 0x7E,
    0x66, 0x66, 0x66, 0x00, 0x3C, 0x18, 0x18, 0x18, 0x18, 0x18, 0x3C, 0x00,
    0x3C, 0x18, 0x18, 0x18, 0x18, 0x18, 0x3C, 0x00, 0x1E, 0x0C, 0x0C, 0x0C,
    0x0C, 0x6C, 0x38, 0x00, 0x1E, 0x0C, 0x0C, 0x0C, 0x0C, 0x6C, 0x38, 0x00,
    0x66, 0x6C, 0x78, 0x70, 0x78, 0x6C, 0x66, 0x00, 0x66, 0x6C, 0x78, 0x70,
    0x78, 0x6C, 0x66, 0x00, 0x60, 0x60, 0x60, 0x60, 0x60, 0x60, 0x7E, 0x00,
    0x60, 0x60, 0x60, 0x60, 0x60, 0x60, 0x7E, 0x00, 0x63, 0x77, 0x7F, 0x6B,
    0x63, 0x63, 0x63, 0x00, 0x63, 0x77, 0x7F, 0x6B, 0x63, 0x63, 0x63, 0x00,
    0x66, 0x76, 0x7E, 0x7E, 0x6E, 0x66, 0x66, 0x00, 0x66, 0x76, 0x7E, 0x7E,
    0x6E, 0x66, 0x66, 0x00, 0x3C, 0x66, 0x66, 0x66, 0x66, 0x66, 0x3C, 0x00,
    0x3C, 0x66, 0x66, 0x66, 0x66, 0x66, 0x3C, 0x00, 0x7C, 0x66, 0x66, 0x7C,
    0x60, 0x60, 0x60, 0x00, 0x7C, 0x66, 0x66, 0x7C, 0x60, 0x60, 0x60, 0x00,
    0x3C, 0x66, 0x66, 0x66, 0x66, 0x3C, 0x0E, 0x00, 0x3C, 0x66, 0x66, 0x66,
    0x66, 0x3C, 0x0E, 0x00, 0x7C, 0x66, 0x66, 0x7C, 0x78, 0x6C, 0x66, 0x00,
    0x7C, 0x66, 0x66, 0x7C, 0x78, 0x6C, 0x66, 0x00, 0x3C, 0x66, 0x60, 0x3C,
    0x06, 0x66, 0x3C, 0x00, 0x3C, 0x66, 0x60, 0x3C, 0x06, 0x66, 0x3C, 0x00,
    0x7E, 0x18, 0x18, 0x18, 0x18, 0x18, 0x18, 0x00, 0x7E, 0x18, 0x18, 0x18,
    0x18, 0x18, 0x18, 0x00, 0x66, 0x66, 0x66, 0x66, 0x66, 0x66, 0x3C, 0x00,
    0x66, 0x66, 0x66, 0x66, 0x66, 0x66, 0x3C, 0x00, 0x66, 0x66, 0x66, 0x66,
    0x66, 0x3C, 0x18, 0x00, 0x66, 0x66, 0x66, 0x66, 0x66, 0x3C, 0x18, 0x00,
    0x63, 0x63, 0x63, 0x6B, 0x7F, 0x77, 0x63, 0x00, 0x63, 0x63, 0x63, 0x6B,
    0x7F, 0x77, 0x63, 0x00, 0x66, 0x66, 0x3C, 0x18, 0x3C, 0x66, 0x66, 0x00,
    0x66, 0x66, 0x3C, 0x18, 0x3C, 0x66, 0x66, 0x00, 0x66, 0x66, 0x66, 0x3C,
    0x18, 0x18, 0x18, 0x00, 0x66, 0x66, 0x66, 0x3C, 0x18, 0x18, 0x18, 0x00,
    0x7E, 0x06, 0x0C, 0x18, 0x30, 0x60, 0x7E, 0x00, 0x7E, 0x06, 0x0C, 0x18,
    0x30, 0x60, 0x7E, 0x00, 0x3C, 0x30, 0x30, 0x30, 0x30, 0x30, 0x3C, 0x00,
    0x3C, 0x30, 0x30, 0x30, 0x30, 0x30, 0x3C, 0x00, 0x60, 0x30, 0x18, 0x0C,
    0x06, 0x03, 0x00, 0x00, 0x60, 0x30, 0x18, 0x0C, 0x06, 0x03, 0x00, 0x00,
    0x3C, 0x0C, 0x0C, 0x0C, 0x0C, 0x0C, 0x3C, 0x00, 0x3C, 0x0C, 0x0C, 0x0C,
    0x0C, 0x0C, 0x3C, 0x00, 0x00, 0x18, 0x3C, 0x66, 0x00, 0x00, 0x00, 0x00,
    0x00, 0x18, 0x3C, 0x66, 0x00, 0x00, 0x00, 0x00, 0x00, 0x00, 0x00, 0x00,
    0x00, 0x00, 0x7F, 0x00, 0x00, 0x00, 0x00, 0x00, 0x00, 0x00, 0x7F, 0x00,
    0x18, 0x18, 0x18, 0x00, 0x00, 0x00, 0x00, 0x00, 0x18, 0x18, 0x18, 0x00,
    0x00, 0x00, 0x00, 0x00, 0x00, 0x00, 0x3C, 0x06, 0x3E, 0x66, 0x3E, 0x00,
    0x00, 0x00, 0x3C, 0x06, 0x3E, 0x66, 0x3E, 0x00, 0x00, 0x60, 0x60, 0x7C,
    0x66, 0x66, 0x7C, 0x00, 0x00, 0x60, 0x60, 0x7C, 0x66, 0x66, 0x7C, 0x00,
    0x00, 0x00, 0x3C, 0x60, 0x60, 0x60, 0x3C, 0x00, 0x00, 0x00, 0x3C, 0x60,
    0x60, 0x60, 0x3C, 0x00, 0x00, 0x06, 0x06, 0x3E, 0x66, 0x66, 0x3E, 0x00,
    0x00, 0x06, 0x06, 0x3E, 0x66, 0x66, 0x3E, 0x00, 0x00, 0x00, 0x3C, 0x66,
    0x7E, 0x60, 0x3C, 0x00, 0x00, 0x00, 0x3C, 0x66, 0x7E, 0x60, 0x3C, 0x00,
    0x00, 0x0E, 0x18, 0x3E, 0x18, 0x18, 0x18, 0x00, 0x00, 0x0E, 0x18, 0x3E,
    0x18, 0x18, 0x18, 0x00, 0x00, 0x00, 0x3E, 0x66, 0x66, 0x3E, 0x06, 0x7C,
    0x00, 0x00, 0x3E, 0x66, 0x66, 0x3E, 0x06, 0x7C, 0x00, 0x60, 0x60, 0x7C,
    0x66, 0x66, 0x66, 0x00, 0x00, 0x60, 0x60, 0x7C, 0x66, 0x66, 0x66, 0x00,
    0x00, 0x18, 0x00, 0x38, 0x18, 0x18, 0x3C, 0x00, 0x00, 0x18, 0x00, 0x38,
    0x18, 0x18, 0x3C, 0x00, 0x00, 0x06, 0x00, 0x06, 0x06, 0x06, 0x06, 0x3C,
    0x00, 0x06, 0x00, 0x06, 0x06, 0x06, 0x06, 0x3C, 0x00, 0x60, 0x60, 0x6C,
    0x78, 0x6C, 0x66, 0x00, 0x00, 0x60, 0x60, 0x6C, 0x78, 0x6C, 0x66, 0x00,
    0x00, 0x38, 0x18, 0x18, 0x18, 0x18, 0x3C, 0x00, 0x00, 0x38, 0x18, 0x18,
    0x18, 0x18, 0x3C, 0x00, 0x00, 0x00, 0x66, 0x7F, 0x7F, 0x6B, 0x63, 0x00,
    0x00, 0x00, 0x66, 0x7F, 0x7F, 0x6B, 0x63, 0x00, 0x00, 0x00, 0x7C, 0x66,
    0x66, 0x66, 0x66, 0x00, 0x00, 0x00, 0x7C, 0x66, 0x66, 0x66, 0x66, 0x00,
    0x00, 0x00, 0x3C, 0x66, 0x66, 0x66, 0x3C, 0x00, 0x00, 0x00, 0x3C, 0x66,
    0x66, 0x66, 0x3C, 0x00, 0x00, 0x00, 0x7C, 0x66, 0x66, 0x7C, 0x60, 0x60,
    0x00, 0x00, 0x7C, 0x66, 0x66, 0x7C, 0x60, 0x60, 0x00, 0x00, 0x3E, 0x66,
    0x66, 0x3E, 0x06, 0x06, 0x00, 0x00, 0x3E, 0x66, 0x66, 0x3E, 0x06, 0x06,
    0x00, 0x00, 0x7C, 0x66, 0x60, 0x60, 0x60, 0x00, 0x00, 0x00, 0x7C, 0x66,
    0x60, 0x60, 0x60, 0x00, 0x00, 0x00, 0x3E, 0x60, 0x3C, 0x06, 0x7C, 0x00,
    0x00, 0x00, 0x3E, 0x60, 0x3C, 0x06, 0x7C, 0x00, 0x00, 0x18, 0x7E, 0x18,
    0x18, 0x18, 0x0E, 0x00, 0x00, 0x18, 0x7E, 0x18, 0x18, 0x18, 0x0E, 0x00,
    0x00, 0x00, 0x66, 0x66, 0x66, 0x66, 0x3E, 0x00, 0x00, 0x00, 0x66, 0x66,
    0x66, 0x66, 0x3E, 0x00, 0x00, 0x00, 0x66, 0x66, 0x66, 0x3C, 0x18, 0x00,
    0x00, 0x00, 0x66, 0x66, 0x66, 0x3C, 0x18, 0x00, 0x00, 0x00, 0x63, 0x6B,
    0x7F, 0x3E, 0x36, 0x00, 0x00, 0x00, 0x63, 0x6B, 0x7F, 0x3E, 0x36, 0x00,
    0x00, 0x00, 0x66, 0x3C, 0x18, 0x3C, 0x66, 0x00, 0x00, 0x00, 0x66, 0x3C,
    0x18, 0x3C, 0x66, 0x00, 0x00, 0x00, 0x66, 0x66, 0x66, 0x3E, 0x0C, 0x78,
    0x00, 0x00, 0x66, 0x66, 0x66, 0x3E, 0x0C, 0x78, 0x00, 0x00, 0x7E, 0x0C,
    0x18, 0x30, 0x7E, 0x00, 0x00, 0x00, 0x7E, 0x0C, 0x18, 0x30, 0x7E, 0x00,
    0x1C, 0x30, 0x18, 0x70, 0x18, 0x30, 0x1C, 0x00, 0x1C, 0x30, 0x18, 0x70,
    0x18, 0x30, 0x1C, 0x00, 0x18, 0x18, 0x18, 0x00, 0x00, 0x18, 0x18, 0x18,
    0x18, 0x18, 0x18, 0x00, 0x00, 0x18, 0x18, 0x18, 0x38, 0x0C, 0x18, 0x0E,
    0x18, 0x0C, 0x38, 0x00, 0x38, 0x0C, 0x18, 0x0E, 0x18, 0x0C, 0x38, 0x00,
    0x33, 0xFF, 0xCC, 0x00, 0x00, 0x00, 0x00, 0x00, 0x33, 0xFF, 0xCC, 0x00,
    0x00, 0x00, 0x00, 0x00, 0x00, 0x00, 0x00, 0x00, 0x00, 0x00, 0x00, 0x00,
    0x00, 0x00, 0x00, 0x00, 0x00, 0x00, 0x00, 0x00, 0xFF, 0xFF, 0xFF, 0xFF,
    0xFF, 0xFF, 0xFF, 0xFF, 0xFF, 0xFF, 0xFF, 0xFF, 0xFF, 0xFF, 0xFF, 0xFF,
    0x33, 0x33, 0xCC, 0xCC, 0x33, 0x33, 0xCC, 0xCC, 0x33, 0x33, 0xCC, 0xCC,
    0x33, 0x33, 0xCC, 0xCC, 0xFF, 0xE7, 0xC3, 0x81, 0xE7, 0xE7, 0xE7, 0xE7,
    0xFF, 0xE7, 0xC3, 0x81, 0xE7, 0xE7, 0xE7, 0xE7, 0xFF, 0xEF, 0xCF, 0x80,
    0x80, 0xCF, 0xEF, 0xFF, 0xFF, 0xEF, 0xCF, 0x80, 0x80, 0xCF, 0xEF, 0xFF,
    0xF3, 0xED, 0xCF, 0x83, 0xCF, 0x9D, 0x03, 0xFF, 0xF3, 0xED, 0xCF, 0x83,
    0xCF, 0x9D, 0x03, 0xFF, 0xFF, 0xFF, 0xFC, 0xC1, 0x89, 0xC9, 0xC9, 0xFF,
    0xFF, 0xFF, 0xFC, 0xC1, 0x89, 0xC9, 0xC9, 0xFF, 0x80, 0x80, 0xFF, 0xFF,
    0xFF, 0xFF, 0xFF, 0xFF, 0x80, 0x80, 0xFF, 0xFF, 0xFF, 0xFF, 0xFF, 0xFF,
    0x1F, 0x1F, 0x9F, 0x9F, 0x9F, 0x9F, 0x9F, 0x9F, 0x1F, 0x1F, 0x9F, 0x9F,
    0x9F, 0x9F, 0x9F, 0x9F, 0xE7, 0xE7, 0xE7, 0x07, 0x07, 0xFF, 0xFF, 0xFF,
    0xE7, 0xE7, 0xE7, 0x07, 0x07, 0xFF, 0xFF, 0xFF, 0x33, 0x66, 0xCC, 0x99,
    0x33, 0x66, 0xCC, 0x99, 0x33, 0x66, 0xCC, 0x99, 0x33, 0x66, 0xCC, 0x99,
    0xCC, 0x66, 0x33, 0x99, 0xCC, 0x66, 0x33, 0x99, 0xCC, 0x66, 0x33, 0x99,
    0xCC, 0x66, 0x33, 0x99, 0xFF, 0xFF, 0xFF, 0x00, 0x00, 0xFF, 0xFF, 0xFF,
    0xFF, 0xFF, 0xFF, 0x00, 0x00, 0xFF, 0xFF, 0xFF, 0xFC, 0xFC, 0xFC, 0xFC,
    0xFC, 0xFC, 0xFC, 0xFC, 0xFC, 0xFC, 0xFC, 0xFC, 0xFC, 0xFC, 0xFC, 0xFC,
    0xFF, 0xFF, 0xFF, 0xFF, 0x33, 0x33, 0xCC, 0xCC, 0xFF, 0xFF, 0xFF, 0xFF,
    0x33, 0x33, 0xCC, 0xCC, 0xE7, 0xE7, 0xE7, 0xE7, 0xE7, 0xE7, 0xE7, 0xE7,
    0xE7, 0xE7, 0xE7, 0xE7, 0xE7, 0xE7, 0xE7, 0xE7, 0xE7, 0xE7, 0xE7, 0xE0,
    0xE0, 0xE7, 0xE7, 0xE7, 0xE7, 0xE7, 0xE7, 0xE0, 0xE0, 0xE7, 0xE7, 0xE7,
    0xE7, 0xE7, 0xE7, 0x00, 0x00, 0xE7, 0xE7, 0xE7, 0xE7, 0xE7, 0xE7, 0x00,
    0x00, 0xE7, 0xE7, 0xE7, 0xE7, 0xE7, 0xE7, 0xE0, 0xE0, 0xFF, 0xFF, 0xFF,
    0xE7, 0xE7, 0xE7, 0xE0, 0xE0, 0xFF, 0xFF, 0xFF, 0xFF, 0xFF, 0xFF, 0x07,
    0x07, 0xE7, 0xE7, 0xE7, 0xFF, 0xFF, 0xFF, 0x07, 0x07, 0xE7, 0xE7, 0xE7,
    0xFF, 0xFF, 0xFF, 0xFF, 0xFF, 0xFF, 0x00, 0x00, 0xFF, 0xFF, 0xFF, 0xFF,
    0xFF, 0xFF, 0x00, 0x00, 0xFF, 0xFF, 0xFF, 0xE0, 0xE0, 0xE7, 0xE7, 0xE7,
    0xFF, 0xFF, 0xFF, 0xE0, 0xE0, 0xE7, 0xE7, 0xE7, 0xE7, 0xE7, 0xE7, 0x00,
    0x00, 0xFF, 0xFF, 0xFF, 0xE7, 0xE7, 0xE7, 0x00, 0x00, 0xFF, 0xFF, 0xFF,
    0xFF, 0xFF, 0xFF, 0x00, 0x00, 0xE7, 0xE7, 0xE7, 0xFF, 0xFF, 0xFF, 0x00,
    0x00, 0xE7, 0xE7, 0xE7, 0xE7, 0xE7, 0xE7, 0x07, 0x07, 0xE7, 0xE7, 0xE7,
    0xE7, 0xE7, 0xE7, 0x07, 0x07, 0xE7, 0xE7, 0xE7, 0x0F, 0x0F, 0x0F, 0x0F,
    0x0F, 0x0F, 0x0F, 0x0F, 0x0F, 0x0F, 0x0F, 0x0F, 0x0F, 0x0F, 0x0F, 0x0F,
    0xFF, 0xFF, 0xFF, 0xFF, 0x00, 0x00, 0x00, 0x00, 0xFF, 0xFF, 0xFF, 0xFF,
    0x00, 0x00, 0x00, 0x00, 0xFF, 0xFF, 0xFF, 0xFF, 0x0F, 0x0F, 0x0F, 0x0F,
    0xFF, 0xFF, 0xFF, 0xFF, 0x0F, 0x0F, 0x0F, 0x0F, 0x3F, 0x3F, 0xCF, 0xCF,
    0x3F, 0x3F, 0xCF, 0xCF, 0x3F, 0x3F, 0xCF, 0xCF, 0x3F, 0x3F, 0xCF, 0xCF,
    0xF0, 0xF0, 0xF0, 0xF0, 0xFF, 0xFF, 0xFF, 0xFF, 0xF0, 0xF0, 0xF0, 0xF0,
    0xFF, 0xFF, 0xFF, 0xFF, 0xFF, 0xFF, 0xFF, 0xFF, 0xF0, 0xF0, 0xF0, 0xF0,
    0xFF, 0xFF, 0xFF, 0xFF, 0xF0, 0xF0, 0xF0, 0xF0, 0x0F, 0x0F, 0x0F, 0x0F,
    0xFF, 0xFF, 0xFF, 0xFF, 0x0F, 0x0F, 0x0F, 0x0F, 0xFF, 0xFF, 0xFF, 0xFF,
    0x0F, 0x0F, 0x0F, 0x0F, 0xF0, 0xF0, 0xF0, 0xF0, 0x0F, 0x0F, 0x0F, 0x0F,
    0xF0, 0xF0, 0xF0, 0xF0, 0xFF, 0xFF, 0xFF, 0xFF, 0xFF, 0xFF, 0xFF, 0xFF,
    0xFF, 0xFF, 0xFF, 0xFF, 0xFF, 0xFF, 0xFF, 0xFF, 0xE7, 0xE7, 0xE7, 0xE7,
    0xFF, 0xFF, 0xE7, 0xFF, 0xE7, 0xE7, 0xE7, 0xE7, 0xFF, 0xFF, 0xE7, 0xFF,
    0x99, 0x99, 0x99, 0xFF, 0xFF, 0xFF, 0xFF, 0xFF, 0x99, 0x99, 0x99, 0xFF,
    0xFF, 0xFF, 0xFF, 0xFF, 0x99, 0x99, 0x00, 0x99, 0x00, 0x99, 0x99, 0xFF,
    0x99, 0x99, 0x00, 0x99, 0x00, 0x99, 0x99, 0xFF, 0xE7, 0xC1, 0x9F, 0xC3,
    0xF9, 0x83, 0xE7, 0xFF, 0xE7, 0xC1, 0x9F, 0xC3, 0xF9, 0x83, 0xE7, 0xFF,
    0xFF, 0x99, 0xF3, 0xE7, 0xCF, 0x99, 0xB9, 0xFF, 0xFF, 0x99, 0xF3, 0xE7,
    0xCF, 0x99, 0xB9, 0xFF, 0xC3, 0x99, 0xC3, 0xC7, 0x98, 0x99, 0xC0, 0xFF,
    0xC3, 0x99, 0xC3, 0xC7, 0x98, 0x99, 0xC0, 0xFF, 0xF9, 0xF3, 0xE7, 0xFF,
    0xFF, 0xFF, 0xFF, 0xFF, 0xF9, 0xF3, 0xE7, 0xFF, 0xFF, 0xFF, 0xFF, 0xFF,
    0xF3, 0xE7, 0xCF, 0xCF, 0xCF, 0xE7, 0xF3, 0xFF, 0xF3, 0xE7, 0xCF, 0xCF,
    0xCF, 0xE7, 0xF3, 0xFF, 0xCF, 0xE7, 0xF3, 0xF3, 0xF3, 0xE7, 0xCF, 0xFF,
    0xCF, 0xE7, 0xF3, 0xF3, 0xF3, 0xE7, 0xCF, 0xFF, 0xFF, 0x99, 0xC3, 0x00,
    0xC3, 0x99, 0xFF, 0xFF, 0xFF, 0x99, 0xC3, 0x00, 0xC3, 0x99, 0xFF, 0xFF,
    0xFF, 0xE7, 0xE7, 0x81, 0xE7, 0xE7, 0xFF, 0xFF, 0xFF, 0xE7, 0xE7, 0x81,
    0xE7, 0xE7, 0xFF, 0xFF, 0xFF, 0xFF, 0xFF, 0xFF, 0xFF, 0xE7, 0xE7, 0xCF,
    0xFF, 0xFF, 0xFF, 0xFF, 0xFF, 0xE7, 0xE7, 0xCF, 0xFF, 0xFF, 0xFF, 0x81,
    0xFF, 0xFF, 0xFF, 0xFF, 0xFF, 0xFF, 0xFF, 0x81, 0xFF, 0xFF, 0xFF, 0xFF,
    0xFF, 0xFF, 0xFF, 0xFF, 0xFF, 0xE7, 0xE7, 0xFF, 0xFF, 0xFF, 0xFF, 0xFF,
    0xFF, 0xE7, 0xE7, 0xFF, 0xFF, 0xFC, 0xF9, 0xF3, 0xE7, 0xCF, 0x9F, 0xFF,
    0xFF, 0xFC, 0xF9, 0xF3, 0xE7, 0xCF, 0x9F, 0xFF, 0xC3, 0x99, 0x91, 0x89,
    0x99, 0x99, 0xC3, 0xFF, 0xC3, 0x99, 0x91, 0x89, 0x99, 0x99, 0xC3, 0xFF,
    0xE7, 0xE7, 0xC7, 0xE7, 0xE7, 0xE7, 0x81, 0xFF, 0xE7, 0xE7, 0xC7, 0xE7,
    0xE7, 0xE7, 0x81, 0xFF, 0xC3, 0x99, 0xF9, 0xF3, 0xCF, 0x9F, 0x81, 0xFF,
    0xC3, 0x99, 0xF9, 0xF3, 0xCF, 0x9F, 0x81, 0xFF, 0xC3, 0x99, 0xF9, 0xE3,
    0xF9, 0x99, 0xC3, 0xFF, 0xC3, 0x99, 0xF9, 0xE3, 0xF9, 0x99, 0xC3, 0xFF,
    0xF9, 0xF1, 0xE1, 0x99, 0x80, 0xF9, 0xF9, 0xFF, 0xF9, 0xF1, 0xE1, 0x99,
    0x80, 0xF9, 0xF9, 0xFF, 0x81, 0x9F, 0x83, 0xF9, 0xF9, 0x99, 0xC3, 0xFF,
    0x81, 0x9F, 0x83, 0xF9, 0xF9, 0x99, 0xC3, 0xFF, 0xC3, 0x99, 0x9F, 0x83,
    0x99, 0x99, 0xC3, 0xFF, 0xC3, 0x99, 0x9F, 0x83, 0x99, 0x99, 0xC3, 0xFF,
    0x81, 0x99, 0xF3, 0xE7, 0xE7, 0xE7, 0xE7, 0xFF, 0x81, 0x99, 0xF3, 0xE7,
    0xE7, 0xE7, 0xE7, 0xFF, 0xC3, 0x99, 0x99, 0xC3, 0x99, 0x99, 0xC3, 0xFF,
    0xC3, 0x99, 0x99, 0xC3, 0x99, 0x99, 0xC3, 0xFF, 0xC3, 0x99, 0x99, 0xC1,
    0xF9, 0x99, 0xC3, 0xFF, 0xC3, 0x99, 0x99, 0xC1, 0xF9, 0x99, 0xC3, 0xFF,
    0xFF, 0xFF, 0xE7, 0xFF, 0xFF, 0xE7, 0xFF, 0xFF, 0xFF, 0xFF, 0xE7, 0xFF,
    0xFF, 0xE7, 0xFF, 0xFF, 0xFF, 0xFF, 0xE7, 0xFF, 0xFF, 0xE7, 0xE7, 0xCF,
    0xFF, 0xFF, 0xE7, 0xFF, 0xFF, 0xE7, 0xE7, 0xCF, 0xF1, 0xE7, 0xCF, 0x9F,
    0xCF, 0xE7, 0xF1, 0xFF, 0xF1, 0xE7, 0xCF, 0x9F, 0xCF, 0xE7, 0xF1, 0xFF,
    0xFF, 0xFF, 0x81, 0xFF, 0x81, 0xFF, 0xFF, 0xFF, 0xFF, 0xFF, 0x81, 0xFF,
    0x81, 0xFF, 0xFF, 0xFF, 0x8F, 0xE7, 0xF3, 0xF9, 0xF3, 0xE7, 0x8F, 0xFF,
    0x8F, 0xE7, 0xF3, 0xF9, 0xF3, 0xE7, 0x8F, 0xFF, 0xC3, 0x99, 0xF9, 0xF3,
    0xE7, 0xFF, 0xE7, 0xFF, 0xC3, 0x99, 0xF9, 0xF3, 0xE7, 0xFF, 0xE7, 0xFF,
    0xC3, 0x99, 0x91, 0x91, 0x9F, 0x9D, 0xC3, 0xFF, 0xC3, 0x99, 0x91, 0x91,
    0x9F, 0x9D, 0xC3, 0xFF, 0xE7, 0xC3, 0x99, 0x81, 0x99, 0x99, 0x99, 0xFF,
    0xE7, 0xC3, 0x99, 0x81, 0x99, 0x99, 0x99, 0xFF, 0x83, 0x99, 0x99, 0x83,
    0x99, 0x99, 0x83, 0xFF, 0x83, 0x99, 0x99, 0x83, 0x99, 0x99, 0x83, 0xFF,
    0xC3, 0x99, 0x9F, 0x9F, 0x9F, 0x99, 0xC3, 0xFF, 0xC3, 0x99, 0x9F, 0x9F,
    0x9F, 0x99, 0xC3, 0xFF, 0x87, 0x93, 0x99, 0x99, 0x99, 0x93, 0x87, 0xFF,
    0x87, 0x93, 0x99, 0x99, 0x99, 0x93, 0x87, 0xFF, 0x81, 0x9F, 0x9F, 0x87,
    0x9F, 0x9F, 0x81, 0xFF, 0x81, 0x9F, 0x9F, 0x87, 0x9F, 0x9F, 0x81, 0xFF,
    0x81, 0x9F, 0x9F, 0x87, 0x9F, 0x9F, 0x9F, 0xFF, 0x81, 0x9F, 0x9F, 0x87,
    0x9F, 0x9F, 0x9F, 0xFF, 0xC3, 0x99, 0x9F, 0x91, 0x99, 0x99, 0xC3, 0xFF,
    0xC3, 0x99, 0x9F, 0x91, 0x99, 0x99, 0xC3, 0xFF, 0x99, 0x99, 0x99, 0x81,
    0x99, 0x99, 0x99, 0xFF, 0x99, 0x99, 0x99, 0x81, 0x99, 0x99, 0x99, 0xFF,
    0xC3, 0xE7, 0xE7, 0xE7, 0xE7, 0xE7, 0xC3, 0xFF, 0xC3, 0xE7, 0xE7, 0xE7,
    0xE7, 0xE7, 0xC3, 0xFF, 0xE1, 0xF3, 0xF3, 0xF3, 0xF3, 0x93, 0xC7, 0xFF,
    0xE1, 0xF3, 0xF3, 0xF3, 0xF3, 0x93, 0xC7, 0xFF, 0x99, 0x93, 0x87, 0x8F,
    0x87, 0x93, 0x99, 0xFF, 0x99, 0x93, 0x87, 0x8F, 0x87, 0x93, 0x99, 0xFF,
    0x9F, 0x9F, 0x9F, 0x9F, 0x9F, 0x9F, 0x81, 0xFF, 0x9F, 0x9F, 0x9F, 0x9F,
    0x9F, 0x9F, 0x81, 0xFF, 0x9C, 0x88, 0x80, 0x94, 0x9C, 0x9C, 0x9C, 0xFF,
    0x9C, 0x88, 0x80, 0x94, 0x9C, 0x9C, 0x9C, 0xFF, 0x99, 0x89, 0x81, 0x81,
    0x91, 0x99, 0x99, 0xFF, 0x99, 0x89, 0x81, 0x81, 0x91, 0x99, 0x99, 0xFF,
    0xC3, 0x99, 0x99, 0x99, 0x99, 0x99, 0xC3, 0xFF, 0xC3, 0x99, 0x99, 0x99,
    0x99, 0x99, 0xC3, 0xFF, 0x83, 0x99, 0x99, 0x83, 0x9F, 0x9F, 0x9F, 0xFF,
    0x83, 0x99, 0x99, 0x83, 0x9F, 0x9F, 0x9F, 0xFF, 0xC3, 0x99, 0x99, 0x99,
    0x99, 0xC3, 0xF1, 0xFF, 0xC3, 0x99, 0x99, 0x99, 0x99, 0xC3, 0xF1, 0xFF,
    0x83, 0x99, 0x99, 0x83, 0x87, 0x93, 0x99, 0xFF, 0x83, 0x99, 0x99, 0x83,
    0x87, 0x93, 0x99, 0xFF, 0xC3, 0x99, 0x9F, 0xC3, 0xF9, 0x99, 0xC3, 0xFF,
    0xC3, 0x99, 0x9F, 0xC3, 0xF9, 0x99, 0xC3, 0xFF, 0x81, 0xE7, 0xE7, 0xE7,
    0xE7, 0xE7, 0xE7, 0xFF, 0x81, 0xE7, 0xE7, 0xE7, 0xE7, 0xE7, 0xE7, 0xFF,
    0x99, 0x99, 0x99, 0x99, 0x99, 0x99, 0xC3, 0xFF, 0x99, 0x99, 0x99, 0x99,
    0x99, 0x99, 0xC3, 0xFF, 0x99, 0x99, 0x99, 0x99, 0x99, 0xC3, 0xE7, 0xFF,
    0x99, 0x99, 0x99, 0x99, 0x99, 0xC3, 0xE7, 0xFF, 0x9C, 0x9C, 0x9C, 0x94,
    0x80, 0x88, 0x9C, 0xFF, 0x9C, 0x9C, 0x9C, 0x94, 0x80, 0x88, 0x9C, 0xFF,
    0x99, 0x99, 0xC3, 0xE7, 0xC3, 0x99, 0x99, 0xFF, 0x99, 0x99, 0xC3, 0xE7,
    0xC3, 0x99, 0x99, 0xFF, 0x99, 0x99, 0x99, 0xC3, 0xE7, 0xE7, 0xE7, 0xFF,
    0x99, 0x99, 0x99, 0xC3, 0xE7, 0xE7, 0xE7, 0xFF, 0x81, 0xF9, 0xF3, 0xE7,
    0xCF, 0x9F, 0x81, 0xFF, 0x81, 0xF9, 0xF3, 0xE7, 0xCF, 0x9F, 0x81, 0xFF,
    0xC3, 0xCF, 0xCF, 0xCF, 0xCF, 0xCF, 0xC3, 0xFF, 0xC3, 0xCF, 0xCF, 0xCF,
    0xCF, 0xCF, 0xC3, 0xFF, 0x9F, 0xCF, 0xE7, 0xF3, 0xF9, 0xFC, 0xFF, 0xFF,
    0x9F, 0xCF, 0xE7, 0xF3, 0xF9, 0xFC, 0xFF, 0xFF, 0xC3, 0xF3, 0xF3, 0xF3,
    0xF3, 0xF3, 0xC3, 0xFF, 0xC3, 0xF3, 0xF3, 0xF3, 0xF3, 0xF3, 0xC3, 0xFF,
    0xFF, 0xE7, 0xC3, 0x99, 0xFF, 0xFF, 0xFF, 0xFF, 0xFF, 0xE7, 0xC3, 0x99,
    0xFF, 0xFF, 0xFF, 0xFF, 0xFF, 0xFF, 0xFF, 0xFF, 0xFF, 0xFF, 0x80, 0xFF,
    0xFF, 0xFF, 0xFF, 0xFF, 0xFF, 0xFF, 0x80, 0xFF, 0xE7, 0xE7, 0xE7, 0xFF,
    0xFF, 0xFF, 0xFF, 0xFF, 0xE7, 0xE7, 0xE7, 0xFF, 0xFF, 0xFF, 0xFF, 0xFF,
    0xFF, 0xFF, 0xC3, 0xF9, 0xC1, 0x99, 0xC1, 0xFF, 0xFF, 0xFF, 0xC3, 0xF9,
    0xC1, 0x99, 0xC1, 0xFF, 0xFF, 0x9F, 0x9F, 0x83, 0x99, 0x99, 0x83, 0xFF,
    0xFF, 0x9F, 0x9F, 0x83, 0x99, 0x99, 0x83, 0xFF, 0xFF, 0xFF, 0xC3, 0x9F,
    0x9F, 0x9F, 0xC3, 0xFF, 0xFF, 0xFF, 0xC3, 0x9F, 0x9F, 0x9F, 0xC3, 0xFF,
    0xFF, 0xF9, 0xF9, 0xC1, 0x99, 0x99, 0xC1, 0xFF, 0xFF, 0xF9, 0xF9, 0xC1,
    0x99, 0x99, 0xC1, 0xFF, 0xFF, 0xFF, 0xC3, 0x99, 0x81, 0x9F, 0xC3, 0xFF,
    0xFF, 0xFF, 0xC3, 0x99, 0x81, 0x9F, 0xC3, 0xFF, 0xFF, 0xF1, 0xE7, 0xC1,
    0xE7, 0xE7, 0xE7, 0xFF, 0xFF, 0xF1, 0xE7, 0xC1, 0xE7, 0xE7, 0xE7, 0xFF,
    0xFF, 0xFF, 0xC1, 0x99, 0x99, 0xC1, 0xF9, 0x83, 0xFF, 0xFF, 0xC1, 0x99,
    0x99, 0xC1, 0xF9, 0x83, 0xFF, 0x9F, 0x9F, 0x83, 0x99, 0x99, 0x99, 0xFF,
    0xFF, 0x9F, 0x9F, 0x83, 0x99, 0x99, 0x99, 0xFF, 0xFF, 0xE7, 0xFF, 0xC7,
    0xE7, 0xE7, 0xC3, 0xFF, 0xFF, 0xE7, 0xFF, 0xC7, 0xE7, 0xE7, 0xC3, 0xFF,
    0xFF, 0xF9, 0xFF, 0xF9, 0xF9, 0xF9, 0xF9, 0xC3, 0xFF, 0xF9, 0xFF, 0xF9,
    0xF9, 0xF9, 0xF9, 0xC3, 0xFF, 0x9F, 0x9F, 0x93, 0x87, 0x93, 0x99, 0xFF,
    0xFF, 0x9F, 0x9F, 0x93, 0x87, 0x93, 0x99, 0xFF, 0xFF, 0xC7, 0xE7, 0xE7,
    0xE7, 0xE7, 0xC3, 0xFF, 0xFF, 0xC7, 0xE7, 0xE7, 0xE7, 0xE7, 0xC3, 0xFF,
    0xFF, 0xFF, 0x99, 0x80, 0x80, 0x94, 0x9C, 0xFF, 0xFF, 0xFF, 0x99, 0x80,
    0x80, 0x94, 0x9C, 0xFF, 0xFF, 0xFF, 0x83, 0x99, 0x99, 0x99, 0x99, 0xFF,
    0xFF, 0xFF, 0x83, 0x99, 0x99, 0x99, 0x99, 0xFF, 0xFF, 0xFF, 0xC3, 0x99,
    0x99, 0x99, 0xC3, 0xFF, 0xFF, 0xFF, 0xC3, 0x99, 0x99, 0x99, 0xC3, 0xFF,
    0xFF, 0xFF, 0x83, 0x99, 0x99, 0x83, 0x9F, 0x9F, 0xFF, 0xFF, 0x83, 0x99,
    0x99, 0x83, 0x9F, 0x9F, 0xFF, 0xFF, 0xC1, 0x99, 0x99, 0xC1, 0xF9, 0xF9,
    0xFF, 0xFF, 0xC1, 0x99, 0x99, 0xC1, 0xF9, 0xF9, 0xFF, 0xFF, 0x83, 0x99,
    0x9F, 0x9F, 0x9F, 0xFF, 0xFF, 0xFF, 0x83, 0x99, 0x9F, 0x9F, 0x9F, 0xFF,
    0xFF, 0xFF, 0xC1, 0x9F, 0xC3, 0xF9, 0x83, 0xFF, 0xFF, 0xFF, 0xC1, 0x9F,
    0xC3, 0xF9, 0x83, 0xFF, 0xFF, 0xE7, 0x81, 0xE7, 0xE7, 0xE7, 0xF1, 0xFF,
    0xFF, 0xE7, 0x81, 0xE7, 0xE7, 0xE7, 0xF1, 0xFF, 0xFF, 0xFF, 0x99, 0x99,
    0x99, 0x99, 0xC1, 0xFF, 0xFF, 0xFF, 0x99, 0x99, 0x99, 0x99, 0xC1, 0xFF,
    0xFF, 0xFF, 0x99, 0x99, 0x99, 0xC3, 0xE7, 0xFF, 0xFF, 0xFF, 0x99, 0x99,
    0x99, 0xC3, 0xE7, 0xFF, 0xFF, 0xFF, 0x9C, 0x94, 0x80, 0xC1, 0xC9, 0xFF,
    0xFF, 0xFF, 0x9C, 0x94, 0x80, 0xC1, 0xC9, 0xFF, 0xFF, 0xFF, 0x99, 0xC3,
    0xE7, 0xC3, 0x99, 0xFF, 0xFF, 0xFF, 0x99, 0xC3, 0xE7, 0xC3, 0x99, 0xFF,
    0xFF, 0xFF, 0x99, 0x99, 0x99, 0xC1, 0xF3, 0x87, 0xFF, 0xFF, 0x99, 0x99,
    0x99, 0xC1, 0xF3, 0x87, 0xFF, 0xFF, 0x81, 0xF3, 0xE7, 0xCF, 0x81, 0xFF,
    0xFF, 0xFF, 0x81, 0xF3, 0xE7, 0xCF, 0x81, 0xFF, 0xE3, 0xCF, 0xE7, 0x8F,
    0xE7, 0xCF, 0xE3, 0xFF, 0xE3, 0xCF, 0xE7, 0x8F, 0xE7, 0xCF, 0xE3, 0xFF,
    0xE7, 0xE7, 0xE7, 0xFF, 0xFF, 0xE7, 0xE7, 0xE7, 0xE7, 0xE7, 0xE7, 0xFF,
    0xFF, 0xE7, 0xE7, 0xE7, 0xC7, 0xF3, 0xE7, 0xF1, 0xE7, 0xF3, 0xC7, 0xFF,
    0xC7, 0xF3, 0xE7, 0xF1, 0xE7, 0xF3, 0xC7, 0xFF, 0xCC, 0x00, 0x33, 0xFF,
    0xFF, 0xFF, 0xFF, 0xFF, 0xCC, 0x00, 0x33, 0xFF, 0xFF, 0xFF, 0xFF, 0xFF,
    0xFF, 0xFF, 0xFF, 0xFF, 0xFF, 0xFF, 0xFF, 0xFF, 0xFF, 0xFF, 0xFF, 0xFF,
    0xFF, 0xFF, 0xFF, 0xFF, 0x00, 0x00, 0x00, 0x00, 0x00, 0x00, 0x00, 0x00,
    0x00, 0x00, 0x00, 0x00, 0x00, 0x00, 0x00, 0x00, 0x00, 0x00, 0x00, 0x00,
    0x00, 0x00, 0x00, 0x00, 0x00, 0x00, 0x00, 0x00, 0x00, 0x00, 0x00, 0x00,
    0x00, 0x00, 0x00, 0x00, 0x00, 0x00, 0x00, 0x00, 0x00, 0x00, 0x00, 0x00,
    0x00, 0x00, 0x00, 0x00, 0x00, 0x00, 0x00, 0x00, 0x00, 0x00, 0x00, 0x00,
    0x00, 0x00, 0x00, 0x00, 0x00, 0x00, 0x00, 0x00, 0x00, 0x00, 0x00, 0x00,
    0x00, 0x00, 0x00, 0x00, 0x00, 0x00, 0x00, 0x00, 0x00, 0x00, 0x00, 0x00,
    0x00, 0x00, 0x00, 0x00, 0x00, 0x00, 0x00, 0x00, 0x00, 0x00, 0x00, 0x00,
    0x00, 0x00, 0x00, 0x00, 0x00, 0x00, 0x00, 0x00, 0x00, 0x00, 0x00, 0x00,
    0x00, 0x00, 0x00, 0x00, 0x00, 0x00, 0x00, 0x00, 0x00, 0x00, 0x00, 0x00,
    0x00, 0x00, 0x00, 0x00, 0x00, 0x00, 0x00, 0x00, 0x00, 0x00, 0x00, 0x00,
    0x00, 0x00, 0x00, 0x00, 0x00, 0x00, 0x00, 0x00, 0x00, 0x00, 0x00, 0x00,
    0x00, 0x00, 0x00, 0x00, 0x00, 0x00, 0x00, 0x00, 0x00, 0x00, 0x00, 0x00,
    0x00, 0x00, 0x00, 0x00, 0x00, 0x00, 0x00, 0x00, 0x00, 0x00, 0x00, 0x00,
    0x00, 0x00, 0x00, 0x00, 0x00, 0x00, 0x00, 0x00, 0x00, 0x00, 0x00, 0x00,
    0x00, 0x00, 0x00, 0x00, 0x00, 0x00, 0x00, 0x00, 0x00, 0x00, 0x00, 0x00,
    0x00, 0x00, 0x00, 0x00, 0x00, 0x00, 0x00, 0x00, 0x00, 0x00, 0x00, 0x00,
    0x00, 0x00, 0x00, 0x00, 0x00, 0x00, 0x00, 0x00, 0x00, 0x00, 0x00, 0x00,
    0x00, 0x00, 0x00, 0x00, 0x00, 0x00, 0x00, 0x00, 0x00, 0x00, 0x00, 0x00,
    0x00, 0x00, 0x00, 0x00, 0x00, 0x00, 0x00, 0x00, 0x00, 0x00, 0x00, 0x00,
    0x00, 0x00, 0x00, 0x00, 0x00, 0x00, 0x00, 0x00, 0x00, 0x00, 0x00, 0x00,
    0x00, 0x00, 0x00, 0x00, 0x00, 0x00, 0x00, 0x00, 0x00, 0x00, 0x00, 0x00,
    0x00, 0x00, 0x00, 0x00, 0x00, 0x00, 0x00, 0x00, 0x00, 0x00, 0x00, 0x00,
    0x00, 0x00, 0x00, 0x00, 0x00, 0x00, 0x00, 0x00, 0x00, 0x00, 0x00, 0x00,
    0x00, 0x00, 0x00, 0x00, 0x00, 0x00, 0x00, 0x00, 0x00, 0x00, 0x00, 0x00,
    0x00, 0x00, 0x00, 0x00, 0x00, 0x00, 0x00, 0x00, 0x00, 0x00, 0x00, 0x00,
    0x00, 0x00, 0x00, 0x00, 0x00, 0x00, 0x00, 0x00, 0x00, 0x00, 0x00, 0x00,
    0x00, 0x00, 0x00, 0x00, 0x00, 0x00, 0x00, 0x00, 0x00, 0x00, 0x00, 0x00,
    0x00, 0x00, 0x00, 0x00, 0x00, 0x00, 0x00, 0x00, 0x00, 0x00, 0x00, 0x00,
    0x00, 0x00, 0x00, 0x00, 0x00, 0x00, 0x00, 0x00, 0x00, 0x00, 0x00, 0x00,
    0x00, 0x00, 0x00, 0x00, 0x00, 0x00, 0x00, 0x00, 0x00, 0x00, 0x00, 0x00,
    0x00, 0x00, 0x00, 0x00, 0x00, 0x00, 0x00, 0x00, 0x00, 0x00, 0x00, 0x00,
    0x00, 0x00, 0x00, 0x00, 0x00, 0x00, 0x00, 0x00, 0x00, 0x00, 0x00, 0x00,
    0x00, 0x00, 0x00, 0x00, 0x00, 0x00, 0x00, 0x00, 0x00, 0x00, 0x00, 0x00,
    0x00, 0x00, 0x00, 0x00, 0x00, 0x00, 0x00, 0x00, 0x00, 0x00, 0x00, 0x00,
    0x00, 0x00, 0x00, 0x00, 0x00, 0x00, 0x00, 0x00, 0x00, 0x00, 0x00, 0x00,
    0x00, 0x00, 0x00, 0x00, 0x00, 0x00, 0x00, 0x00, 0x00, 0x00, 0x00, 0x00,
    0x00, 0x00, 0x00, 0x00, 0x00, 0x00, 0x00, 0x00, 0x00, 0x00, 0x00, 0x00,
    0x00, 0x00, 0x00, 0x00, 0x00, 0x00, 0x00, 0x00, 0x00, 0x00, 0x00, 0x00,
    0x00, 0x00, 0x00, 0x00, 0x00, 0x00, 0x00, 0x00, 0x00, 0x00, 0x00, 0x00,
    0x00, 0x00, 0x00, 0x00, 0x00, 0x00, 0x00, 0x00, 0x00, 0x00, 0x00, 0x00,
    0x00, 0x00, 0x00, 0x00, 0x00, 0x00, 0x00, 0x00, 0x00, 0x00, 0x00, 0x00,
    0x00, 0x00, 0x00, 0x00, 0x00, 0x00, 0x00, 0x00, 0x00, 0x00, 0x00, 0x00,
    0x00, 0x00, 0x00, 0x00, 0x00, 0x00, 0x00, 0x00, 0x00, 0x00, 0x00, 0x00,
    0x00, 0x00, 0x00, 0x00, 0x00, 0x00, 0x00, 0x00, 0x00, 0x00, 0x00, 0x00,
    0x00, 0x00, 0x00, 0x00, 0x00, 0x00, 0x00, 0x00, 0x00, 0x00, 0x00, 0x00,
    0x00, 0x00, 0x00, 0x00, 0x00, 0x00, 0x00, 0x00, 0x00, 0x00, 0x00, 0x00,
    0x00, 0x00, 0x00, 0x00, 0x00, 0x00, 0x00, 0x00, 0x00, 0x00, 0x00, 0x00,
    0x00, 0x00, 0x00, 0x00, 0x00, 0x00, 0x00, 0x00, 0x00, 0x00, 0x00, 0x00,
    0x00, 0x00, 0x00, 0x00, 0x00, 0x00, 0x00, 0x00, 0x00, 0x00, 0x00, 0x00,
    0x00, 0x00, 0x00, 0x00, 0x00, 0x00, 0x00, 0x00, 0x00, 0x00, 0x00, 0x00,
    0x00, 0x00, 0x00, 0x00, 0x00, 0x00, 0x00, 0x00, 0x00, 0x00, 0x00, 0x00,
    0x00, 0x00, 0x00, 0x00, 0x00, 0x00, 0x00, 0x00, 0x00, 0x00, 0x00, 0x00,
    0x00, 0x00, 0x00, 0x00, 0x00, 0x00, 0x00, 0x00, 0x00, 0x00, 0x00, 0x00,
    0x00, 0x00, 0x00, 0x00, 0x00, 0x00, 0x00, 0x00, 0x00, 0x00, 0x00, 0x00,
    0x00, 0x00, 0x00, 0x00, 0x00, 0x00, 0x00, 0x00, 0x00, 0x00, 0x00, 0x00,
    0x00, 0x00, 0x00, 0x00, 0x00, 0x00, 0x00, 0x00, 0x00, 0x00, 0x00, 0x00,
    0x00, 0x00, 0x00, 0x00, 0x00, 0x00, 0x00, 0x00, 0x00, 0x00, 0x00, 0x00,
    0x00, 0x00, 0x00, 0x00, 0x00, 0x00, 0x00, 0x00, 0x00, 0x00, 0x00, 0x00,
    0x00, 0x00, 0x00, 0x00, 0x00, 0x00, 0x00, 0x00, 0x00, 0x00, 0x00, 0x00,
    0x00, 0x00, 0x00, 0x00, 0x00, 0x00, 0x00, 0x00, 0x00, 0x00, 0x00, 0x00,
    0x00, 0x00, 0x00, 0x00, 0x00, 0x00, 0x00, 0x00, 0x00, 0x00, 0x00, 0x00,
    0x00, 0x00, 0x00, 0x00, 0x00, 0x00, 0x00, 0x00, 0x00, 0x00, 0x00, 0x00,
    0x00, 0x00, 0x00, 0x00, 0x00, 0x00, 0x00, 0x00, 0x00, 0x00, 0x00, 0x00,
    0x00, 0x00, 0x00, 0x00, 0x00, 0x00, 0x00, 0x00, 0x00, 0x00, 0x00, 0x00,
    0x00, 0x00, 0x00, 0x00, 0x00, 0x00, 0x00, 0x00, 0x00, 0x00, 0x00, 0x00,
    0x00, 0x00, 0x00, 0x00, 0x00, 0x00, 0x00, 0x00, 0x00, 0x00, 0x00, 0x00,
    0x00, 0x00, 0x00, 0x00, 0x00, 0x00, 0x00, 0x00, 0x00, 0x00, 0x00, 0x00,
    0x00, 0x00, 0x00, 0x00, 0x00, 0x00, 0x00, 0x00, 0x00, 0x00, 0x00, 0x00,
    0x00, 0x00, 0x00, 0x00, 0x00, 0x00, 0x00, 0x00, 0x00, 0x00, 0x00, 0x00,
    0x00, 0x00, 0x00, 0x00, 0x00, 0x00, 0x00, 0x00, 0x00, 0x00, 0x00, 0x00,
    0x00, 0x00, 0x00, 0x00, 0x00, 0x00, 0x00, 0x00, 0x00, 0x00, 0x00, 0x00,
    0x00, 0x00, 0x00, 0x00, 0x00, 0x00, 0x00, 0x00, 0x00, 0x00, 0x00, 0x00,
    0x00, 0x00, 0x00, 0x00, 0x00, 0x00, 0x00, 0x00, 0x00, 0x00, 0x00, 0x00,
    0x00, 0x00, 0x00, 0x00, 0x00, 0x00, 0x00, 0x00, 0x00, 0x00, 0x00, 0x00,
    0x00, 0x00, 0x00, 0x00, 0x00, 0x00, 0x00, 0x00, 0x00, 0x00, 0x00, 0x00,
    0x00, 0x00, 0x00, 0x00, 0x00, 0x00, 0x00, 0x00, 0x00, 0x00, 0x00, 0x00,
    0x00, 0x00, 0x00, 0x00, 0x00, 0x00, 0x00, 0x00, 0x00, 0x00, 0x00, 0x00,
    0x00, 0x00, 0x00, 0x00, 0x00, 0x00, 0x00, 0x00, 0x00, 0x00, 0x00, 0x00,
    0x00, 0x00, 0x00, 0x00, 0x00, 0x00, 0x00, 0x00, 0x00, 0x00, 0x00, 0x00,
    0x00, 0x00, 0x00, 0x00, 0x00, 0x00, 0x00, 0x00, 0x00, 0x00, 0x00, 0x00,
    0x00, 0x00, 0x00, 0x00, 0x00, 0x00, 0x00, 0x00, 0x00, 0x00, 0x00, 0x00,
    0x00, 0x00, 0x00, 0x00, 0x00, 0x00, 0x00, 0x00, 0x00, 0x00, 0x00, 0x00,
    0x00, 0x00, 0x00, 0x00, 0x00, 0x00, 0x00, 0x00, 0x00, 0x00, 0x00, 0x00,
    0x00, 0x00, 0x00, 0x00, 0x00, 0x00, 0x00, 0x00, 0x00, 0x00, 0x00, 0x00,
    0x00, 0x00, 0x00, 0x00, 0x00, 0x00, 0x00, 0x00, 0x00, 0x00, 0x00, 0x00,
    0x00, 0x00, 0x00, 0x00, 0x00, 0x00, 0x00, 0x00, 0x00, 0x00, 0x00, 0x00,
    0x00, 0x00, 0x00, 0x00, 0x00, 0x00, 0x00, 0x00, 0x00, 0x00, 0x00, 0x00,
    0x00, 0x00, 0x00, 0x00, 0x00, 0x00, 0x00, 0x00, 0x00, 0x00, 0x00, 0x00,
    0x00, 0x00, 0x00, 0x00, 0x00, 0x00, 0x00, 0x00, 0x00, 0x00, 0x00, 0x00,
    0x00, 0x00, 0x00, 0x00, 0x00, 0x00, 0x00, 0x00, 0x00, 0x00, 0x00, 0x00,
    0x00, 0x00, 0x00, 0x00, 0x00, 0x00, 0x00, 0x00, 0x00, 0x00, 0x00, 0x00,
    0x00, 0x00, 0x00, 0x00, 0x00, 0x00, 0x00, 0x00, 0x00, 0x00, 0x00, 0x00,
    0x00, 0x00, 0x00, 0x00, 0x00, 0x00, 0x00, 0x00, 0x00, 0x00, 0x00, 0x00,
    0x00, 0x00, 0x00, 0x00, 0x00, 0x00, 0x00, 0x00, 0x00, 0x00, 0x00, 0x00,
    0x00, 0x00, 0x00, 0x00, 0x00, 0x00, 0x00, 0x00, 0x00, 0x00, 0x00, 0x00,
    0x00, 0x00, 0x00, 0x00, 0x00, 0x00, 0x00, 0x00, 0x00, 0x00, 0x00, 0x00,
    0x00, 0x00, 0x00, 0x00, 0x00, 0x00, 0x00, 0x00, 0x00, 0x00, 0x00, 0x00,
    0x00, 0x00, 0x00, 0x00, 0x00, 0x00, 0x00, 0x00, 0x00, 0x00, 0x00, 0x00,
    0x00, 0x00, 0x00, 0x00, 0x00, 0x00, 0x00, 0x00, 0x00, 0x00, 0x00, 0x00,
    0x00, 0x00, 0x00, 0x00, 0x00, 0x00, 0x00, 0x00, 0x00, 0x00, 0x00, 0x00,
    0x00, 0x00, 0x00, 0x00, 0x00, 0x00, 0x00, 0x00, 0x00, 0x00, 0x00, 0x00,
    0x00, 0x00, 0x00, 0x00, 0x00, 0x00, 0x00, 0x00, 0x00, 0x00, 0x00, 0x00,
    0x00, 0x00, 0x00, 0x00, 0x00, 0x00, 0x00, 0x00, 0x00, 0x00, 0x00, 0x00,
    0x00, 0x00, 0x00, 0x00, 0x00, 0x00, 0x00, 0x00, 0x00, 0x00, 0x00, 0x00,
    0x00, 0x00, 0x00, 0x00, 0x00, 0x00, 0x00, 0x00, 0x00, 0x00, 0x00, 0x00,
    0x00, 0x00, 0x00, 0x00, 0x00, 0x00, 0x00, 0x00, 0x00, 0x00, 0x00, 0x00,
    0x00, 0x00, 0x00, 0x00, 0x00, 0x00, 0x00, 0x00, 0x00, 0x00, 0x00, 0x00,
    0x00, 0x00, 0x00, 0x00, 0x00, 0x00, 0x00, 0x00, 0x00, 0x00, 0x00, 0x00,
    0x00, 0x00, 0x00, 0x00, 0x00, 0x00, 0x00, 0x00, 0x00, 0x00, 0x00, 0x00,
    0x00, 0x00, 0x00, 0x00, 0x00, 0x00, 0x00, 0x00, 0x00, 0x00, 0x00, 0x00,
    0x00, 0x00, 0x00, 0x00, 0x00, 0x00, 0x00, 0x00, 0x00, 0x00, 0x00, 0x00,
    0x00, 0x00, 0x00, 0x00, 0x00, 0x00, 0x00, 0x00, 0x00, 0x00, 0x00, 0x00,
    0x00, 0x00, 0x00, 0x00, 0x00, 0x00, 0x00, 0x00, 0x00, 0x00, 0x00, 0x00,
    0x00, 0x00, 0x00, 0x00, 0x00, 0x00, 0x00, 0x00, 0x00, 0x00, 0x00, 0x00,
    0x00, 0x00, 0x00, 0x00, 0x00, 0x00, 0x00, 0x00, 0x00, 0x00, 0x00, 0x00,
    0x00, 0x00, 0x00, 0x00, 0x00, 0x00, 0x00, 0x00, 0x00, 0x00, 0x00, 0x00,
    0x00, 0x00, 0x00, 0x00, 0x00, 0x00, 0x00, 0x00, 0x00, 0x00, 0x00, 0x00,
    0x00, 0x00, 0x00, 0x00, 0x00, 0x00, 0x00, 0x00, 0x00, 0x00, 0x00, 0x00,
    0x00, 0x00, 0x00, 0x00, 0x00, 0x00, 0x00, 0x00, 0x00, 0x00, 0x00, 0x00,
    0x00, 0x00, 0x00, 0x00, 0x00, 0x00, 0x00, 0x00, 0x00, 0x00, 0x00, 0x00,
    0x00, 0x00, 0x00, 0x00, 0x00, 0x00, 0x00, 0x00, 0x00, 0x00, 0x00, 0x00,
    0x00, 0x00, 0x00, 0x00, 0x00, 0x00, 0x00, 0x00, 0x00, 0x00, 0x00, 0x00,
    0x00, 0x00, 0x00, 0x00, 0x00, 0x00, 0x00, 0x00, 0x00, 0x00, 0x00, 0x00,
    0x00, 0x00, 0x00, 0x00, 0x00, 0x00, 0x00, 0x00, 0x00, 0x00, 0x00, 0x00,
    0x00, 0x00, 0x00, 0x00, 0x00, 0x00, 0x00, 0x00, 0x00, 0x00, 0x00, 0x00,
    0x00, 0x00, 0x00, 0x00, 0x00, 0x00, 0x00, 0x00, 0x00, 0x00, 0x00, 0x00,
    0x00, 0x00, 0x00, 0x00, 0x00, 0x00, 0x00, 0x00, 0x00, 0x00, 0x00, 0x00,
    0x00, 0x00, 0x00, 0x00, 0x00, 0x00, 0x00, 0x00, 0x00, 0x00, 0x00, 0x00,
    0x00, 0x00, 0x00, 0x00, 0x00, 0x00, 0x00, 0x00, 0x00, 0x00, 0x00, 0x00,
    0x00, 0x00, 0x00, 0x00, 0x00, 0x00, 0x00, 0x00, 0x00, 0x00, 0x00, 0x00,
    0x00, 0x00, 0x00, 0x00, 0x00, 0x00, 0x00, 0x00, 0x00, 0x00, 0x00, 0x00,
    0x00, 0x00, 0x00, 0x00, 0x00, 0x00, 0x00, 0x00, 0x00, 0x00, 0x00, 0x00,
    0x00, 0x00, 0x00, 0x00, 0x00, 0x00, 0x00, 0x00, 0x00, 0x00, 0x00, 0x00,
    0x00, 0x00, 0x00, 0x00, 0x00, 0x00, 0x00, 0x00, 0x00, 0x00, 0x00, 0x00,
    0x00, 0x00, 0x00, 0x00, 0x00, 0x00, 0x00, 0x00, 0x00, 0x00, 0x00, 0x00,
    0x00, 0x00, 0x00, 0x00, 0x00, 0x00, 0x00, 0x00, 0x00, 0x00, 0x00, 0x00,
    0x00, 0x00, 0x00, 0x00, 0x00, 0x00, 0x00, 0x00, 0x00, 0x00, 0x00, 0x00,
    0x00, 0x00, 0x00, 0x00, 0x00, 0x00, 0x00, 0x00, 0x00, 0x00, 0x00, 0x00,
    0x00, 0x00, 0x00, 0x00, 0x00, 0x00, 0x00, 0x00, 0x00, 0x00, 0x00, 0x00,
    0x00, 0x00, 0x00, 0x00, 0x00, 0x00, 0x00, 0x00, 0x00, 0x00, 0x00, 0x00,
    0x00, 0x00, 0x00, 0x00, 0x00, 0x00, 0x00, 0x00, 0x00, 0x00, 0x00, 0x00,
    0x00, 0x00, 0x00, 0x00, 0x00, 0x00, 0x00, 0x00, 0x00, 0x00, 0x00, 0x00,
    0x00, 0x00, 0x00, 0x00, 0x00, 0x00, 0x00, 0x00, 0x00, 0x00, 0x00, 0x00,
    0x00, 0x00, 0x00, 0x00, 0x00, 0x00, 0x00, 0x00, 0x00, 0x00, 0x00, 0x00,
    0x00, 0x00, 0x00, 0x00, 0x00, 0x00, 0x00, 0x00, 0x00, 0x00, 0x00, 0x00,
    0x00, 0x00, 0x00, 0x00, 0x00, 0x00, 0x00, 0x00, 0x00, 0x00, 0x00, 0x00,
    0x00, 0x00, 0x00, 0x00, 0x00, 0x00, 0x00, 0x00, 0x00, 0x00, 0x00, 0x00,
    0x00, 0x00, 0x00, 0x00, 0x00, 0x00, 0x00, 0x00, 0x00, 0x00, 0x00, 0x00,
    0x00, 0x00, 0x00, 0x00, 0x00, 0x00, 0x00, 0x00, 0x00, 0x00, 0x00, 0x00,
    0x00, 0x00, 0x00, 0x00, 0x00, 0x00, 0x00, 0x00, 0x00, 0x00, 0x00, 0x00,
    0x00, 0x00, 0x00, 0x00, 0x00, 0x00, 0x00, 0x00, 0x00, 0x00, 0x00, 0x00,
    0x00, 0x00, 0x00, 0x00, 0x00, 0x00, 0x00, 0x00, 0x00, 0x00, 0x00, 0x00,
    0x00, 0x00, 0x00, 0x00, 0x00, 0x00, 0x00, 0x00, 0x00, 0x00, 0x00, 0x00,
    0x00, 0x00, 0x00, 0x00, 0x00, 0x00, 0x00, 0x00, 0x00, 0x00, 0x00, 0x00,
    0x00, 0x00, 0x00, 0x00, 0x00, 0x00, 0x00, 0x00, 0x00, 0x00, 0x00, 0x00,
    0x00, 0x00, 0x00, 0x00, 0x00, 0x00, 0x00, 0x00, 0x00, 0x00, 0x00, 0x00,
    0x00, 0x00, 0x00, 0x00, 0x00, 0x00, 0x00, 0x00, 0x00, 0x00, 0x00, 0x00,
    0x00, 0x00, 0x00, 0x00, 0x00, 0x00, 0x00, 0x00, 0x00, 0x00, 0x00, 0x00,
    0x00, 0x00, 0x00, 0x00, 0x00, 0x00, 0x00, 0x00, 0x00, 0x00, 0x00, 0x00,
    0x00, 0x00, 0x00, 0x00, 0x00, 0x00, 0x00, 0x00, 0x00, 0x00, 0x00, 0x00,
    0x00, 0x00, 0x00, 0x00, 0x00, 0x00, 0x00, 0x00, 0x00, 0x00, 0x00, 0x00,
    0x00, 0x00, 0x00, 0x00, 0x00, 0x00, 0x00, 0x00, 0x00, 0x00, 0x00, 0x00,
    0x00, 0x00, 0x00, 0x00, 0x00, 0x00, 0x00, 0x00, 0x00, 0x00, 0x00, 0x00,
    0x00, 0x00, 0x00, 0x00, 0x00, 0x00, 0x00, 0x00, 0x00, 0x00, 0x00, 0x00,
    0x00, 0x00, 0x00, 0x00, 0x00, 0x00, 0x00, 0x00, 0x00, 0x00, 0x00, 0x00,
    0x00, 0x00, 0x00, 0x00, 0x00, 0x00, 0x00, 0x00, 0x00, 0x00, 0x00, 0x00,
    0x00, 0x00, 0x00, 0x00, 0x00, 0x00, 0x00, 0x00, 0x00, 0x00, 0x00, 0x00,
    0x00, 0x00, 0x00, 0x00, 0x00, 0x00, 0x00, 0x00, 0x00, 0x00, 0x00, 0x00,
    0x00, 0x00, 0x00, 0x00, 0x00, 0x00, 0x00, 0x00, 0x00, 0x00, 0x00, 0x00,
    0x00, 0x00, 0x00, 0x00, 0x00, 0x00, 0x00, 0x00, 0x00, 0x00, 0x00, 0x00,
    0x00, 0x00, 0x00, 0x00, 0x00, 0x00, 0x00, 0x00, 0x00, 0x00, 0x00, 0x00,
    0x00, 0x00, 0x00, 0x00, 0x00, 0x00, 0x00, 0x00, 0x00, 0x00, 0x00, 0x00,
    0x00, 0x00, 0x00, 0x00, 0x00, 0x00, 0x00, 0x00, 0x00, 0x00, 0x00, 0x00,
    0x00, 0x00, 0x00, 0x00, 0x00, 0x00, 0x00, 0x00, 0x00, 0x00, 0x00, 0x00,
    0x00, 0x00, 0x00, 0x00, 0x00, 0x00, 0x00, 0x00, 0x00, 0x00, 0x00, 0x00,
    0x00, 0x00, 0x00, 0x00, 0x00, 0x00, 0x00, 0x00, 0x00, 0x00, 0x00, 0x00,
    0x00, 0x00, 0x00, 0x00, 0x00, 0x00, 0x00, 0x00, 0x00, 0x00, 0x00, 0x00,
    0x00, 0x00, 0x00, 0x00, 0x00, 0x00, 0x00, 0x00, 0x00, 0x00, 0x00, 0x00,
    0x00, 0x00, 0x00, 0x00, 0x00, 0x00, 0x00, 0x00, 0x00, 0x00, 0x00, 0x00,
    0x00, 0x00, 0x00, 0x00, 0x00, 0x00, 0x00, 0x00, 0x00, 0x00, 0x00, 0x00,
    0x00, 0x00, 0x00, 0x00, 0x00, 0x00, 0x00, 0x00, 0x00, 0x00, 0x00, 0x00,
    0x00, 0x00, 0x00, 0x00, 0x00, 0x00, 0x00, 0x00, 0x00, 0x00, 0x00, 0x00,
    0x00, 0x00, 0x00, 0x00, 0x00, 0x00, 0x00, 0x00, 0x00, 0x00, 0x00, 0x00,
    0x00, 0x00, 0x00, 0x00, 0x00, 0x00, 0x00, 0x00, 0x00, 0x00, 0x00, 0x00,
    0x00, 0x00, 0x00, 0x00, 0x00, 0x00, 0x00, 0x00, 0x00, 0x00, 0x00, 0x00,
    0x00, 0x00, 0x00, 0x00, 0x00, 0x00, 0x00, 0x00, 0x00, 0x00, 0x00, 0x00,
    0x00, 0x00, 0x00, 0x00, 0x00, 0x00, 0x00, 0x00, 0x00, 0x00, 0x00, 0x00,
    0x00, 0x00, 0x00, 0x00, 0x00, 0x00, 0x00, 0x00, 0x00, 0x00, 0x00, 0x00,
    0x00, 0x00, 0x00, 0x00, 0x00, 0x00, 0x00, 0x00, 0x00, 0x00, 0x00, 0x00,
    0x00, 0x00, 0x00, 0x00, 0x00, 0x00, 0x00, 0x00, 0x00, 0x00, 0x00, 0x00,
    0x00, 0x00, 0x00, 0x00, 0x00, 0x00, 0x00, 0x00, 0x00, 0x00, 0x00, 0x00,
    0x00, 0x00, 0x00, 0x00, 0x00, 0x00, 0x00, 0x00, 0x00, 0x00, 0x00, 0x00,
    0x00, 0x00, 0x00, 0x00, 0x00, 0x00, 0x00, 0x00, 0x00, 0x00, 0x00, 0x00,
    0x00, 0x00, 0x00, 0x00, 0x00, 0x00, 0x00, 0x00, 0x00, 0x00, 0x00, 0x00,
    0x00, 0x00, 0x00, 0x00, 0x00, 0x00, 0x00, 0x00, 0x00, 0x00, 0x00, 0x00,
    0x00, 0x00, 0x00, 0x00, 0x00, 0x00, 0x00, 0x00, 0x00, 0x00, 0x00, 0x00,
    0x00, 0x00, 0x00, 0x00, 0x00, 0x00, 0x00, 0x00, 0x00, 0x00, 0x00, 0x00,
    0x00, 0x00, 0x00, 0x00, 0x00, 0x00, 0x00, 0x00, 0x00, 0x00, 0x00, 0x00,
    0x00, 0x00, 0x00, 0x00, 0x00, 0x00, 0x00, 0x00, 0x00, 0x00, 0x00, 0x00,
    0x00, 0x00, 0x00, 0x00, 0x00, 0x00, 0x00, 0x00, 0x00, 0x00, 0x00, 0x00,
    0x00, 0x00, 0x00, 0x00, 0x00, 0x00, 0x00, 0x00, 0x00, 0x00, 0x00, 0x00,
    0x00, 0x00, 0x00, 0x00, 0x00, 0x00, 0x00, 0x00, 0x00, 0x00, 0x00, 0x00,
    0x00, 0x00, 0x00, 0x00, 0x00, 0x00, 0x00, 0x00, 0x00, 0x00, 0x00, 0x00,
    0x00, 0x00, 0x00, 0x00, 0x00, 0x00, 0x00, 0x00, 0x00, 0x00, 0x00, 0x00,
    0x00, 0x00, 0x00, 0x00, 0x00, 0x00, 0x00, 0x00, 0x00, 0x00, 0x00, 0x00,
    0x00, 0x00, 0x00, 0x00, 0x00, 0x00, 0x00, 0x00, 0x00, 0x00, 0x00, 0x00,
    0x00, 0x00, 0x00, 0x00, 0x00, 0x00, 0x00, 0x00, 0x00, 0x00, 0x00, 0x00,
    0x00, 0x00, 0x00, 0x00, 0x00, 0x00, 0x00, 0x00, 0x00, 0x00, 0x00, 0x00,
    0x00, 0x00, 0x00, 0x00, 0x00, 0x00, 0x00, 0x00, 0x00, 0x00, 0x00, 0x00,
    0x00, 0x00, 0x00, 0x00, 0x00, 0x00, 0x00, 0x00, 0x00, 0x00, 0x00, 0x00,
    0x00, 0x00, 0x00, 0x00, 0x00, 0x00, 0x00, 0x00, 0x00, 0x00, 0x00, 0x00,
    0x00, 0x00, 0x00, 0x00, 0x00, 0x00, 0x00, 0x00, 0x00, 0x00, 0x00, 0x00,
    0x00, 0x00, 0x00, 0x00, 0x00, 0x00, 0x00, 0x00, 0x00, 0x00, 0x00, 0x00,
    0x00, 0x00, 0x00, 0x00, 0x00, 0x00, 0x00, 0x00, 0x00, 0x00, 0x00, 0x00,
    0x00, 0x00, 0x00, 0x00, 0x00, 0x00, 0x00, 0x00, 0x00, 0x00, 0x00, 0x00,
    0x00, 0x00, 0x00, 0x00, 0x00, 0x00, 0x00, 0x00, 0x00, 0x00, 0x00, 0x00,
    0x00, 0x00, 0x00, 0x00, 0x00, 0x00, 0x00, 0x00, 0x00, 0x00, 0x00, 0x00,
    0x00, 0x00, 0x00, 0x00, 0x00, 0x00, 0x00, 0x00, 0x00, 0x00, 0x00, 0x00,
    0x00, 0x00, 0x00, 0x00, 0x00, 0x00, 0x00, 0x00, 0x00, 0x00, 0x00, 0x00,
    0x00, 0x00, 0x00, 0x00, 0x00, 0x00, 0x00, 0x00, 0x00, 0x00, 0x00, 0x00,
    0x00, 0x00, 0x00, 0x00, 0x00, 0x00, 0x00, 0x00, 0x00, 0x00, 0x00, 0x00,
    0x00, 0x00, 0x00, 0x00, 0x00, 0x00, 0x00, 0x00, 0x00, 0x00, 0x00, 0x00,
    0x00, 0x00, 0x00, 0x00, 0x00, 0x00, 0x00, 0x00, 0x00, 0x00, 0x00, 0x00,
    0x00, 0x00, 0x00, 0x00, 0x00, 0x00, 0x00, 0x00, 0x00, 0x00, 0x00, 0x00,
    0x00, 0x00, 0x00, 0x00, 0x00, 0x00, 0x00, 0x00, 0x00, 0x00, 0x00, 0x00,
    0x00, 0x00, 0x00, 0x00, 0x00, 0x00, 0x00, 0x00, 0x00, 0x00, 0x00, 0x00,
    0x00, 0x00, 0x00, 0x00, 0x00, 0x00, 0x00, 0x00, 0x00, 0x00, 0x00, 0x00,
    0x00, 0x00, 0x00, 0x00, 0x00, 0x00, 0x00, 0x00, 0x00, 0x00, 0x00, 0x00,
    0x00, 0x00, 0x00, 0x00, 0x00, 0x00, 0x00, 0x00, 0x00, 0x00, 0x00, 0x00,
    0x00, 0x00, 0x00, 0x00, 0x00, 0x00, 0x00, 0x00, 0x00, 0x00, 0x00, 0x00,
    0x00, 0x00, 0x00, 0x00, 0x00, 0x00, 0x00, 0x00, 0x00, 0x00, 0x00, 0x00,
    0x00, 0x00, 0x00, 0x00, 0x00, 0x00, 0x00, 0x00, 0x00, 0x00, 0x00, 0x00,
    0x00, 0x00, 0x00, 0x00, 0x00, 0x00, 0x00, 0x00, 0x00, 0x00, 0x00, 0x00,
    0x00, 0x00, 0x00, 0x00, 0x00, 0x00, 0x00, 0x00, 0x00, 0x00, 0x00, 0x00,
    0x00, 0x00, 0x00, 0x00, 0x00, 0x00, 0x00, 0x00, 0x00, 0x00, 0x00, 0x00,
    0x00, 0x00, 0x00, 0x00, 0x00, 0x00, 0x00, 0x00, 0x00, 0x00, 0x00, 0x00,
    0x00, 0x00, 0x00, 0x00, 0x00, 0x00, 0x00, 0x00, 0x00, 0x00, 0x00, 0x00,
    0x00, 0x00, 0x00, 0x00, 0x00, 0x00, 0x00, 0x00, 0x00, 0x00, 0x00, 0x00,
    0x00, 0x00, 0x00, 0x00, 0x00, 0x00, 0x00, 0x00, 0x00, 0x00, 0x00, 0x00,
    0x00, 0x00, 0x00, 0x00, 0x00, 0x00, 0x00, 0x00, 0x00, 0x00, 0x00, 0x00,
    0x00, 0x00, 0x00, 0x00, 0x00, 0x00, 0x00, 0x00, 0x00, 0x00, 0x00, 0x00,
    0x00, 0x00, 0x00, 0x00, 0x00, 0x00, 0x00, 0x00, 0x00, 0x00, 0x00, 0x00,
    0x00, 0x00, 0x00, 0x00, 0x00, 0x00, 0x00, 0x00, 0x00, 0x00, 0x00, 0x00,
    0x00, 0x00, 0x00, 0x00, 0x00, 0x00, 0x00, 0x00, 0x00, 0x00, 0x00, 0x00,
    0x00, 0x00, 0x00, 0x00, 0x00, 0x00, 0x00, 0x00, 0x00, 0x00, 0x00, 0x00,
    0x00, 0x00, 0x00, 0x00, 0x00, 0x00, 0x00, 0x00, 0x00, 0x00, 0x00, 0x00,
    0x00, 0x00, 0x00, 0x00, 0x00, 0x00, 0x00, 0x00, 0x00, 0x00, 0x00, 0x00,
    0x00, 0x00, 0x00, 0x00, 0x00, 0x00, 0x00, 0x00, 0x00, 0x00, 0x00, 0x00,
    0x00, 0x00, 0x00, 0x00, 0x00, 0x00, 0x00, 0x00, 0x00, 0x00, 0x00, 0x00,
    0x00, 0x00, 0x00, 0x00, 0x00, 0x00, 0x00, 0x00, 0x00, 0x00, 0x00, 0x00,
    0x00, 0x00, 0x00, 0x00, 0x00, 0x00, 0x00, 0x00, 0x00, 0x00, 0x00, 0x00,
    0x00, 0x00, 0x00, 0x00, 0x00, 0x00, 0x00, 0x00, 0x00, 0x00, 0x00, 0x00,
    0x00, 0x00, 0x00, 0x00, 0x00, 0x00, 0x00, 0x00, 0x00, 0x00, 0x00, 0x00,
    0x00, 0x00, 0x00, 0x00, 0x00, 0x00, 0x00, 0x00, 0x00, 0x00, 0x00, 0x00,
    0x00, 0x00, 0x00, 0x00, 0x00, 0x00, 0x00, 0x00, 0x00, 0x00, 0x00, 0x00,
    0x00, 0x00, 0x00, 0x00, 0x00, 0x00, 0x00, 0x00, 0x00, 0x00, 0x00, 0x00,
    0x00, 0x00, 0x00, 0x00, 0x00, 0x00, 0x00, 0x00, 0x00, 0x00, 0x00, 0x00,
    0x00, 0x00, 0x00, 0x00, 0x00, 0x00, 0x00, 0x00, 0x00, 0x00, 0x00, 0x00,
    0x00, 0x00, 0x00, 0x00, 0x00, 0x00, 0x00, 0x00, 0x00, 0x00, 0x00, 0x00,
    0x00, 0x00, 0x00, 0x00, 0x00, 0x00, 0x00, 0x00, 0x00, 0x00, 0x00, 0x00,
    0x00, 0x00, 0x00, 0x00, 0x00, 0x00, 0x00, 0x00, 0x00, 0x00, 0x00, 0x00,
    0x00, 0x00, 0x00, 0x00, 0x00, 0x00, 0x00, 0x00, 0x00, 0x00, 0x00, 0x00,
    0x00, 0x00, 0x00, 0x00, 0x00, 0x00, 0x00, 0x00, 0x00, 0x00, 0x00, 0x00,
    0x00, 0x00, 0x00, 0x00, 0x00, 0x00, 0x00, 0x00, 0x00, 0x00, 0x00, 0x00,
    0x00, 0x00, 0x00, 0x00, 0x00, 0x00, 0x00, 0x00, 0x00, 0x00, 0x00, 0x00,
    0x00, 0x00, 0x00, 0x00, 0x00, 0x00, 0x00, 0x00, 0x00, 0x00, 0x00, 0x00,
    0x00, 0x00, 0x00, 0x00, 0x00, 0x00, 0x00, 0x00, 0x00, 0x00, 0x00, 0x00,
    0x00, 0x00, 0x00, 0x00, 0x00, 0x00, 0x00, 0x00, 0x00, 0x00, 0x00, 0x00,
    0x00, 0x00, 0x00, 0x00, 0x00, 0x00, 0x00, 0x00, 0x00, 0x00, 0x00, 0x00,
    0x00, 0x00, 0x00, 0x00, 0x00, 0x00, 0x00, 0x00, 0x00, 0x00, 0x00, 0x00,
    0x00, 0x00, 0x00, 0x00, 0x00, 0x00, 0x00, 0x00, 0x00, 0x00, 0x00, 0x00,
    0x00, 0x00, 0x00, 0x00, 0x00, 0x00, 0x00, 0x00, 0x00, 0x00, 0x00, 0x00,
    0x00, 0x00, 0x00, 0x00, 0x00, 0x00, 0x00, 0x00, 0x00, 0x00, 0x00, 0x00,
    0x00, 0x00, 0x00, 0x00, 0x00, 0x00, 0x00, 0x00, 0x00, 0x00, 0x00, 0x00,
    0x00, 0x00, 0x00, 0x00, 0x00, 0x00, 0x00, 0x00, 0x00, 0x00, 0x00, 0x00,
    0x00, 0x00, 0x00, 0x00, 0x00, 0x00, 0x00, 0x00, 0x00, 0x00, 0x00, 0x00,
    0x00, 0x00, 0x00, 0x00, 0x00, 0x00, 0x00, 0x00, 0x00, 0x00, 0x00, 0x00,
    0x00, 0x00, 0x00, 0x00, 0x00, 0x00, 0x00, 0x00, 0x00, 0x00, 0x00, 0x00,
    0x00, 0x00, 0x00, 0x00, 0x00, 0x00, 0x00, 0x00, 0x00, 0x00, 0x00, 0x00,
    0x00, 0x00, 0x00, 0x00, 0x00, 0x00, 0x00, 0x00, 0x00, 0x00, 0x00, 0x00,
    0x00, 0x00, 0x00, 0x00, 0x00, 0x00, 0x00, 0x00, 0x00, 0x00, 0x00, 0x00,
    0x00, 0x00, 0x00, 0x00, 0x00, 0x00, 0x00, 0x00, 0x00, 0x00, 0x00, 0x00,
    0x00, 0x00, 0x00, 0x00, 0x00, 0x00, 0x00, 0x00, 0x00, 0x00, 0x00, 0x00,
    0x00, 0x00, 0x00, 0x00, 0x00, 0x00, 0x00, 0x00, 0x00, 0x00, 0x00, 0x00,
    0x00, 0x00, 0x00, 0x00, 0x00, 0x00, 0x00, 0x00, 0x00, 0x00, 0x00, 0x00,
    0x00, 0x00, 0x00, 0x00, 0x00, 0x00, 0x00, 0x00, 0x00, 0x00, 0x00, 0x00,
    0x00, 0x00, 0x00, 0x00, 0x00, 0x00, 0x00, 0x00, 0x00, 0x00, 0x00, 0x00,
    0x00, 0x00, 0x00, 0x00, 0x00, 0x00, 0x00, 0x00, 0x00, 0x00, 0x00, 0x00,
    0x00, 0x00, 0x00, 0x00, 0x00, 0x00, 0x00, 0x00, 0x00, 0x00, 0x00, 0x00,
    0x00, 0x00, 0x00, 0x00, 0x00, 0x00, 0x00, 0x00, 0x00, 0x00, 0x00, 0x00,
    0x00, 0x00, 0x00, 0x00, 0x00, 0x00, 0x00, 0x00, 0x00, 0x00, 0x00, 0x00,
    0x00, 0x00, 0x00, 0x00, 0x00, 0x00, 0x00, 0x00, 0x00, 0x00, 0x00, 0x00,
    0x00, 0x00, 0x00, 0x00, 0x00, 0x00, 0x00, 0x00, 0x00, 0x00, 0x00, 0x00,
    0x00, 0x00, 0x00, 0x00, 0x00, 0x00, 0x00, 0x00, 0x00, 0x00, 0x00, 0x00,
    0x00, 0x00, 0x00, 0x00, 0x00, 0x00, 0x00, 0x00, 0x00, 0x00, 0x00, 0x00,
    0x00, 0x00, 0x00, 0x00, 0x00, 0x00, 0x00, 0x00, 0x00, 0x00, 0x00, 0x00,
    0x00, 0x00, 0x00, 0x00, 0x00, 0x00, 0x00, 0x00, 0x00, 0x00, 0x00, 0x00,
    0x00, 0x00, 0x00, 0x00, 0x00, 0x00, 0x00, 0x00, 0x00, 0x00, 0x00, 0x00,
    0x00, 0x00, 0x00, 0x00, 0x00, 0x00, 0x00, 0x00, 0x00, 0x00, 0x00, 0x00,
    0x00, 0x00, 0x00, 0x00, 0x00, 0x00, 0x00, 0x00, 0x00, 0x00, 0x00, 0x00,
    0x00, 0x00, 0x00, 0x00, 0x00, 0x00, 0x00, 0x00, 0x00, 0x00, 0x00, 0x00,
    0x00, 0x00, 0x00, 0x00, 0x00, 0x00, 0x00, 0x00, 0x00, 0x00, 0x00, 0x00,
    0x00, 0x00, 0x00, 0x00, 0x00, 0x00, 0x00, 0x00, 0x00, 0x00, 0x00, 0x00,
    0x00, 0x00, 0x00, 0x00, 0x00, 0x00, 0x00, 0x00, 0x00, 0x00, 0x00, 0x00,
    0x00, 0x00, 0x00, 0x00, 0x00, 0x00, 0x00, 0x00, 0x00, 0x00, 0x00, 0x00,
    0x00, 0x00, 0x00, 0x00, 0x00, 0x00, 0x00, 0x00, 0x00, 0x00, 0x00, 0x00,
    0x00, 0x00, 0x00, 0x00, 0x00, 0x00, 0x00, 0x00, 0x00, 0x00, 0x00, 0x00,
    0x00, 0x00, 0x00, 0x00, 0x00, 0x00, 0x00, 0x00, 0x00, 0x00, 0x00, 0x00,
    0x00, 0x00, 0x00, 0x00, 0x00, 0x00, 0x00, 0x00, 0x00, 0x00, 0x00, 0x00,
    0x00, 0x00, 0x00, 0x00, 0x00, 0x00, 0x00, 0x00, 0x00, 0x00, 0x00, 0x00,
    0x00, 0x00, 0x00, 0x00, 0x00, 0x00, 0x00, 0x00, 0x00, 0x00, 0x00, 0x00,
    0x00, 0x00, 0x00, 0x00, 0x00, 0x00, 0x00, 0x00, 0x00, 0x00, 0x00, 0x00,
    0x00, 0x00, 0x00, 0x00, 0x00, 0x00, 0x00, 0x00, 0x00, 0x00, 0x00, 0x00,
    0x00, 0x00, 0x00, 0x00, 0x00, 0x00, 0x00, 0x00, 0x00, 0x00, 0x00, 0x00,
    0x00, 0x00, 0x00, 0x00, 0x00, 0x00, 0x00, 0x00, 0x00, 0x00, 0x00, 0x00,
    0x00, 0x00, 0x00, 0x00, 0x00, 0x00, 0x00, 0x00, 0x00, 0x00, 0x00, 0x00,
    0x00, 0x00, 0x00, 0x00, 0x00, 0x00, 0x00, 0x00, 0x00, 0x00, 0x00, 0x00,
    0x00, 0x00, 0x00, 0x00, 0x00, 0x00, 0x00, 0x00, 0x00, 0x00, 0x00, 0x00,
    0x00, 0x00, 0x00, 0x00, 0x00, 0x00, 0x00, 0x00, 0x00, 0x00, 0x00, 0x00,
    0x00, 0x00, 0x00, 0x00, 0x00, 0x00, 0x00, 0x00, 0x00, 0x00, 0x00, 0x00,
    0x00, 0x00, 0x00, 0x00, 0x00, 0x00, 0x00, 0x00, 0x00, 0x00, 0x00, 0x00,
    0x00, 0x00, 0x00, 0x00, 0x00, 0x00, 0x00, 0x00, 0x00, 0x00, 0x00, 0x00,
    0x00, 0x00, 0x00, 0x00, 0x00, 0x00, 0x00, 0x00, 0x00, 0x00, 0x00, 0x00,
    0x00, 0x00, 0x00, 0x00, 0x00, 0x00, 0x00, 0x00, 0x00, 0x00, 0x00, 0x00,
    0x00, 0x00, 0x00, 0x00, 0x00, 0x00, 0x00, 0x00, 0x00, 0x00, 0x00, 0x00,
    0x00, 0x00, 0x00, 0x00, 0x00, 0x00, 0x00, 0x00, 0x00, 0x00, 0x00, 0x00,
    0x00, 0x00, 0x00, 0x00, 0x00, 0x00, 0x00, 0x00, 0x00, 0x00, 0x00, 0x00,
    0x00, 0x00, 0x00, 0x00, 0x00, 0x00, 0x00, 0x00, 0x00, 0x00, 0x00, 0x00,
    0x00, 0x00, 0x00, 0x00, 0x00, 0x00, 0x00, 0x00, 0x00, 0x00, 0x00, 0x00,
    0x00, 0x00, 0x00, 0x00, 0x00, 0x00, 0x00, 0x00, 0x00, 0x00, 0x00, 0x00,
    0x00, 0x00, 0x00, 0x00, 0x00, 0x00, 0x00, 0x00, 0x00, 0x00, 0x00, 0x00,
    0x00, 0x00, 0x00, 0x00, 0x00, 0x00, 0x00, 0x00, 0x00, 0x00, 0x00, 0x00,
    0x00, 0x00, 0x00, 0x00, 0x00, 0x00, 0x00, 0x00, 0x00, 0x00, 0x00, 0x00,
    0x00, 0x00, 0x00, 0x00, 0x00, 0x00, 0x00, 0x00, 0x00, 0x00, 0x00, 0x00,
    0x00, 0x00, 0x00, 0x00, 0x00, 0x00, 0x00, 0x00, 0x00, 0x00, 0x00, 0x00,
    0x00, 0x00, 0x00, 0x00, 0x00, 0x00, 0x00, 0x00, 0x00, 0x00, 0x00, 0x00,
    0x00, 0x00, 0x00, 0x00, 0x00, 0x00, 0x00, 0x00, 0x00, 0x00, 0x00, 0x00,
    0x00, 0x00, 0x00, 0x00, 0x00, 0x00, 0x00, 0x00, 0x00, 0x00, 0x00, 0x00,
    0x00, 0x00, 0x00, 0x00, 0x00, 0x00, 0x00, 0x00, 0x00, 0x00, 0x00, 0x00,
    0x00, 0x00, 0x00, 0x00, 0x00, 0x00, 0x00, 0x00, 0x00, 0x00, 0x00, 0x00,
    0x00, 0x00, 0x00, 0x00, 0x00, 0x00, 0x00, 0x00,
};

#endif /* FUJICONFIGROM_H */
